/* orbitron_font.cpp */

#include <stddef.h>
#include <stdint.h>

alignas(size_t) extern const uint8_t orbitron_font[] = {
    0x00, 0x01, 0x00, 0x00, 0x00, 0x10, 0x01, 0x00, 0x00, 0x04, 0x00, 0x00, 0x47, 0x44, 0x45, 0x46,
    0x05, 0xA8, 0x05, 0xC8, 0x00, 0x00, 0x02, 0x24, 0x00, 0x00, 0x00, 0x82, 0x47, 0x50, 0x4F, 0x53,
    0xF3, 0xCA, 0x06, 0xA1, 0x00, 0x00, 0x18, 0xAC, 0x00, 0x00, 0x09, 0xE8, 0x47, 0x53, 0x55, 0x42,
    0x48, 0xE5, 0x01, 0xAE, 0x00, 0x00, 0x07, 0x68, 0x00, 0x00, 0x02, 0xEA, 0x4F, 0x53, 0x2F, 0x32,
    0x62, 0x24, 0xCC, 0x4E, 0x00, 0x00, 0x01, 0xC4, 0x00, 0x00, 0x00, 0x60, 0x53, 0x54, 0x41, 0x54,
    0x79, 0x95, 0x6C, 0x11, 0x00, 0x00, 0x01, 0x60, 0x00, 0x00, 0x00, 0x2A, 0x63, 0x6D, 0x61, 0x70,
    0xD3, 0xC1, 0x7C, 0x8B, 0x00, 0x00, 0x04, 0xC0, 0x00, 0x00, 0x02, 0xA6, 0x67, 0x61, 0x73, 0x70,
    0x00, 0x00, 0x00, 0x10, 0x00, 0x00, 0x01, 0x14, 0x00, 0x00, 0x00, 0x08, 0x67, 0x6C, 0x79, 0x66,
    0xBA, 0xB8, 0xF9, 0x01, 0x00, 0x00, 0x22, 0x94, 0x00, 0x00, 0x38, 0xCA, 0x68, 0x65, 0x61, 0x64,
    0x0A, 0x81, 0xA4, 0xCB, 0x00, 0x00, 0x01, 0x8C, 0x00, 0x00, 0x00, 0x36, 0x68, 0x68, 0x65, 0x61,
    0x08, 0x3D, 0x03, 0x5D, 0x00, 0x00, 0x01, 0x3C, 0x00, 0x00, 0x00, 0x24, 0x68, 0x6D, 0x74, 0x78,
    0x9E, 0x96, 0x27, 0xEA, 0x00, 0x00, 0x0A, 0x54, 0x00, 0x00, 0x04, 0x24, 0x6C, 0x6F, 0x63, 0x61,
    0x3E, 0x81, 0x2F, 0xE5, 0x00, 0x00, 0x02, 0xA8, 0x00, 0x00, 0x02, 0x16, 0x6D, 0x61, 0x78, 0x70,
    0x01, 0x16, 0x00, 0x98, 0x00, 0x00, 0x01, 0x1C, 0x00, 0x00, 0x00, 0x20, 0x6E, 0x61, 0x6D, 0x65,
    0xAB, 0x23, 0xE6, 0x0A, 0x00, 0x00, 0x12, 0xB4, 0x00, 0x00, 0x05, 0xF8, 0x70, 0x6F, 0x73, 0x74,
    0xF5, 0xED, 0x6A, 0xBF, 0x00, 0x00, 0x0E, 0x78, 0x00, 0x00, 0x04, 0x3B, 0x70, 0x72, 0x65, 0x70,
    0x68, 0x06, 0x8C, 0x85, 0x00, 0x00, 0x01, 0x0C, 0x00, 0x00, 0x00, 0x07, 0xB8, 0x01, 0xFF, 0x85,
    0xB0, 0x04, 0x8D, 0x00, 0x00, 0x01, 0x00, 0x01, 0xFF, 0xFF, 0x00, 0x0F, 0x00, 0x01, 0x00, 0x00,
    0x01, 0x0A, 0x00, 0x53, 0x00, 0x05, 0x00, 0x43, 0x00, 0x04, 0x00, 0x01, 0x00, 0x00, 0x00, 0x00,
    0x00, 0x00, 0x00, 0x00, 0x00, 0x00, 0x00, 0x00, 0x00, 0x02, 0x00, 0x01, 0x00, 0x01, 0x00, 0x00,
    0x03, 0xF3, 0xFF, 0x0D, 0x00, 0x00, 0x05, 0x5F, 0xFF, 0x44, 0xFD, 0xE8, 0x05, 0x03, 0x00, 0x01,
    0x00, 0x00, 0x00, 0x00, 0x00, 0x00, 0x00, 0x00, 0x00, 0x00, 0x00, 0x00, 0x00, 0x00, 0x01, 0x08,
    0x00, 0x01, 0x00, 0x01, 0x00, 0x08, 0x00, 0x01, 0x00, 0x00, 0x00, 0x14, 0x00, 0x01, 0x00, 0x00,
    0x00, 0x1C, 0x00, 0x02, 0x77, 0x67, 0x68, 0x74, 0x01, 0x00, 0x00, 0x00, 0x00, 0x02, 0x00, 0x01,
    0x00, 0x00, 0x00, 0x00, 0x01, 0x06, 0x03, 0x84, 0x00, 0x00, 0x00, 0x00, 0x00, 0x01, 0x00, 0x00,
    0x00, 0x02, 0x00, 0x42, 0x57, 0x61, 0x99, 0xBE, 0x5F, 0x0F, 0x3C, 0xF5, 0x00, 0x03, 0x03, 0xE8,
    0x00, 0x00, 0x00, 0x00, 0xCA, 0x03, 0x0D, 0x31, 0x00, 0x00, 0x00, 0x00, 0xDD, 0x1F, 0x53, 0x93,
    0xFF, 0x44, 0xFF, 0x06, 0x05, 0x03, 0x03, 0xDC, 0x00, 0x00, 0x00, 0x06, 0x00, 0x02, 0x00, 0x00,
    0x00, 0x00, 0x00, 0x00, 0x00, 0x04, 0x02, 0xA2, 0x03, 0x84, 0x00, 0x05, 0x00, 0x00, 0x02, 0x8A,
    0x02, 0x58, 0x00, 0x00, 0x00, 0x4B, 0x02, 0x8A, 0x02, 0x58, 0x00, 0x00, 0x01, 0x5E, 0x00, 0x32,
    0x01, 0x5C, 0x00, 0x00, 0x00, 0x00, 0x00, 0x00, 0x00, 0x00, 0x00, 0x00, 0x00, 0x00, 0x80, 0x00,
    0x00, 0x67, 0x10, 0x00, 0x00, 0x42, 0x00, 0x00, 0x00, 0x00, 0x00, 0x00, 0x00, 0x00, 0x4E, 0x4F,
    0x4E, 0x45, 0x00, 0xC0, 0x00, 0x20, 0xE0, 0x0C, 0x03, 0xF3, 0xFF, 0x0D, 0x00, 0x00, 0x03, 0xF3,
    0x00, 0xF3, 0x00, 0x00, 0x00, 0x01, 0x00, 0x00, 0x00, 0x00, 0x02, 0x44, 0x02, 0xD0, 0x00, 0x00,
    0x00, 0x20, 0x00, 0x02, 0x00, 0x01, 0x00, 0x00, 0x00, 0x0C, 0x00, 0x00, 0x00, 0x00, 0x00, 0x00,
    0x00, 0x02, 0x00, 0x13, 0x00, 0x01, 0x00, 0x07, 0x00, 0x01, 0x00, 0x0A, 0x00, 0x0B, 0x00, 0x01,
    0x00, 0x0D, 0x00, 0x11, 0x00, 0x01, 0x00, 0x15, 0x00, 0x19, 0x00, 0x01, 0x00, 0x1E, 0x00, 0x25,
    0x00, 0x01, 0x00, 0x28, 0x00, 0x28, 0x00, 0x01, 0x00, 0x2A, 0x00, 0x2B, 0x00, 0x01, 0x00, 0x2D,
    0x00, 0x31, 0x00, 0x01, 0x00, 0x35, 0x00, 0x39, 0x00, 0x01, 0x00, 0x41, 0x00, 0x42, 0x00, 0x01,
    0x00, 0x4F, 0x00, 0x55, 0x00, 0x01, 0x00, 0x58, 0x00, 0x59, 0x00, 0x01, 0x00, 0x5B, 0x00, 0x5F,
    0x00, 0x01, 0x00, 0x64, 0x00, 0x68, 0x00, 0x01, 0x00, 0x6D, 0x00, 0x74, 0x00, 0x01, 0x00, 0x79,
    0x00, 0x7A, 0x00, 0x01, 0x00, 0x7D, 0x00, 0x81, 0x00, 0x01, 0x00, 0x85, 0x00, 0x89, 0x00, 0x01,
    0x00, 0xEB, 0x00, 0xF3, 0x00, 0x03, 0x00, 0x00, 0x00, 0x00, 0x00, 0x16, 0x00, 0x3D, 0x00, 0x49,
    0x00, 0x55, 0x00, 0x61, 0x00, 0x6D, 0x00, 0x79, 0x00, 0x85, 0x00, 0xB0, 0x00, 0xEB, 0x01, 0x0E,
    0x01, 0x19, 0x01, 0x3E, 0x01, 0x54, 0x01, 0x60, 0x01, 0x6C, 0x01, 0x78, 0x01, 0x84, 0x01, 0x98,
    0x01, 0xCB, 0x01, 0xE2, 0x01, 0xEE, 0x01, 0xFA, 0x02, 0x06, 0x02, 0x12, 0x02, 0x1E, 0x02, 0x3C,
    0x02, 0x59, 0x02, 0x68, 0x02, 0x81, 0x02, 0x97, 0x02, 0xA3, 0x02, 0xD2, 0x02, 0xDE, 0x02, 0xEA,
    0x02, 0xF6, 0x03, 0x02, 0x03, 0x0E, 0x03, 0x3D, 0x03, 0x63, 0x03, 0x9A, 0x03, 0xC8, 0x04, 0x09,
    0x04, 0x15, 0x04, 0x28, 0x04, 0x48, 0x04, 0x54, 0x04, 0x60, 0x04, 0x6C, 0x04, 0x78, 0x04, 0x8D,
    0x04, 0xAB, 0x04, 0xCB, 0x04, 0xE2, 0x04, 0xEE, 0x04, 0xFA, 0x05, 0x10, 0x05, 0x1C, 0x05, 0x35,
    0x05, 0x68, 0x05, 0x7F, 0x05, 0x95, 0x05, 0xBD, 0x05, 0xDD, 0x05, 0xF6, 0x06, 0x2E, 0x06, 0x64,
    0x06, 0x98, 0x06, 0xC8, 0x06, 0xDC, 0x06, 0xFA, 0x07, 0x30, 0x07, 0x56, 0x07, 0x86, 0x07, 0x9F,
    0x07, 0xB3, 0x07, 0xD2, 0x07, 0xEC, 0x08, 0x0D, 0x08, 0x33, 0x08, 0x3F, 0x08, 0x4B, 0x08, 0x57,
    0x08, 0x63, 0x08, 0x6F, 0x08, 0x7B, 0x08, 0xB1, 0x08, 0xD9, 0x08, 0xF9, 0x09, 0x04, 0x09, 0x2C,
    0x09, 0x59, 0x09, 0x65, 0x09, 0x71, 0x09, 0x7D, 0x09, 0x89, 0x09, 0xA2, 0x09, 0xD9, 0x09, 0xF6,
    0x0A, 0x09, 0x0A, 0x16, 0x0A, 0x21, 0x0A, 0x2C, 0x0A, 0x37, 0x0A, 0x42, 0x0A, 0x5E, 0x0A, 0x78,
    0x0A, 0x8E, 0x0A, 0xB0, 0x0A, 0xCB, 0x0A, 0xD7, 0x0B, 0x07, 0x0B, 0x13, 0x0B, 0x1F, 0x0B, 0x2B,
    0x0B, 0x37, 0x0B, 0x43, 0x0B, 0x7F, 0x0B, 0xA7, 0x0B, 0xD1, 0x0B, 0xE7, 0x0C, 0x29, 0x0C, 0x35,
    0x0C, 0x6C, 0x0C, 0x86, 0x0C, 0xA6, 0x0C, 0xB2, 0x0C, 0xBE, 0x0C, 0xCA, 0x0C, 0xD6, 0x0C, 0xEA,
    0x0D, 0x07, 0x0D, 0x23, 0x0D, 0x49, 0x0D, 0x55, 0x0D, 0x61, 0x0D, 0x77, 0x0D, 0x83, 0x0D, 0xAD,
    0x0D, 0xCF, 0x0D, 0xE9, 0x0E, 0x0C, 0x0E, 0x39, 0x0E, 0x6A, 0x0E, 0x90, 0x0E, 0xCA, 0x0E, 0xEA,
    0x0F, 0x10, 0x0F, 0x27, 0x0F, 0x3B, 0x0F, 0x6F, 0x0F, 0x85, 0x0F, 0x92, 0x0F, 0xB1, 0x0F, 0xCA,
    0x0F, 0xD9, 0x0F, 0xF3, 0x10, 0x0A, 0x10, 0x3A, 0x10, 0x61, 0x10, 0x98, 0x10, 0xC4, 0x11, 0x06,
    0x11, 0x17, 0x11, 0x37, 0x11, 0x4B, 0x11, 0x68, 0x11, 0x84, 0x11, 0x99, 0x11, 0xAF, 0x11, 0xE2,
    0x11, 0xF3, 0x12, 0x27, 0x12, 0x68, 0x12, 0x84, 0x12, 0xB4, 0x12, 0xE9, 0x13, 0x00, 0x13, 0x4C,
    0x13, 0x87, 0x13, 0xB3, 0x13, 0xCF, 0x13, 0xE3, 0x14, 0x11, 0x14, 0x1D, 0x14, 0x2E, 0x14, 0x41,
    0x14, 0x58, 0x14, 0x6F, 0x14, 0x82, 0x14, 0x95, 0x14, 0xC2, 0x14, 0xEF, 0x15, 0x04, 0x15, 0x21,
    0x15, 0x51, 0x15, 0x62, 0x15, 0x73, 0x15, 0xA7, 0x15, 0xC5, 0x15, 0xE3, 0x16, 0x09, 0x16, 0x2F,
    0x16, 0x40, 0x16, 0x51, 0x16, 0x5E, 0x16, 0x6B, 0x16, 0x78, 0x16, 0x85, 0x16, 0xA2, 0x16, 0xBE,
    0x16, 0xD0, 0x16, 0xE1, 0x16, 0xF4, 0x17, 0x01, 0x17, 0x01, 0x17, 0x01, 0x17, 0x33, 0x17, 0x61,
    0x17, 0xB7, 0x17, 0xE2, 0x17, 0xF6, 0x18, 0x03, 0x18, 0x1F, 0x18, 0x39, 0x18, 0x4D, 0x18, 0x5E,
    0x18, 0x71, 0x18, 0x90, 0x18, 0xFF, 0x19, 0x47, 0x19, 0x8E, 0x19, 0xBB, 0x19, 0xE8, 0x19, 0xF5,
    0x1A, 0x08, 0x1A, 0x14, 0x1A, 0x22, 0x1A, 0x30, 0x1A, 0x42, 0x1A, 0x54, 0x1A, 0x7A, 0x1A, 0x93,
    0x1A, 0xA0, 0x1A, 0xA9, 0x1A, 0xB2, 0x1A, 0xBB, 0x1A, 0xC3, 0x1A, 0xCC, 0x1A, 0xD5, 0x1A, 0xF0,
    0x1A, 0xF8, 0x1B, 0x01, 0x1B, 0x0E, 0x1B, 0x17, 0x1B, 0x23, 0x1B, 0x37, 0x1B, 0x67, 0x1B, 0x93,
    0x1B, 0xC6, 0x1B, 0xE2, 0x1C, 0x01, 0x1C, 0x1F, 0x1C, 0x33, 0x1C, 0x4C, 0x1C, 0x65, 0x00, 0x00,
    0x00, 0x00, 0x00, 0x02, 0x00, 0x00, 0x00, 0x03, 0x00, 0x00, 0x00, 0x14, 0x00, 0x03, 0x00, 0x01,
    0x00, 0x00, 0x00, 0x14, 0x00, 0x04, 0x02, 0x92, 0x00, 0x00, 0x00, 0x4E, 0x00, 0x40, 0x00, 0x05,
    0x00, 0x0E, 0x00, 0x2F, 0x00, 0x39, 0x00, 0x5D, 0x00, 0x7E, 0x00, 0xA3, 0x00, 0xA8, 0x00, 0xB0,
    0x00, 0xB4, 0x00, 0xB6, 0x00, 0xB8, 0x00, 0xCF, 0x00, 0xD7, 0x00, 0xDD, 0x00, 0xEF, 0x00, 0xF7,
    0x00, 0xFD, 0x00, 0xFF, 0x01, 0x31, 0x01, 0x53, 0x01, 0x61, 0x01, 0x78, 0x01, 0x7E, 0x02, 0xC7,
    0x02, 0xDC, 0x03, 0x03, 0x03, 0x08, 0x03, 0x0A, 0x03, 0x0C, 0x03, 0x27, 0x20, 0x14, 0x20, 0x19,
    0x20, 0x1D, 0x20, 0x22, 0x20, 0x26, 0x20, 0xAC, 0x22, 0x12, 0xE0, 0x03, 0xE0, 0x0C, 0xFF, 0xFF,
    0x00, 0x00, 0x00, 0x20, 0x00, 0x30, 0x00, 0x3A, 0x00, 0x5F, 0x00, 0xA0, 0x00, 0xA8, 0x00, 0xAF,
    0x00, 0xB4, 0x00, 0xB6, 0x00, 0xB8, 0x00, 0xBF, 0x00, 0xD1, 0x00, 0xD9, 0x00, 0xDF, 0x00, 0xF1,
    0x00, 0xF9, 0x00, 0xFF, 0x01, 0x31, 0x01, 0x52, 0x01, 0x60, 0x01, 0x78, 0x01, 0x7D, 0x02, 0xC6,
    0x02, 0xD8, 0x03, 0x00, 0x03, 0x07, 0x03, 0x0A, 0x03, 0x0C, 0x03, 0x27, 0x20, 0x13, 0x20, 0x18,
    0x20, 0x1C, 0x20, 0x22, 0x20, 0x26, 0x20, 0xAC, 0x22, 0x12, 0xE0, 0x02, 0xE0, 0x05, 0xFF, 0xFF,
    0x00, 0x00, 0x00, 0x7A, 0x00, 0x00, 0x00, 0x00, 0x00, 0x00, 0x00, 0x4C, 0x00, 0x00, 0x00, 0x43,
    0x00, 0x32, 0x00, 0x46, 0x00, 0x00, 0x00, 0x00, 0x00, 0x00, 0x00, 0x00, 0x00, 0x00, 0x00, 0x00,
    0xFF, 0x88, 0xFF, 0x33, 0x00, 0x00, 0x00, 0x00, 0xFE, 0xBF, 0x00, 0x00, 0xFE, 0x32, 0x00, 0x00,
    0x00, 0x00, 0x00, 0x00, 0xFD, 0xE7, 0xFD, 0xE4, 0xFD, 0xCC, 0xE0, 0xBB, 0xE0, 0xBB, 0xE0, 0xB5,
    0xE0, 0x9F, 0xE0, 0x96, 0xE0, 0x2D, 0xDE, 0xCC, 0x20, 0xFE, 0x20, 0xFD, 0x00, 0x01, 0x00, 0x4E,
    0x00, 0x00, 0x00, 0x6A, 0x00, 0xB0, 0x00, 0xEE, 0x00, 0x00, 0x00, 0xF2, 0x00, 0x00, 0x00, 0x00,
    0x00, 0x00, 0x00, 0xEE, 0x01, 0x0E, 0x01, 0x1A, 0x01, 0x22, 0x01, 0x42, 0x01, 0x4E, 0x00, 0x00,
    0x00, 0x00, 0x01, 0x52, 0x01, 0x54, 0x00, 0x00, 0x01, 0x54, 0x00, 0x00, 0x01, 0x54, 0x01, 0x5C,
    0x01, 0x62, 0x00, 0x00, 0x00, 0x00, 0x00, 0x00, 0x00, 0x00, 0x00, 0x00, 0x00, 0x00, 0x00, 0x00,
    0x00, 0x00, 0x00, 0x00, 0x00, 0x00, 0x00, 0x00, 0x00, 0x00, 0x00, 0x00, 0x00, 0xD7, 0x00, 0xBD,
    0x00, 0xD5, 0x00, 0xC3, 0x00, 0xDB, 0x00, 0xE5, 0x00, 0xE7, 0x00, 0xD6, 0x00, 0xC7, 0x00, 0xC8,
    0x00, 0xC2, 0x00, 0xDD, 0x00, 0xB9, 0x00, 0xCD, 0x00, 0xB8, 0x00, 0xC4, 0x00, 0xBA, 0x00, 0xBB,
    0x00, 0xE3, 0x00, 0xE1, 0x00, 0xE2, 0x00, 0xBF, 0x00, 0xE6, 0x00, 0x01, 0x00, 0x09, 0x00, 0x0A,
    0x00, 0x0C, 0x00, 0x0D, 0x00, 0x12, 0x00, 0x13, 0x00, 0x14, 0x00, 0x15, 0x00, 0x1A, 0x00, 0x1B,
    0x00, 0x1C, 0x00, 0x1D, 0x00, 0x1E, 0x00, 0x20, 0x00, 0x27, 0x00, 0x28, 0x00, 0x29, 0x00, 0x2A,
    0x00, 0x2C, 0x00, 0x2D, 0x00, 0x32, 0x00, 0x33, 0x00, 0x34, 0x00, 0x35, 0x00, 0x38, 0x00, 0xCB,
    0x00, 0xC5, 0x00, 0xCC, 0x00, 0xD0, 0x00, 0xF6, 0x00, 0x4F, 0x00, 0x57, 0x00, 0x58, 0x00, 0x5A,
    0x00, 0x5B, 0x00, 0x60, 0x00, 0x61, 0x00, 0x62, 0x00, 0x63, 0x00, 0x69, 0x00, 0x6A, 0x00, 0x6B,
    0x00, 0x6C, 0x00, 0x6D, 0x00, 0x6F, 0x00, 0x76, 0x00, 0x77, 0x00, 0x78, 0x00, 0x79, 0x00, 0x7C,
    0x00, 0x7D, 0x00, 0x82, 0x00, 0x83, 0x00, 0x84, 0x00, 0x85, 0x00, 0x88, 0x00, 0xC9, 0x00, 0xEA,
    0x00, 0xCA, 0x00, 0xE4, 0x00, 0xD8, 0x00, 0xBE, 0x00, 0xDA, 0x00, 0xDC, 0x00, 0xFD, 0x00, 0xE9,
    0x00, 0xC0, 0x00, 0x05, 0x00, 0x02, 0x00, 0x03, 0x00, 0x07, 0x00, 0x04, 0x00, 0x06, 0x00, 0x08,
    0x00, 0x0B, 0x00, 0x11, 0x00, 0x0E, 0x00, 0x0F, 0x00, 0x10, 0x00, 0x19, 0x00, 0x16, 0x00, 0x17,
    0x00, 0x18, 0x00, 0x1F, 0x00, 0x24, 0x00, 0x21, 0x00, 0x22, 0x00, 0x25, 0x00, 0x23, 0x00, 0xDF,
    0x00, 0x31, 0x00, 0x2E, 0x00, 0x2F, 0x00, 0x30, 0x00, 0x36, 0x00, 0x7B, 0x00, 0x53, 0x00, 0x50,
    0x00, 0x51, 0x00, 0x55, 0x00, 0x52, 0x00, 0x54, 0x00, 0x56, 0x00, 0x59, 0x00, 0x5F, 0x00, 0x5C,
    0x00, 0x5D, 0x00, 0x5E, 0x00, 0x68, 0x00, 0x65, 0x00, 0x66, 0x00, 0x67, 0x00, 0x6E, 0x00, 0x73,
    0x00, 0x70, 0x00, 0x71, 0x00, 0x74, 0x00, 0x72, 0x00, 0xE0, 0x00, 0x81, 0x00, 0x7E, 0x00, 0x7F,
    0x00, 0x80, 0x00, 0x86, 0x00, 0x26, 0x00, 0x75, 0x00, 0x2B, 0x00, 0x7A, 0x00, 0x39, 0x00, 0x89,
    0x00, 0xFA, 0x00, 0xF5, 0x00, 0xFB, 0x00, 0xFF, 0x00, 0xFC, 0x00, 0xED, 0x00, 0xEE, 0x00, 0xEF,
    0x00, 0xF2, 0x00, 0xEC, 0x00, 0xEB, 0x00, 0x00, 0x00, 0x01, 0x00, 0x00, 0x00, 0x0A, 0x00, 0x3C,
    0x00, 0x88, 0x00, 0x02, 0x44, 0x46, 0x4C, 0x54, 0x00, 0x24, 0x6C, 0x61, 0x74, 0x6E, 0x00, 0x0E,
    0x00, 0x04, 0x00, 0x00, 0x00, 0x00, 0xFF, 0xFF, 0x00, 0x06, 0x00, 0x00, 0x00, 0x01, 0x00, 0x02,
    0x00, 0x03, 0x00, 0x04, 0x00, 0x05, 0x00, 0x04, 0x00, 0x00, 0x00, 0x00, 0xFF, 0xFF, 0x00, 0x02,
    0x00, 0x00, 0x00, 0x02, 0x00, 0x06, 0x61, 0x61, 0x6C, 0x74, 0x00, 0x44, 0x73, 0x61, 0x6C, 0x74,
    0x00, 0x3E, 0x73, 0x6D, 0x63, 0x70, 0x00, 0x38, 0x73, 0x73, 0x30, 0x31, 0x00, 0x32, 0x73, 0x73,
    0x30, 0x32, 0x00, 0x2C, 0x73, 0x73, 0x30, 0x33, 0x00, 0x26, 0x00, 0x00, 0x00, 0x01, 0x00, 0x06,
    0x00, 0x00, 0x00, 0x01, 0x00, 0x05, 0x00, 0x00, 0x00, 0x01, 0x00, 0x04, 0x00, 0x00, 0x00, 0x01,
    0x00, 0x02, 0x00, 0x00, 0x00, 0x01, 0x00, 0x03, 0x00, 0x00, 0x00, 0x02, 0x00, 0x00, 0x00, 0x01,
    0x00, 0x07, 0x01, 0xB8, 0x01, 0x48, 0x00, 0xCE, 0x00, 0x64, 0x00, 0x46, 0x00, 0x32, 0x00, 0x10,
    0x00, 0x01, 0x00, 0x00, 0x00, 0x01, 0x00, 0x08, 0x00, 0x02, 0x00, 0x0E, 0x00, 0x04, 0x00, 0xB4,
    0x00, 0xB5, 0x00, 0xB6, 0x00, 0xB7, 0x00, 0x01, 0x00, 0x04, 0x00, 0xAC, 0x00, 0xAE, 0x00, 0xB1,
    0x00, 0xB3, 0x00, 0x01, 0x00, 0x00, 0x00, 0x01, 0x00, 0x08, 0x00, 0x02, 0x00, 0x20, 0x00, 0x03,
    0x00, 0x4A, 0x00, 0x4B, 0x00, 0x4C, 0x00, 0x01, 0x00, 0x00, 0x00, 0x01, 0x00, 0x08, 0x00, 0x02,
    0x00, 0x0C, 0x00, 0x03, 0x00, 0x3A, 0x00, 0x45, 0x00, 0x46, 0x00, 0x01, 0x00, 0x03, 0x00, 0x01,
    0x00, 0x32, 0x00, 0x33, 0x00, 0x01, 0x00, 0x00, 0x00, 0x01, 0x00, 0x08, 0x00, 0x02, 0x00, 0x32,
    0x00, 0x16, 0x00, 0x3B, 0x00, 0x3C, 0x00, 0x3D, 0x00, 0x3E, 0x00, 0x3F, 0x00, 0x40, 0x00, 0x41,
    0x00, 0x42, 0x00, 0x43, 0x00, 0x44, 0x00, 0x4D, 0x00, 0x4E, 0x00, 0x47, 0x00, 0x48, 0x00, 0x49,
    0x00, 0x8A, 0x00, 0x8B, 0x00, 0x8C, 0x00, 0x8D, 0x00, 0x8E, 0x00, 0x8F, 0x00, 0xC6, 0x00, 0x01,
    0x00, 0x16, 0x00, 0x0A, 0x00, 0x15, 0x00, 0x1A, 0x00, 0x1B, 0x00, 0x1D, 0x00, 0x1E, 0x00, 0x20,
    0x00, 0x28, 0x00, 0x29, 0x00, 0x2A, 0x00, 0x32, 0x00, 0x33, 0x00, 0x34, 0x00, 0x35, 0x00, 0x38,
    0x00, 0x4F, 0x00, 0x6A, 0x00, 0x82, 0x00, 0x83, 0x00, 0x84, 0x00, 0x88, 0x00, 0xBF, 0x00, 0x01,
    0x00, 0x00, 0x00, 0x01, 0x00, 0x08, 0x00, 0x02, 0x00, 0x3A, 0x00, 0x1A, 0x00, 0x90, 0x00, 0x91,
    0x00, 0x92, 0x00, 0x93, 0x00, 0x94, 0x00, 0x95, 0x00, 0x96, 0x00, 0x97, 0x00, 0x98, 0x00, 0x99,
    0x00, 0x9A, 0x00, 0x9B, 0x00, 0x9C, 0x00, 0x9D, 0x00, 0x9E, 0x00, 0x9F, 0x00, 0xA0, 0x00, 0xA1,
    0x00, 0xA2, 0x00, 0xA3, 0x00, 0xA4, 0x00, 0xA5, 0x00, 0xA6, 0x00, 0xA7, 0x00, 0xA8, 0x00, 0xA9,
    0x00, 0x01, 0x00, 0x1A, 0x00, 0x4F, 0x00, 0x57, 0x00, 0x58, 0x00, 0x5A, 0x00, 0x5B, 0x00, 0x60,
    0x00, 0x61, 0x00, 0x62, 0x00, 0x63, 0x00, 0x69, 0x00, 0x6A, 0x00, 0x6B, 0x00, 0x6C, 0x00, 0x6D,
    0x00, 0x6F, 0x00, 0x76, 0x00, 0x77, 0x00, 0x78, 0x00, 0x79, 0x00, 0x7C, 0x00, 0x7D, 0x00, 0x82,
    0x00, 0x83, 0x00, 0x84, 0x00, 0x85, 0x00, 0x88, 0x00, 0x03, 0x00, 0x00, 0x00, 0x01, 0x00, 0x08,
    0x00, 0x01, 0x00, 0x18, 0x00, 0x09, 0x00, 0x62, 0x00, 0x5A, 0x00, 0x52, 0x00, 0x4C, 0x00, 0x46,
    0x00, 0x40, 0x00, 0x3A, 0x00, 0x34, 0x00, 0x2E, 0x00, 0x01, 0x00, 0x09, 0x00, 0x01, 0x00, 0x32,
    0x00, 0x33, 0x00, 0x4F, 0x00, 0x6A, 0x00, 0x82, 0x00, 0x83, 0x00, 0x84, 0x00, 0x88, 0x00, 0x02,
    0x00, 0x8F, 0x00, 0xA9, 0x00, 0x02, 0x00, 0x8E, 0x00, 0xA7, 0x00, 0x02, 0x00, 0x8D, 0x00, 0xA6,
    0x00, 0x02, 0x00, 0x8C, 0x00, 0xA5, 0x00, 0x02, 0x00, 0x8B, 0x00, 0x9A, 0x00, 0x02, 0x00, 0x8A,
    0x00, 0x90, 0x00, 0x03, 0x00, 0x46, 0x00, 0x4C, 0x00, 0x4E, 0x00, 0x03, 0x00, 0x45, 0x00, 0x4B,
    0x00, 0x4D, 0x00, 0x02, 0x00, 0x3A, 0x00, 0x4A, 0x00, 0x01, 0x00, 0x00, 0x00, 0x01, 0x00, 0x08,
    0x00, 0x02, 0x00, 0x52, 0x00, 0x26, 0x00, 0x3B, 0x00, 0x3C, 0x00, 0x3D, 0x00, 0x3E, 0x00, 0x3F,
    0x00, 0x40, 0x00, 0x41, 0x00, 0x42, 0x00, 0x43, 0x00, 0x44, 0x00, 0x47, 0x00, 0x48, 0x00, 0x49,
    0x00, 0x91, 0x00, 0x92, 0x00, 0x93, 0x00, 0x94, 0x00, 0x95, 0x00, 0x96, 0x00, 0x97, 0x00, 0x98,
    0x00, 0x99, 0x00, 0x9B, 0x00, 0x9C, 0x00, 0x9D, 0x00, 0x9E, 0x00, 0x9F, 0x00, 0xA0, 0x00, 0xA1,
    0x00, 0xA2, 0x00, 0xA3, 0x00, 0xA4, 0x00, 0xA8, 0x00, 0xB4, 0x00, 0xB5, 0x00, 0xB6, 0x00, 0xB7,
    0x00, 0xC6, 0x00, 0x01, 0x00, 0x26, 0x00, 0x0A, 0x00, 0x15, 0x00, 0x1A, 0x00, 0x1B, 0x00, 0x1D,
    0x00, 0x1E, 0x00, 0x20, 0x00, 0x28, 0x00, 0x29, 0x00, 0x2A, 0x00, 0x34, 0x00, 0x35, 0x00, 0x38,
    0x00, 0x57, 0x00, 0x58, 0x00, 0x5A, 0x00, 0x5B, 0x00, 0x60, 0x00, 0x61, 0x00, 0x62, 0x00, 0x63,
    0x00, 0x69, 0x00, 0x6B, 0x00, 0x6C, 0x00, 0x6D, 0x00, 0x6F, 0x00, 0x76, 0x00, 0x77, 0x00, 0x78,
    0x00, 0x79, 0x00, 0x7C, 0x00, 0x7D, 0x00, 0x85, 0x00, 0xAC, 0x00, 0xAE, 0x00, 0xB1, 0x00, 0xB3,
    0x00, 0xBF, 0x00, 0x00, 0x01, 0xF4, 0x00, 0x14, 0x03, 0x44, 0x00, 0x3A, 0x03, 0x44, 0x00, 0x3A,
    0x03, 0x44, 0x00, 0x3A, 0x03, 0x44, 0x00, 0x3A, 0x03, 0x44, 0x00, 0x3A, 0x03, 0x44, 0x00, 0x3A,
    0x03, 0x44, 0x00, 0x3A, 0x05, 0x5F, 0x00, 0x36, 0x03, 0x40, 0x00, 0x3B, 0x03, 0x36, 0x00, 0x38,
    0x03, 0x36, 0x00, 0x38, 0x03, 0x42, 0x00, 0x3A, 0x02, 0xFE, 0x00, 0x3A, 0x02, 0xFE, 0x00, 0x3A,
    0x02, 0xFE, 0x00, 0x3A, 0x02, 0xFE, 0x00, 0x3A, 0x02, 0xFE, 0x00, 0x3A, 0x02, 0xD3, 0x00, 0x3A,
    0x03, 0x3E, 0x00, 0x38, 0x03, 0x53, 0x00, 0x39, 0x00, 0xD6, 0x00, 0x1F, 0x00, 0xD6, 0x00, 0x19,
    0x00, 0xD6, 0xFF, 0xCE, 0x00, 0xD6, 0xFF, 0xB6, 0x00, 0xD6, 0xFF, 0xF4, 0x03, 0x0C, 0x00, 0x04,
    0x03, 0x1D, 0x00, 0x39, 0x03, 0x0B, 0x00, 0x39, 0x03, 0xA0, 0x00, 0x38, 0x03, 0x40, 0x00, 0x38,
    0x03, 0x40, 0x00, 0x38, 0x03, 0x3C, 0x00, 0x36, 0x03, 0x3C, 0x00, 0x36, 0x03, 0x3C, 0x00, 0x36,
    0x03, 0x3C, 0x00, 0x36, 0x03, 0x3C, 0x00, 0x36, 0x03, 0x3C, 0x00, 0x36, 0x05, 0x5E, 0x00, 0x35,
    0x03, 0x17, 0x00, 0x38, 0x03, 0x74, 0x00, 0x36, 0x03, 0x39, 0x00, 0x38, 0x03, 0x3C, 0x00, 0x36,
    0x03, 0x3C, 0x00, 0x36, 0x02, 0xF7, 0x00, 0x14, 0x03, 0x3C, 0x00, 0x36, 0x03, 0x3C, 0x00, 0x36,
    0x03, 0x3C, 0x00, 0x36, 0x03, 0x3C, 0x00, 0x36, 0x03, 0x3C, 0x00, 0x36, 0x03, 0xEB, 0x00, 0x23,
    0x04, 0x9B, 0x00, 0x23, 0x03, 0x2C, 0x00, 0x2E, 0x03, 0x26, 0xFF, 0xF7, 0x03, 0x26, 0xFF, 0xF7,
    0x03, 0x26, 0xFF, 0xF7, 0x03, 0x35, 0x00, 0x33, 0x03, 0x35, 0x00, 0x33, 0x03, 0x06, 0x00, 0x00,
    0x03, 0x36, 0x00, 0x34, 0x03, 0x32, 0x00, 0x31, 0x02, 0x85, 0x00, 0x03, 0x03, 0x3D, 0x00, 0x36,
    0x04, 0x83, 0x00, 0x36, 0x03, 0x3B, 0x00, 0x36, 0x03, 0x38, 0x00, 0x36, 0x03, 0x64, 0x00, 0x36,
    0x03, 0x3A, 0x00, 0x36, 0x03, 0x2C, 0x00, 0x2E, 0x03, 0x06, 0x00, 0x36, 0x04, 0x7D, 0x00, 0x50,
    0x03, 0x3D, 0x00, 0x36, 0x03, 0x38, 0x00, 0x33, 0x03, 0x32, 0x00, 0x31, 0x03, 0x06, 0x00, 0x36,
    0x03, 0x06, 0x00, 0x00, 0x04, 0x6B, 0xFF, 0xFF, 0x03, 0x3B, 0x00, 0x35, 0x04, 0x83, 0x00, 0x35,
    0x02, 0xB6, 0x00, 0x34, 0x02, 0xB6, 0x00, 0x34, 0x02, 0xB6, 0x00, 0x34, 0x02, 0xB6, 0x00, 0x34,
    0x02, 0xB6, 0x00, 0x34, 0x02, 0xB6, 0x00, 0x34, 0x02, 0xB6, 0x00, 0x34, 0x04, 0x9A, 0x00, 0x34,
    0x02, 0x9B, 0x00, 0x36, 0x02, 0xB7, 0x00, 0x33, 0x02, 0xB7, 0x00, 0x33, 0x02, 0x9B, 0x00, 0x17,
    0x02, 0xB4, 0x00, 0x33, 0x02, 0xB4, 0x00, 0x33, 0x02, 0xB4, 0x00, 0x33, 0x02, 0xB4, 0x00, 0x33,
    0x02, 0xB4, 0x00, 0x33, 0x01, 0xB8, 0x00, 0x35, 0x02, 0xAB, 0x00, 0x29, 0x02, 0x9C, 0x00, 0x36,
    0x00, 0xE5, 0x00, 0x34, 0x00, 0xD6, 0x00, 0x1F, 0x00, 0xD6, 0x00, 0x17, 0x00, 0xD6, 0xFF, 0xCC,
    0x00, 0xD6, 0xFF, 0xB4, 0x00, 0xD6, 0xFF, 0xF2, 0x00, 0xEF, 0xFF, 0x45, 0x02, 0x86, 0x00, 0x36,
    0x01, 0x51, 0x00, 0x34, 0x03, 0xD2, 0x00, 0x36, 0x02, 0xB8, 0x00, 0x36, 0x02, 0xB8, 0x00, 0x36,
    0x02, 0xB4, 0x00, 0x33, 0x02, 0xB4, 0x00, 0x33, 0x02, 0xB4, 0x00, 0x33, 0x02, 0xB4, 0x00, 0x33,
    0x02, 0xB4, 0x00, 0x33, 0x02, 0xB4, 0x00, 0x33, 0x04, 0x99, 0x00, 0x34, 0x02, 0x98, 0x00, 0x36,
    0x02, 0x98, 0x00, 0x14, 0x02, 0x0E, 0x00, 0x34, 0x02, 0xAE, 0x00, 0x30, 0x02, 0xAE, 0x00, 0x30,
    0x03, 0x41, 0x00, 0x39, 0x01, 0xC3, 0x00, 0x35, 0x02, 0xB7, 0x00, 0x35, 0x02, 0xB7, 0x00, 0x35,
    0x02, 0xB7, 0x00, 0x35, 0x02, 0xB7, 0x00, 0x35, 0x02, 0xB7, 0x00, 0x35, 0x03, 0x16, 0x00, 0x15,
    0x04, 0x1D, 0x00, 0x23, 0x02, 0xB4, 0x00, 0x2E, 0x02, 0xAD, 0x00, 0x2A, 0x02, 0xAD, 0x00, 0x2A,
    0x02, 0xAD, 0x00, 0x2A, 0x02, 0xBA, 0x00, 0x36, 0x02, 0xBA, 0x00, 0x36, 0x02, 0xB5, 0x00, 0x33,
    0x02, 0x9D, 0x00, 0x36, 0x02, 0xB9, 0x00, 0x35, 0x03, 0xD2, 0x00, 0x35, 0x02, 0xBA, 0x00, 0x36,
    0x02, 0xB4, 0x00, 0x33, 0x02, 0xD5, 0x00, 0x35, 0x02, 0xBC, 0x00, 0x36, 0x02, 0xB5, 0x00, 0x33,
    0x02, 0xC1, 0x00, 0x36, 0x02, 0x7E, 0x00, 0x36, 0x02, 0x4F, 0x00, 0x36, 0x02, 0xB2, 0x00, 0x33,
    0x02, 0xCD, 0x00, 0x38, 0x00, 0xD6, 0x00, 0x36, 0x02, 0x91, 0x00, 0x05, 0x02, 0xAA, 0x00, 0x36,
    0x02, 0x93, 0x00, 0x36, 0x03, 0x38, 0x00, 0x36, 0x02, 0xC4, 0x00, 0x36, 0x02, 0xB4, 0x00, 0x33,
    0x02, 0x94, 0x00, 0x36, 0x03, 0x02, 0x00, 0x33, 0x02, 0xBC, 0x00, 0x36, 0x02, 0xAF, 0x00, 0x31,
    0x02, 0x84, 0x00, 0x16, 0x02, 0xB7, 0x00, 0x35, 0x03, 0x21, 0x00, 0x15, 0x04, 0x37, 0x00, 0x22,
    0x02, 0xB4, 0x00, 0x2E, 0x02, 0xB0, 0x00, 0x12, 0x02, 0xBA, 0x00, 0x36, 0x03, 0x42, 0x00, 0x39,
    0x01, 0x87, 0x00, 0x01, 0x03, 0x3E, 0x00, 0x39, 0x03, 0x3A, 0x00, 0x35, 0x02, 0xDA, 0x00, 0x06,
    0x03, 0x3E, 0x00, 0x39, 0x03, 0x34, 0x00, 0x39, 0x02, 0x94, 0x00, 0x03, 0x03, 0x42, 0x00, 0x39,
    0x03, 0x3C, 0x00, 0x33, 0x03, 0x2F, 0x00, 0x31, 0x02, 0xD3, 0x00, 0x09, 0x03, 0x03, 0x00, 0x2E,
    0x03, 0x10, 0x00, 0x0C, 0x00, 0xE9, 0x00, 0x36, 0x00, 0xF3, 0x00, 0x36, 0x00, 0xF7, 0x00, 0x36,
    0x01, 0x0A, 0x00, 0x33, 0x02, 0x3E, 0x00, 0x36, 0x00, 0xDC, 0x00, 0x3A, 0x00, 0xD2, 0x00, 0x35,
    0x02, 0xA6, 0x00, 0x1F, 0x02, 0xA3, 0x00, 0x13, 0x01, 0x73, 0x00, 0x6C, 0x02, 0x04, 0x00, 0x19,
    0x03, 0x1D, 0x00, 0x20, 0x02, 0x09, 0x00, 0x06, 0x02, 0x08, 0x00, 0x05, 0x02, 0x9B, 0x00, 0x1B,
    0x01, 0x26, 0x00, 0x34, 0x01, 0x29, 0x00, 0x38, 0x01, 0x21, 0x00, 0x17, 0x01, 0x21, 0x00, 0x33,
    0x01, 0x13, 0x00, 0x36, 0x01, 0x14, 0x00, 0x33, 0x02, 0x05, 0x00, 0x3B, 0x02, 0xC4, 0x00, 0x36,
    0x03, 0x36, 0x00, 0x36, 0x03, 0x3C, 0x00, 0x36, 0x01, 0xD2, 0x00, 0x2D, 0x01, 0xD2, 0x00, 0x36,
    0x00, 0xF0, 0x00, 0x22, 0x00, 0xEE, 0x00, 0x36, 0x01, 0x8C, 0x00, 0x24, 0x00, 0xFB, 0x00, 0x3B,
    0x01, 0x42, 0x00, 0x00, 0x01, 0x42, 0x00, 0x00, 0x03, 0x1F, 0x00, 0x23, 0x02, 0x7C, 0x00, 0x21,
    0x03, 0x14, 0x00, 0x22, 0x02, 0xDE, 0x00, 0x27, 0x01, 0xC7, 0x00, 0x11, 0x02, 0x05, 0x00, 0x3B,
    0x02, 0x22, 0x00, 0x35, 0x02, 0x07, 0x00, 0x07, 0x02, 0x7E, 0x00, 0x3B, 0x01, 0xDB, 0x00, 0x3B,
    0x01, 0xD9, 0x00, 0x05, 0x01, 0x94, 0x00, 0x18, 0x03, 0xC6, 0x00, 0x30, 0x03, 0x2F, 0x00, 0x36,
    0x03, 0xAA, 0x00, 0x35, 0x03, 0x41, 0x00, 0x38, 0x01, 0xB7, 0x00, 0x2D, 0x00, 0xD6, 0x00, 0x36,
    0x00, 0x00, 0xFF, 0x49, 0x00, 0x00, 0xFF, 0xB3, 0x00, 0x00, 0xFF, 0x87, 0x00, 0x00, 0xFF, 0xAC,
    0x00, 0x00, 0xFF, 0x61, 0x00, 0x00, 0xFF, 0x60, 0x00, 0x00, 0xFF, 0x9A, 0x00, 0x00, 0xFF, 0x44,
    0x00, 0x00, 0x01, 0x47, 0x02, 0x37, 0x00, 0x64, 0x01, 0x2A, 0x00, 0x48, 0x01, 0x10, 0x00, 0x27,
    0x00, 0xD5, 0x00, 0x1C, 0x02, 0x08, 0x00, 0x64, 0x01, 0x29, 0xFF, 0xF5, 0x01, 0x1F, 0x00, 0x28,
    0x00, 0xE9, 0x00, 0x0F, 0x01, 0x93, 0x00, 0x0E, 0x01, 0xF4, 0x00, 0x57, 0x00, 0xD5, 0x00, 0x04,
    0x01, 0xF4, 0x00, 0xBD, 0x03, 0x03, 0x00, 0x2E, 0x03, 0x10, 0x00, 0x0C, 0x03, 0x2F, 0x00, 0x31,
    0x02, 0x9B, 0x00, 0x1B, 0x02, 0xD3, 0x00, 0x09, 0x04, 0x6B, 0xFF, 0xFF, 0x04, 0x7D, 0x00, 0x50,
    0x03, 0x06, 0x00, 0x36, 0x00, 0x00, 0x00, 0x36, 0x00, 0x02, 0x00, 0x00, 0x00, 0x00, 0x00, 0x00,
    0xFF, 0x9C, 0x00, 0x32, 0x00, 0x00, 0x00, 0x00, 0x00, 0x00, 0x00, 0x00, 0x00, 0x00, 0x00, 0x00,
    0x00, 0x00, 0x00, 0x00, 0x00, 0x00, 0x00, 0x00, 0x01, 0x0A, 0x00, 0x00, 0x00, 0x24, 0x00, 0xC9,
    0x00, 0xC7, 0x00, 0x62, 0x00, 0xAD, 0x00, 0x63, 0x00, 0xAE, 0x00, 0x90, 0x00, 0x25, 0x00, 0x26,
    0x00, 0x64, 0x00, 0x27, 0x00, 0x28, 0x00, 0x65, 0x00, 0xC8, 0x00, 0xCA, 0x00, 0xCB, 0x00, 0x29,
    0x00, 0x2A, 0x00, 0x2B, 0x00, 0x2C, 0x00, 0xCC, 0x00, 0xCD, 0x00, 0xCE, 0x00, 0xCF, 0x00, 0x2D,
    0x00, 0x2E, 0x00, 0x2F, 0x00, 0x30, 0x00, 0x31, 0x00, 0x66, 0x00, 0x32, 0x00, 0xD0, 0x00, 0xD1,
    0x00, 0x67, 0x00, 0xD3, 0x00, 0xAF, 0x00, 0xB0, 0x00, 0x33, 0x00, 0x34, 0x00, 0x35, 0x00, 0x36,
    0x00, 0xE4, 0x00, 0x37, 0x00, 0x38, 0x00, 0xD4, 0x00, 0xD5, 0x00, 0x68, 0x00, 0xD6, 0x00, 0x39,
    0x00, 0x3A, 0x00, 0x3B, 0x00, 0x3C, 0x00, 0xEB, 0x00, 0xBB, 0x00, 0x3D, 0x00, 0xE6, 0x01, 0x02,
    0x01, 0x03, 0x01, 0x04, 0x01, 0x05, 0x01, 0x06, 0x01, 0x07, 0x01, 0x08, 0x01, 0x09, 0x01, 0x0A,
    0x01, 0x0B, 0x01, 0x0C, 0x01, 0x0D, 0x01, 0x0E, 0x01, 0x0F, 0x01, 0x10, 0x01, 0x11, 0x01, 0x12,
    0x01, 0x13, 0x01, 0x14, 0x01, 0x15, 0x01, 0x16, 0x00, 0x44, 0x00, 0x69, 0x00, 0x6B, 0x00, 0x6C,
    0x00, 0x6A, 0x00, 0x6E, 0x00, 0x6D, 0x00, 0xA0, 0x00, 0x45, 0x00, 0x46, 0x00, 0x6F, 0x00, 0x47,
    0x00, 0x48, 0x00, 0x70, 0x00, 0x72, 0x00, 0x73, 0x00, 0x71, 0x00, 0x49, 0x00, 0x4A, 0x00, 0x4B,
    0x00, 0x4C, 0x00, 0xD7, 0x00, 0x74, 0x00, 0x76, 0x00, 0x77, 0x00, 0x75, 0x00, 0x4D, 0x00, 0x4E,
    0x00, 0x4F, 0x00, 0x50, 0x00, 0x51, 0x00, 0x78, 0x00, 0x52, 0x00, 0x79, 0x00, 0x7B, 0x00, 0x7C,
    0x00, 0x7A, 0x00, 0x7D, 0x00, 0xB1, 0x00, 0x53, 0x00, 0x54, 0x00, 0x55, 0x00, 0x56, 0x00, 0xE5,
    0x00, 0x89, 0x00, 0x57, 0x00, 0x58, 0x00, 0x7E, 0x00, 0x80, 0x00, 0x81, 0x00, 0x7F, 0x00, 0x59,
    0x00, 0x5A, 0x00, 0x5B, 0x00, 0x5C, 0x00, 0xEC, 0x00, 0xBA, 0x00, 0x5D, 0x00, 0xE7, 0x01, 0x17,
    0x01, 0x18, 0x01, 0x19, 0x01, 0x1A, 0x01, 0x1B, 0x01, 0x1C, 0x01, 0x1D, 0x01, 0x1E, 0x01, 0x1F,
    0x01, 0x20, 0x01, 0x21, 0x01, 0x22, 0x01, 0x23, 0x01, 0x24, 0x01, 0x25, 0x01, 0x26, 0x01, 0x27,
    0x01, 0x28, 0x01, 0x29, 0x01, 0x2A, 0x01, 0x2B, 0x01, 0x2C, 0x01, 0x2D, 0x01, 0x2E, 0x01, 0x2F,
    0x01, 0x30, 0x01, 0x31, 0x01, 0x32, 0x01, 0x33, 0x01, 0x34, 0x01, 0x35, 0x01, 0x36, 0x00, 0x13,
    0x00, 0x14, 0x00, 0x15, 0x00, 0x16, 0x00, 0x17, 0x00, 0x18, 0x00, 0x19, 0x00, 0x1A, 0x00, 0x1B,
    0x00, 0x1C, 0x01, 0x37, 0x01, 0x38, 0x01, 0x39, 0x01, 0x3A, 0x00, 0x11, 0x00, 0x0F, 0x00, 0x1D,
    0x00, 0x1E, 0x00, 0xAB, 0x00, 0x04, 0x00, 0xA3, 0x00, 0x22, 0x00, 0xA2, 0x00, 0x87, 0x00, 0x0D,
    0x00, 0x06, 0x00, 0x12, 0x00, 0x3F, 0x01, 0x3B, 0x00, 0x0B, 0x00, 0x0C, 0x00, 0x5E, 0x00, 0x60,
    0x00, 0x3E, 0x00, 0x40, 0x00, 0x10, 0x00, 0xB2, 0x00, 0xB3, 0x00, 0x42, 0x00, 0xB4, 0x00, 0xB5,
    0x00, 0xB6, 0x00, 0xB7, 0x00, 0x05, 0x00, 0x0A, 0x00, 0x03, 0x01, 0x3C, 0x01, 0x3D, 0x00, 0x84,
    0x00, 0x07, 0x00, 0x85, 0x00, 0x0E, 0x00, 0xEF, 0x00, 0xF0, 0x00, 0xB8, 0x00, 0x20, 0x00, 0x21,
    0x00, 0x1F, 0x00, 0x61, 0x00, 0x08, 0x00, 0x23, 0x00, 0x09, 0x00, 0x88, 0x00, 0x83, 0x00, 0x5F,
    0x01, 0x3E, 0x01, 0x3F, 0x01, 0x40, 0x01, 0x41, 0x01, 0x42, 0x01, 0x43, 0x01, 0x44, 0x01, 0x45,
    0x01, 0x46, 0x00, 0x8E, 0x00, 0xDC, 0x00, 0x43, 0x00, 0x8D, 0x00, 0xD8, 0x00, 0xE1, 0x00, 0xDB,
    0x00, 0xDD, 0x00, 0xD9, 0x00, 0xDA, 0x00, 0xDE, 0x00, 0xE0, 0x01, 0x47, 0x01, 0x48, 0x01, 0x49,
    0x01, 0x4A, 0x01, 0x4B, 0x01, 0x4C, 0x01, 0x4D, 0x01, 0x4E, 0x01, 0x4F, 0x01, 0x50, 0x05, 0x41,
    0x2E, 0x61, 0x6C, 0x74, 0x05, 0x43, 0x2E, 0x61, 0x6C, 0x74, 0x05, 0x49, 0x2E, 0x61, 0x6C, 0x74,
    0x05, 0x4A, 0x2E, 0x61, 0x6C, 0x74, 0x05, 0x4B, 0x2E, 0x61, 0x6C, 0x74, 0x05, 0x4D, 0x2E, 0x61,
    0x6C, 0x74, 0x05, 0x4E, 0x2E, 0x61, 0x6C, 0x74, 0x05, 0x4F, 0x2E, 0x61, 0x6C, 0x74, 0x05, 0x51,
    0x2E, 0x61, 0x6C, 0x74, 0x05, 0x52, 0x2E, 0x61, 0x6C, 0x74, 0x05, 0x53, 0x2E, 0x61, 0x6C, 0x74,
    0x05, 0x56, 0x2E, 0x61, 0x6C, 0x74, 0x05, 0x57, 0x2E, 0x61, 0x6C, 0x74, 0x05, 0x58, 0x2E, 0x61,
    0x6C, 0x74, 0x05, 0x59, 0x2E, 0x61, 0x6C, 0x74, 0x05, 0x5A, 0x2E, 0x61, 0x6C, 0x74, 0x06, 0x41,
    0x2E, 0x61, 0x6C, 0x74, 0x32, 0x06, 0x56, 0x2E, 0x61, 0x6C, 0x74, 0x32, 0x06, 0x57, 0x2E, 0x61,
    0x6C, 0x74, 0x32, 0x06, 0x56, 0x2E, 0x61, 0x6C, 0x74, 0x33, 0x06, 0x57, 0x2E, 0x61, 0x6C, 0x74,
    0x34, 0x05, 0x61, 0x2E, 0x61, 0x6C, 0x74, 0x05, 0x6B, 0x2E, 0x61, 0x6C, 0x74, 0x05, 0x76, 0x2E,
    0x61, 0x6C, 0x74, 0x05, 0x77, 0x2E, 0x61, 0x6C, 0x74, 0x05, 0x78, 0x2E, 0x61, 0x6C, 0x74, 0x05,
    0x7A, 0x2E, 0x61, 0x6C, 0x74, 0x04, 0x61, 0x2E, 0x73, 0x63, 0x04, 0x62, 0x2E, 0x73, 0x63, 0x04,
    0x63, 0x2E, 0x73, 0x63, 0x04, 0x64, 0x2E, 0x73, 0x63, 0x04, 0x65, 0x2E, 0x73, 0x63, 0x04, 0x66,
    0x2E, 0x73, 0x63, 0x04, 0x67, 0x2E, 0x73, 0x63, 0x04, 0x68, 0x2E, 0x73, 0x63, 0x04, 0x69, 0x2E,
    0x73, 0x63, 0x04, 0x6A, 0x2E, 0x73, 0x63, 0x04, 0x6B, 0x2E, 0x73, 0x63, 0x04, 0x6C, 0x2E, 0x73,
    0x63, 0x04, 0x6D, 0x2E, 0x73, 0x63, 0x04, 0x6E, 0x2E, 0x73, 0x63, 0x04, 0x6F, 0x2E, 0x73, 0x63,
    0x04, 0x70, 0x2E, 0x73, 0x63, 0x04, 0x71, 0x2E, 0x73, 0x63, 0x04, 0x72, 0x2E, 0x73, 0x63, 0x04,
    0x73, 0x2E, 0x73, 0x63, 0x04, 0x74, 0x2E, 0x73, 0x63, 0x04, 0x75, 0x2E, 0x73, 0x63, 0x04, 0x76,
    0x2E, 0x73, 0x63, 0x04, 0x77, 0x2E, 0x73, 0x63, 0x04, 0x78, 0x2E, 0x73, 0x63, 0x04, 0x79, 0x2E,
    0x73, 0x63, 0x04, 0x7A, 0x2E, 0x73, 0x63, 0x07, 0x74, 0x77, 0x6F, 0x2E, 0x61, 0x6C, 0x74, 0x08,
    0x66, 0x6F, 0x75, 0x72, 0x2E, 0x61, 0x6C, 0x74, 0x09, 0x73, 0x65, 0x76, 0x65, 0x6E, 0x2E, 0x61,
    0x6C, 0x74, 0x08, 0x6E, 0x69, 0x6E, 0x65, 0x2E, 0x61, 0x6C, 0x74, 0x0C, 0x71, 0x75, 0x65, 0x73,
    0x74, 0x69, 0x6F, 0x6E, 0x2E, 0x61, 0x6C, 0x74, 0x07, 0x75, 0x6E, 0x69, 0x30, 0x30, 0x41, 0x30,
    0x04, 0x45, 0x75, 0x72, 0x6F, 0x07, 0x75, 0x6E, 0x69, 0x30, 0x33, 0x30, 0x38, 0x07, 0x75, 0x6E,
    0x69, 0x30, 0x33, 0x30, 0x37, 0x09, 0x67, 0x72, 0x61, 0x76, 0x65, 0x63, 0x6F, 0x6D, 0x62, 0x09,
    0x61, 0x63, 0x75, 0x74, 0x65, 0x63, 0x6F, 0x6D, 0x62, 0x07, 0x75, 0x6E, 0x69, 0x30, 0x33, 0x30,
    0x32, 0x07, 0x75, 0x6E, 0x69, 0x30, 0x33, 0x30, 0x43, 0x07, 0x75, 0x6E, 0x69, 0x30, 0x33, 0x30,
    0x41, 0x09, 0x74, 0x69, 0x6C, 0x64, 0x65, 0x63, 0x6F, 0x6D, 0x62, 0x07, 0x75, 0x6E, 0x69, 0x30,
    0x33, 0x32, 0x37, 0x07, 0x75, 0x6E, 0x69, 0x45, 0x30, 0x30, 0x32, 0x07, 0x75, 0x6E, 0x69, 0x45,
    0x30, 0x30, 0x33, 0x07, 0x75, 0x6E, 0x69, 0x45, 0x30, 0x30, 0x35, 0x07, 0x75, 0x6E, 0x69, 0x45,
    0x30, 0x30, 0x36, 0x07, 0x75, 0x6E, 0x69, 0x45, 0x30, 0x30, 0x37, 0x07, 0x75, 0x6E, 0x69, 0x45,
    0x30, 0x30, 0x38, 0x07, 0x75, 0x6E, 0x69, 0x45, 0x30, 0x30, 0x39, 0x07, 0x75, 0x6E, 0x69, 0x45,
    0x30, 0x30, 0x41, 0x07, 0x75, 0x6E, 0x69, 0x45, 0x30, 0x30, 0x42, 0x07, 0x75, 0x6E, 0x69, 0x45,
    0x30, 0x30, 0x43, 0x00, 0x00, 0x00, 0x00, 0x1D, 0x01, 0x62, 0x00, 0x03, 0x00, 0x01, 0x04, 0x09,
    0x00, 0x00, 0x00, 0xF6, 0x03, 0xA0, 0x00, 0x03, 0x00, 0x01, 0x04, 0x09, 0x00, 0x01, 0x00, 0x1C,
    0x03, 0x84, 0x00, 0x03, 0x00, 0x01, 0x04, 0x09, 0x00, 0x02, 0x00, 0x0E, 0x03, 0x76, 0x00, 0x03,
    0x00, 0x01, 0x04, 0x09, 0x00, 0x03, 0x00, 0x32, 0x03, 0x44, 0x00, 0x03, 0x00, 0x01, 0x04, 0x09,
    0x00, 0x04, 0x00, 0x1C, 0x03, 0x84, 0x00, 0x03, 0x00, 0x01, 0x04, 0x09, 0x00, 0x05, 0x00, 0x1A,
    0x03, 0x2A, 0x00, 0x03, 0x00, 0x01, 0x04, 0x09, 0x00, 0x06, 0x00, 0x1C, 0x03, 0x0E, 0x00, 0x03,
    0x00, 0x01, 0x04, 0x09, 0x00, 0x08, 0x00, 0x36, 0x02, 0xD8, 0x00, 0x03, 0x00, 0x01, 0x04, 0x09,
    0x00, 0x09, 0x00, 0x1C, 0x02, 0xBC, 0x00, 0x03, 0x00, 0x01, 0x04, 0x09, 0x00, 0x0B, 0x00, 0x50,
    0x02, 0x6C, 0x00, 0x03, 0x00, 0x01, 0x04, 0x09, 0x00, 0x0C, 0x00, 0x1E, 0x02, 0x4E, 0x00, 0x03,
    0x00, 0x01, 0x04, 0x09, 0x00, 0x0D, 0x01, 0x20, 0x01, 0x2E, 0x00, 0x03, 0x00, 0x01, 0x04, 0x09,
    0x00, 0x0E, 0x00, 0x34, 0x00, 0xFA, 0x00, 0x03, 0x00, 0x01, 0x04, 0x09, 0x00, 0x10, 0x00, 0x10,
    0x00, 0xEA, 0x00, 0x03, 0x00, 0x01, 0x04, 0x09, 0x00, 0x11, 0x00, 0x0A, 0x00, 0xE0, 0x00, 0x03,
    0x00, 0x01, 0x04, 0x09, 0x00, 0x19, 0x00, 0x10, 0x00, 0xEA, 0x00, 0x03, 0x00, 0x01, 0x04, 0x09,
    0x01, 0x00, 0x00, 0x0C, 0x00, 0xD4, 0x00, 0x03, 0x00, 0x01, 0x04, 0x09, 0x01, 0x01, 0x00, 0x0E,
    0x03, 0x76, 0x00, 0x03, 0x00, 0x01, 0x04, 0x09, 0x01, 0x02, 0x00, 0x0C, 0x00, 0xC8, 0x00, 0x03,
    0x00, 0x01, 0x04, 0x09, 0x01, 0x03, 0x00, 0x10, 0x00, 0xB8, 0x00, 0x03, 0x00, 0x01, 0x04, 0x09,
    0x01, 0x04, 0x00, 0x08, 0x00, 0xB0, 0x00, 0x03, 0x00, 0x01, 0x04, 0x09, 0x01, 0x05, 0x00, 0x12,
    0x00, 0x9E, 0x00, 0x03, 0x00, 0x01, 0x04, 0x09, 0x01, 0x06, 0x00, 0x0A, 0x00, 0xE0, 0x00, 0x03,
    0x00, 0x01, 0x04, 0x09, 0x01, 0x07, 0x00, 0x20, 0x00, 0x7E, 0x00, 0x03, 0x00, 0x01, 0x04, 0x09,
    0x01, 0x08, 0x00, 0x1E, 0x00, 0x60, 0x00, 0x03, 0x00, 0x01, 0x04, 0x09, 0x01, 0x09, 0x00, 0x22,
    0x00, 0x3E, 0x00, 0x03, 0x00, 0x01, 0x04, 0x09, 0x01, 0x0A, 0x00, 0x1A, 0x00, 0x24, 0x00, 0x03,
    0x00, 0x01, 0x04, 0x09, 0x01, 0x0B, 0x00, 0x24, 0x00, 0x00, 0x00, 0x03, 0x00, 0x01, 0x04, 0x09,
    0x01, 0x0C, 0x00, 0x1C, 0x03, 0x0E, 0x00, 0x4F, 0x00, 0x72, 0x00, 0x62, 0x00, 0x69, 0x00, 0x74,
    0x00, 0x72, 0x00, 0x6F, 0x00, 0x6E, 0x00, 0x2D, 0x00, 0x45, 0x00, 0x78, 0x00, 0x74, 0x00, 0x72,
    0x00, 0x61, 0x00, 0x42, 0x00, 0x6F, 0x00, 0x6C, 0x00, 0x64, 0x00, 0x4F, 0x00, 0x72, 0x00, 0x62,
    0x00, 0x69, 0x00, 0x74, 0x00, 0x72, 0x00, 0x6F, 0x00, 0x6E, 0x00, 0x2D, 0x00, 0x42, 0x00, 0x6F,
    0x00, 0x6C, 0x00, 0x64, 0x00, 0x4F, 0x00, 0x72, 0x00, 0x62, 0x00, 0x69, 0x00, 0x74, 0x00, 0x72,
    0x00, 0x6F, 0x00, 0x6E, 0x00, 0x2D, 0x00, 0x53, 0x00, 0x65, 0x00, 0x6D, 0x00, 0x69, 0x00, 0x42,
    0x00, 0x6F, 0x00, 0x6C, 0x00, 0x64, 0x00, 0x4F, 0x00, 0x72, 0x00, 0x62, 0x00, 0x69, 0x00, 0x74,
    0x00, 0x72, 0x00, 0x6F, 0x00, 0x6E, 0x00, 0x2D, 0x00, 0x4D, 0x00, 0x65, 0x00, 0x64, 0x00, 0x69,
    0x00, 0x75, 0x00, 0x6D, 0x00, 0x4F, 0x00, 0x72, 0x00, 0x62, 0x00, 0x69, 0x00, 0x74, 0x00, 0x72,
    0x00, 0x6F, 0x00, 0x6E, 0x00, 0x2D, 0x00, 0x52, 0x00, 0x65, 0x00, 0x67, 0x00, 0x75, 0x00, 0x6C,
    0x00, 0x61, 0x00, 0x72, 0x00, 0x45, 0x00, 0x78, 0x00, 0x74, 0x00, 0x72, 0x00, 0x61, 0x00, 0x42,
    0x00, 0x6F, 0x00, 0x6C, 0x00, 0x64, 0x00, 0x42, 0x00, 0x6F, 0x00, 0x6C, 0x00, 0x64, 0x00, 0x53,
    0x00, 0x65, 0x00, 0x6D, 0x00, 0x69, 0x00, 0x42, 0x00, 0x6F, 0x00, 0x6C, 0x00, 0x64, 0x00, 0x4D,
    0x00, 0x65, 0x00, 0x64, 0x00, 0x69, 0x00, 0x75, 0x00, 0x6D, 0x00, 0x57, 0x00, 0x65, 0x00, 0x69,
    0x00, 0x67, 0x00, 0x68, 0x00, 0x74, 0x00, 0x42, 0x00, 0x6C, 0x00, 0x61, 0x00, 0x63, 0x00, 0x6B,
    0x00, 0x4F, 0x00, 0x72, 0x00, 0x62, 0x00, 0x69, 0x00, 0x74, 0x00, 0x72, 0x00, 0x6F, 0x00, 0x6E,
    0x00, 0x68, 0x00, 0x74, 0x00, 0x74, 0x00, 0x70, 0x00, 0x3A, 0x00, 0x2F, 0x00, 0x2F, 0x00, 0x73,
    0x00, 0x63, 0x00, 0x72, 0x00, 0x69, 0x00, 0x70, 0x00, 0x74, 0x00, 0x73, 0x00, 0x2E, 0x00, 0x73,
    0x00, 0x69, 0x00, 0x6C, 0x00, 0x2E, 0x00, 0x6F, 0x00, 0x72, 0x00, 0x67, 0x00, 0x2F, 0x00, 0x4F,
    0x00, 0x46, 0x00, 0x4C, 0x00, 0x54, 0x00, 0x68, 0x00, 0x69, 0x00, 0x73, 0x00, 0x20, 0x00, 0x46,
    0x00, 0x6F, 0x00, 0x6E, 0x00, 0x74, 0x00, 0x20, 0x00, 0x53, 0x00, 0x6F, 0x00, 0x66, 0x00, 0x74,
    0x00, 0x77, 0x00, 0x61, 0x00, 0x72, 0x00, 0x65, 0x00, 0x20, 0x00, 0x69, 0x00, 0x73, 0x00, 0x20,
    0x00, 0x6C, 0x00, 0x69, 0x00, 0x63, 0x00, 0x65, 0x00, 0x6E, 0x00, 0x73, 0x00, 0x65, 0x00, 0x64,
    0x00, 0x20, 0x00, 0x75, 0x00, 0x6E, 0x00, 0x64, 0x00, 0x65, 0x00, 0x72, 0x00, 0x20, 0x00, 0x74,
    0x00, 0x68, 0x00, 0x65, 0x00, 0x20, 0x00, 0x53, 0x00, 0x49, 0x00, 0x4C, 0x00, 0x20, 0x00, 0x4F,
    0x00, 0x70, 0x00, 0x65, 0x00, 0x6E, 0x00, 0x20, 0x00, 0x46, 0x00, 0x6F, 0x00, 0x6E, 0x00, 0x74,
    0x00, 0x20, 0x00, 0x4C, 0x00, 0x69, 0x00, 0x63, 0x00, 0x65, 0x00, 0x6E, 0x00, 0x73, 0x00, 0x65,
    0x00, 0x2C, 0x00, 0x20, 0x00, 0x56, 0x00, 0x65, 0x00, 0x72, 0x00, 0x73, 0x00, 0x69, 0x00, 0x6F,
    0x00, 0x6E, 0x00, 0x20, 0x00, 0x31, 0x00, 0x2E, 0x00, 0x31, 0x00, 0x2E, 0x00, 0x20, 0x00, 0x54,
    0x00, 0x68, 0x00, 0x69, 0x00, 0x73, 0x00, 0x20, 0x00, 0x6C, 0x00, 0x69, 0x00, 0x63, 0x00, 0x65,
    0x00, 0x6E, 0x00, 0x73, 0x00, 0x65, 0x00, 0x20, 0x00, 0x69, 0x00, 0x73, 0x00, 0x20, 0x00, 0x61,
    0x00, 0x76, 0x00, 0x61, 0x00, 0x69, 0x00, 0x6C, 0x00, 0x61, 0x00, 0x62, 0x00, 0x6C, 0x00, 0x65,
    0x00, 0x20, 0x00, 0x77, 0x00, 0x69, 0x00, 0x74, 0x00, 0x68, 0x00, 0x20, 0x00, 0x61, 0x00, 0x20,
    0x00, 0x46, 0x00, 0x41, 0x00, 0x51, 0x00, 0x20, 0x00, 0x61, 0x00, 0x74, 0x00, 0x3A, 0x00, 0x20,
    0x00, 0x68, 0x00, 0x74, 0x00, 0x74, 0x00, 0x70, 0x00, 0x3A, 0x00, 0x2F, 0x00, 0x2F, 0x00, 0x73,
    0x00, 0x63, 0x00, 0x72, 0x00, 0x69, 0x00, 0x70, 0x00, 0x74, 0x00, 0x73, 0x00, 0x2E, 0x00, 0x73,
    0x00, 0x69, 0x00, 0x6C, 0x00, 0x2E, 0x00, 0x6F, 0x00, 0x72, 0x00, 0x67, 0x00, 0x2F, 0x00, 0x4F,
    0x00, 0x46, 0x00, 0x4C, 0x00, 0x68, 0x00, 0x74, 0x00, 0x74, 0x00, 0x70, 0x00, 0x3A, 0x00, 0x2F,
    0x00, 0x2F, 0x00, 0x6D, 0x00, 0x61, 0x00, 0x74, 0x00, 0x74, 0x00, 0x2E, 0x00, 0x63, 0x00, 0x63,
    0x00, 0x2F, 0x00, 0x68, 0x00, 0x74, 0x00, 0x74, 0x00, 0x70, 0x00, 0x73, 0x00, 0x3A, 0x00, 0x2F,
    0x00, 0x2F, 0x00, 0x77, 0x00, 0x77, 0x00, 0x77, 0x00, 0x2E, 0x00, 0x74, 0x00, 0x68, 0x00, 0x65,
    0x00, 0x6C, 0x00, 0x65, 0x00, 0x61, 0x00, 0x67, 0x00, 0x75, 0x00, 0x65, 0x00, 0x6F, 0x00, 0x66,
    0x00, 0x6D, 0x00, 0x6F, 0x00, 0x76, 0x00, 0x65, 0x00, 0x61, 0x00, 0x62, 0x00, 0x6C, 0x00, 0x65,
    0x00, 0x74, 0x00, 0x79, 0x00, 0x70, 0x00, 0x65, 0x00, 0x2E, 0x00, 0x63, 0x00, 0x6F, 0x00, 0x6D,
    0x00, 0x2F, 0x00, 0x4D, 0x00, 0x61, 0x00, 0x74, 0x00, 0x74, 0x00, 0x20, 0x00, 0x4D, 0x00, 0x63,
    0x00, 0x49, 0x00, 0x6E, 0x00, 0x65, 0x00, 0x72, 0x00, 0x6E, 0x00, 0x65, 0x00, 0x79, 0x00, 0x54,
    0x00, 0x68, 0x00, 0x65, 0x00, 0x20, 0x00, 0x4C, 0x00, 0x65, 0x00, 0x61, 0x00, 0x67, 0x00, 0x75,
    0x00, 0x65, 0x00, 0x20, 0x00, 0x6F, 0x00, 0x66, 0x00, 0x20, 0x00, 0x4D, 0x00, 0x6F, 0x00, 0x76,
    0x00, 0x65, 0x00, 0x61, 0x00, 0x62, 0x00, 0x6C, 0x00, 0x65, 0x00, 0x20, 0x00, 0x54, 0x00, 0x79,
    0x00, 0x70, 0x00, 0x65, 0x00, 0x4F, 0x00, 0x72, 0x00, 0x62, 0x00, 0x69, 0x00, 0x74, 0x00, 0x72,
    0x00, 0x6F, 0x00, 0x6E, 0x00, 0x2D, 0x00, 0x42, 0x00, 0x6C, 0x00, 0x61, 0x00, 0x63, 0x00, 0x6B,
    0x00, 0x56, 0x00, 0x65, 0x00, 0x72, 0x00, 0x73, 0x00, 0x69, 0x00, 0x6F, 0x00, 0x6E, 0x00, 0x20,
    0x00, 0x32, 0x00, 0x2E, 0x00, 0x30, 0x00, 0x30, 0x00, 0x31, 0x00, 0x32, 0x00, 0x2E, 0x00, 0x30,
    0x00, 0x30, 0x00, 0x31, 0x00, 0x3B, 0x00, 0x4E, 0x00, 0x4F, 0x00, 0x4E, 0x00, 0x45, 0x00, 0x3B,
    0x00, 0x4F, 0x00, 0x72, 0x00, 0x62, 0x00, 0x69, 0x00, 0x74, 0x00, 0x72, 0x00, 0x6F, 0x00, 0x6E,
    0x00, 0x2D, 0x00, 0x42, 0x00, 0x6C, 0x00, 0x61, 0x00, 0x63, 0x00, 0x6B, 0x00, 0x52, 0x00, 0x65,
    0x00, 0x67, 0x00, 0x75, 0x00, 0x6C, 0x00, 0x61, 0x00, 0x72, 0x00, 0x4F, 0x00, 0x72, 0x00, 0x62,
    0x00, 0x69, 0x00, 0x74, 0x00, 0x72, 0x00, 0x6F, 0x00, 0x6E, 0x00, 0x20, 0x00, 0x42, 0x00, 0x6C,
    0x00, 0x61, 0x00, 0x63, 0x00, 0x6B, 0x00, 0x43, 0x00, 0x6F, 0x00, 0x70, 0x00, 0x79, 0x00, 0x72,
    0x00, 0x69, 0x00, 0x67, 0x00, 0x68, 0x00, 0x74, 0x00, 0x20, 0x00, 0x32, 0x00, 0x30, 0x00, 0x31,
    0x00, 0x38, 0x00, 0x20, 0x00, 0x54, 0x00, 0x68, 0x00, 0x65, 0x00, 0x20, 0x00, 0x4F, 0x00, 0x72,
    0x00, 0x62, 0x00, 0x69, 0x00, 0x74, 0x00, 0x72, 0x00, 0x6F, 0x00, 0x6E, 0x00, 0x20, 0x00, 0x50,
    0x00, 0x72, 0x00, 0x6F, 0x00, 0x6A, 0x00, 0x65, 0x00, 0x63, 0x00, 0x74, 0x00, 0x20, 0x00, 0x41,
    0x00, 0x75, 0x00, 0x74, 0x00, 0x68, 0x00, 0x6F, 0x00, 0x72, 0x00, 0x73, 0x00, 0x20, 0x00, 0x28,
    0x00, 0x68, 0x00, 0x74, 0x00, 0x74, 0x00, 0x70, 0x00, 0x73, 0x00, 0x3A, 0x00, 0x2F, 0x00, 0x2F,
    0x00, 0x67, 0x00, 0x69, 0x00, 0x74, 0x00, 0x68, 0x00, 0x75, 0x00, 0x62, 0x00, 0x2E, 0x00, 0x63,
    0x00, 0x6F, 0x00, 0x6D, 0x00, 0x2F, 0x00, 0x74, 0x00, 0x68, 0x00, 0x65, 0x00, 0x6C, 0x00, 0x65,
    0x00, 0x61, 0x00, 0x67, 0x00, 0x75, 0x00, 0x65, 0x00, 0x6F, 0x00, 0x66, 0x00, 0x2F, 0x00, 0x6F,
    0x00, 0x72, 0x00, 0x62, 0x00, 0x69, 0x00, 0x74, 0x00, 0x72, 0x00, 0x6F, 0x00, 0x6E, 0x00, 0x29,
    0x00, 0x2C, 0x00, 0x20, 0x00, 0x77, 0x00, 0x69, 0x00, 0x74, 0x00, 0x68, 0x00, 0x20, 0x00, 0x52,
    0x00, 0x65, 0x00, 0x73, 0x00, 0x65, 0x00, 0x72, 0x00, 0x76, 0x00, 0x65, 0x00, 0x64, 0x00, 0x20,
    0x00, 0x46, 0x00, 0x6F, 0x00, 0x6E, 0x00, 0x74, 0x00, 0x20, 0x00, 0x4E, 0x00, 0x61, 0x00, 0x6D,
    0x00, 0x65, 0x00, 0x3A, 0x00, 0x20, 0x00, 0x22, 0x00, 0x4F, 0x00, 0x72, 0x00, 0x62, 0x00, 0x69,
    0x00, 0x74, 0x00, 0x72, 0x00, 0x6F, 0x00, 0x6E, 0x00, 0x22, 0x00, 0x2E, 0x00, 0x01, 0x00, 0x00,
    0x00, 0x0A, 0x00, 0x26, 0x00, 0x40, 0x00, 0x02, 0x44, 0x46, 0x4C, 0x54, 0x00, 0x0E, 0x6C, 0x61,
    0x74, 0x6E, 0x00, 0x0E, 0x00, 0x04, 0x00, 0x00, 0x00, 0x00, 0xFF, 0xFF, 0x00, 0x02, 0x00, 0x00,
    0x00, 0x01, 0x00, 0x02, 0x6B, 0x65, 0x72, 0x6E, 0x00, 0x14, 0x6D, 0x61, 0x72, 0x6B, 0x00, 0x0E,
    0x00, 0x00, 0x00, 0x01, 0x00, 0x01, 0x00, 0x00, 0x00, 0x01, 0x00, 0x00, 0x00, 0x02, 0x02, 0xA2,
    0x00, 0x06, 0x00, 0x04, 0x00, 0x00, 0x00, 0x01, 0x00, 0x08, 0x00, 0x01, 0x02, 0x8A, 0x01, 0xE8,
    0x00, 0x02, 0x02, 0x58, 0x00, 0x0C, 0x00, 0x51, 0x01, 0xD6, 0x01, 0xD0, 0x01, 0xD6, 0x01, 0xD0,
    0x01, 0xD6, 0x01, 0xD0, 0x01, 0xD6, 0x01, 0xD0, 0x01, 0xD6, 0x01, 0xD0, 0x01, 0xD6, 0x01, 0xD0,
    0x01, 0xD6, 0x01, 0xD0, 0x01, 0xCA, 0x02, 0x72, 0x01, 0xCA, 0x02, 0x72, 0x01, 0xC4, 0x01, 0xBE,
    0x01, 0xC4, 0x01, 0xBE, 0x01, 0xC4, 0x01, 0xBE, 0x01, 0xC4, 0x01, 0xBE, 0x01, 0xC4, 0x01, 0xBE,
    0x01, 0xB8, 0x01, 0xB2, 0x01, 0xB8, 0x01, 0xB2, 0x01, 0xB8, 0x01, 0xB2, 0x01, 0xB8, 0x01, 0xB2,
    0x01, 0xB8, 0x01, 0xB2, 0x01, 0xAC, 0x01, 0xA6, 0x01, 0xAC, 0x01, 0xA6, 0x01, 0xA0, 0x01, 0x9A,
    0x01, 0xA0, 0x01, 0x9A, 0x01, 0xA0, 0x01, 0x9A, 0x01, 0xA0, 0x01, 0x9A, 0x01, 0xA0, 0x01, 0x9A,
    0x01, 0xA0, 0x01, 0x9A, 0x01, 0xA0, 0x01, 0x9A, 0x01, 0xA0, 0x01, 0x9A, 0x01, 0xA0, 0x01, 0x9A,
    0x01, 0xA0, 0x01, 0x9A, 0x01, 0xA0, 0x01, 0x9A, 0x01, 0xA0, 0x01, 0x9A, 0x01, 0xA0, 0x01, 0x9A,
    0x01, 0xA0, 0x01, 0x9A, 0x01, 0x94, 0x00, 0x00, 0x01, 0x94, 0x00, 0x00, 0x01, 0x94, 0x00, 0x00,
    0x01, 0x8E, 0x00, 0x00, 0x01, 0x8E, 0x00, 0x00, 0x01, 0xA0, 0x01, 0x9A, 0x01, 0xA0, 0x01, 0x9A,
    0x01, 0x88, 0x01, 0x82, 0x01, 0x88, 0x01, 0x82, 0x01, 0x88, 0x01, 0x82, 0x01, 0x88, 0x01, 0x82,
    0x01, 0x88, 0x01, 0x82, 0x01, 0x88, 0x01, 0x82, 0x01, 0x88, 0x01, 0x82, 0x01, 0x88, 0x01, 0x82,
    0x01, 0x88, 0x01, 0x82, 0x01, 0x7C, 0x01, 0x76, 0x01, 0x7C, 0x01, 0x76, 0x01, 0x7C, 0x01, 0x76,
    0x01, 0x7C, 0x01, 0x76, 0x01, 0x7C, 0x01, 0x76, 0x01, 0x70, 0x00, 0x00, 0x01, 0x70, 0x00, 0x00,
    0x01, 0x70, 0x00, 0x00, 0x01, 0x70, 0x00, 0x00, 0x01, 0x70, 0x00, 0x00, 0x01, 0x6A, 0x01, 0x64,
    0x01, 0x6A, 0x01, 0x64, 0x01, 0x5E, 0x01, 0x58, 0x01, 0x5E, 0x01, 0x58, 0x01, 0x5E, 0x01, 0x58,
    0x01, 0x5E, 0x01, 0x58, 0x01, 0x5E, 0x01, 0x58, 0x01, 0x5E, 0x01, 0x58, 0x01, 0x52, 0x01, 0x76,
    0x01, 0x52, 0x01, 0x76, 0x01, 0x4C, 0x00, 0x00, 0x01, 0x4C, 0x00, 0x00, 0x01, 0x4C, 0x00, 0x00,
    0x01, 0x4C, 0x00, 0x00, 0x01, 0x4C, 0x00, 0x00, 0x01, 0x6A, 0x00, 0x00, 0x01, 0x6A, 0x00, 0x00,
    0x01, 0x6A, 0x00, 0x00, 0x01, 0x46, 0x00, 0x00, 0x01, 0x46, 0x00, 0x00, 0x00, 0x01, 0x01, 0x5C,
    0x02, 0x44, 0x00, 0x01, 0x01, 0x5B, 0x02, 0x43, 0x00, 0x01, 0x01, 0x54, 0x02, 0x44, 0x00, 0x01,
    0x01, 0x59, 0xFF, 0xFE, 0x00, 0x01, 0x01, 0x59, 0x02, 0x42, 0x00, 0x01, 0x01, 0x5C, 0x00, 0x00,
    0x00, 0x01, 0x01, 0x50, 0x02, 0x44, 0x00, 0x01, 0x00, 0x6B, 0x02, 0x44, 0x00, 0x01, 0x01, 0x59,
    0x00, 0x00, 0x00, 0x01, 0x01, 0x59, 0x02, 0x44, 0x00, 0x01, 0x01, 0x6C, 0x00, 0x00, 0x00, 0x01,
    0x01, 0x6F, 0x02, 0x44, 0x00, 0x01, 0x01, 0x9B, 0x02, 0xD0, 0x00, 0x01, 0x01, 0x92, 0x02, 0xD0,
    0x00, 0x01, 0x01, 0x9E, 0x00, 0x00, 0x00, 0x01, 0x01, 0x9E, 0x02, 0xD0, 0x00, 0x01, 0x01, 0x93,
    0x00, 0x00, 0x00, 0x01, 0x01, 0x93, 0x02, 0xD0, 0x00, 0x01, 0x00, 0x6D, 0x00, 0x00, 0x00, 0x01,
    0x00, 0x6D, 0x02, 0xD0, 0x00, 0x01, 0x01, 0x8E, 0x00, 0x00, 0x00, 0x01, 0x01, 0x8E, 0x02, 0xD0,
    0x00, 0x01, 0x01, 0xB9, 0x02, 0xD0, 0x00, 0x01, 0x01, 0xA2, 0x00, 0x00, 0x00, 0x01, 0x01, 0xA2,
    0x02, 0xD0, 0x00, 0x02, 0x00, 0x12, 0x00, 0x01, 0x00, 0x07, 0x00, 0x00, 0x00, 0x0A, 0x00, 0x0B,
    0x00, 0x07, 0x00, 0x0D, 0x00, 0x11, 0x00, 0x09, 0x00, 0x15, 0x00, 0x19, 0x00, 0x0E, 0x00, 0x1E,
    0x00, 0x25, 0x00, 0x13, 0x00, 0x28, 0x00, 0x28, 0x00, 0x1B, 0x00, 0x2A, 0x00, 0x2B, 0x00, 0x1C,
    0x00, 0x2D, 0x00, 0x31, 0x00, 0x1E, 0x00, 0x35, 0x00, 0x39, 0x00, 0x23, 0x00, 0x41, 0x00, 0x42,
    0x00, 0x28, 0x00, 0x4F, 0x00, 0x55, 0x00, 0x2A, 0x00, 0x58, 0x00, 0x59, 0x00, 0x31, 0x00, 0x5B,
    0x00, 0x5F, 0x00, 0x33, 0x00, 0x64, 0x00, 0x68, 0x00, 0x38, 0x00, 0x6D, 0x00, 0x74, 0x00, 0x3D,
    0x00, 0x79, 0x00, 0x7A, 0x00, 0x45, 0x00, 0x7D, 0x00, 0x81, 0x00, 0x47, 0x00, 0x85, 0x00, 0x89,
    0x00, 0x4C, 0x00, 0x09, 0x00, 0x00, 0x00, 0x2C, 0x00, 0x00, 0x00, 0x2C, 0x00, 0x00, 0x00, 0x2C,
    0x00, 0x00, 0x00, 0x2C, 0x00, 0x00, 0x00, 0x2C, 0x00, 0x00, 0x00, 0x2C, 0x00, 0x00, 0x00, 0x2C,
    0x00, 0x00, 0x00, 0x2C, 0x00, 0x01, 0x00, 0x26, 0x00, 0x01, 0x01, 0xB9, 0x00, 0x00, 0x00, 0x01,
    0x00, 0x00, 0x02, 0x44, 0x00, 0x02, 0x00, 0x01, 0x00, 0xEB, 0x00, 0xF3, 0x00, 0x00, 0x00, 0x02,
    0x00, 0x08, 0x00, 0x01, 0x00, 0x08, 0x00, 0x01, 0x00, 0x7A, 0x00, 0x04, 0x00, 0x00, 0x00, 0x38,
    0x06, 0xF4, 0x06, 0xE6, 0x06, 0xE0, 0x06, 0xCA, 0x06, 0xC0, 0x06, 0xAA, 0x06, 0x9C, 0x06, 0x62,
    0x06, 0xE0, 0x06, 0x4C, 0x06, 0x3A, 0x06, 0x30, 0x06, 0xE0, 0x06, 0x16, 0x06, 0x04, 0x05, 0xFA,
    0x05, 0xE8, 0x05, 0xCE, 0x05, 0xBC, 0x05, 0x9E, 0x05, 0x78, 0x05, 0x6A, 0x05, 0x48, 0x05, 0x3E,
    0x05, 0x38, 0x05, 0x32, 0x05, 0x28, 0x04, 0xEE, 0x04, 0xD4, 0x04, 0xA2, 0x04, 0x88, 0x04, 0x52,
    0x04, 0x28, 0x03, 0xF2, 0x03, 0xE0, 0x03, 0x92, 0x03, 0x80, 0x03, 0x76, 0x03, 0x34, 0x03, 0x0A,
    0x02, 0xE8, 0x02, 0xB6, 0x02, 0xA4, 0x02, 0x9E, 0x02, 0x58, 0x02, 0x2A, 0x01, 0xF4, 0x01, 0xAE,
    0x01, 0x94, 0x01, 0x5A, 0x01, 0x50, 0x01, 0x22, 0x01, 0x08, 0x01, 0x02, 0x00, 0xFC, 0x00, 0xEE,
    0x00, 0x01, 0x00, 0x38, 0x00, 0x01, 0x00, 0x09, 0x00, 0x0A, 0x00, 0x0C, 0x00, 0x0D, 0x00, 0x12,
    0x00, 0x13, 0x00, 0x15, 0x00, 0x1A, 0x00, 0x1B, 0x00, 0x1C, 0x00, 0x1D, 0x00, 0x1E, 0x00, 0x20,
    0x00, 0x27, 0x00, 0x29, 0x00, 0x2A, 0x00, 0x2C, 0x00, 0x2D, 0x00, 0x32, 0x00, 0x33, 0x00, 0x34,
    0x00, 0x35, 0x00, 0x38, 0x00, 0x45, 0x00, 0x46, 0x00, 0x4A, 0x00, 0x4F, 0x00, 0x57, 0x00, 0x58,
    0x00, 0x5A, 0x00, 0x5B, 0x00, 0x60, 0x00, 0x61, 0x00, 0x62, 0x00, 0x63, 0x00, 0x69, 0x00, 0x6A,
    0x00, 0x6B, 0x00, 0x6C, 0x00, 0x6D, 0x00, 0x6F, 0x00, 0x76, 0x00, 0x77, 0x00, 0x78, 0x00, 0x79,
    0x00, 0x7C, 0x00, 0x7D, 0x00, 0x82, 0x00, 0x83, 0x00, 0x84, 0x00, 0x85, 0x00, 0x88, 0x00, 0xBF,
    0x00, 0xC7, 0x00, 0xD4, 0x00, 0x03, 0x00, 0x6B, 0x00, 0x14, 0x00, 0x7C, 0x00, 0x14, 0x00, 0x82,
    0x00, 0x28, 0x00, 0x01, 0x00, 0x2C, 0x00, 0x0A, 0x00, 0x01, 0x00, 0x82, 0x00, 0x00, 0x00, 0x06,
    0x00, 0x4F, 0xFF, 0xE5, 0x00, 0x5B, 0xFF, 0xE7, 0x00, 0x62, 0xFF, 0xF6, 0x00, 0x6B, 0xFF, 0xE5,
    0x00, 0x7C, 0xFF, 0xE5, 0x00, 0x88, 0xFF, 0xE3, 0x00, 0x0B, 0x00, 0x4F, 0xFF, 0xE7, 0x00, 0x58,
    0xFF, 0xE7, 0x00, 0x5B, 0xFF, 0xE7, 0x00, 0x6A, 0xFF, 0xEC, 0x00, 0x6B, 0xFF, 0xF6, 0x00, 0x6D,
    0xFF, 0xE5, 0x00, 0x6F, 0xFF, 0xE7, 0x00, 0x76, 0xFF, 0xF6, 0x00, 0x78, 0xFF, 0xEC, 0x00, 0x79,
    0xFF, 0xF6, 0x00, 0x83, 0xFF, 0xF6, 0x00, 0x02, 0x00, 0x5B, 0xFF, 0xE9, 0x00, 0x7D, 0xFF, 0xEC,
    0x00, 0x0E, 0x00, 0x4F, 0xFF, 0xE2, 0x00, 0x58, 0xFF, 0xE2, 0x00, 0x5B, 0xFF, 0xE0, 0x00, 0x61,
    0xFF, 0xCF, 0x00, 0x62, 0xFF, 0xEC, 0x00, 0x63, 0xFF, 0xEC, 0x00, 0x6B, 0xFF, 0xF6, 0x00, 0x6D,
    0xFF, 0xE5, 0x00, 0x6F, 0xFF, 0xC4, 0x00, 0x78, 0xFF, 0xC5, 0x00, 0x79, 0xFF, 0xC9, 0x00, 0x7C,
    0xFF, 0xFA, 0x00, 0x7D, 0xFF, 0xEC, 0x00, 0x85, 0xFF, 0xE7, 0x00, 0x06, 0x00, 0x4F, 0xFF, 0xE0,
    0x00, 0x5B, 0xFF, 0xE2, 0x00, 0x63, 0x00, 0x0A, 0x00, 0x6F, 0xFF, 0xF6, 0x00, 0x79, 0x00, 0x00,
    0x00, 0x82, 0x00, 0x0A, 0x00, 0x11, 0x00, 0x57, 0xFF, 0xE5, 0x00, 0x58, 0xFF, 0xE7, 0x00, 0x5A,
    0x00, 0x00, 0x00, 0x5B, 0xFF, 0xE7, 0x00, 0x60, 0xFF, 0xE7, 0x00, 0x61, 0xFF, 0xF6, 0x00, 0x6A,
    0xFF, 0xF6, 0x00, 0x6C, 0xFF, 0xE5, 0x00, 0x6D, 0x00, 0x00, 0x00, 0x6F, 0xFF, 0xF6, 0x00, 0x76,
    0xFF, 0xE5, 0x00, 0x79, 0xFF, 0xE9, 0x00, 0x7C, 0xFF, 0xE7, 0x00, 0x83, 0xFF, 0xF6, 0x00, 0x84,
    0xFF, 0xED, 0x00, 0x88, 0xFF, 0xE5, 0x00, 0xD4, 0xFF, 0xEC, 0x00, 0x0D, 0x00, 0x4F, 0x00, 0x1E,
    0x00, 0x57, 0x00, 0x0A, 0x00, 0x5A, 0x00, 0x32, 0x00, 0x62, 0x00, 0x14, 0x00, 0x63, 0x00, 0x00,
    0x00, 0x6C, 0x00, 0x1E, 0x00, 0x78, 0x00, 0x0A, 0x00, 0x79, 0x00, 0x0A, 0x00, 0x7C, 0x00, 0x0A,
    0x00, 0x82, 0x00, 0x05, 0x00, 0x85, 0x00, 0x0A, 0x00, 0x88, 0x00, 0x14, 0x00, 0xB8, 0x00, 0x0A,
    0x00, 0x0B, 0x00, 0x58, 0xFF, 0xEB, 0x00, 0x5B, 0xFF, 0xEB, 0x00, 0x61, 0xFF, 0xF5, 0x00, 0x6A,
    0xFF, 0xE7, 0x00, 0x6D, 0xFF, 0xE7, 0x00, 0x6F, 0xFF, 0xEC, 0x00, 0x7D, 0xFF, 0xDF, 0x00, 0x82,
    0xFF, 0xD5, 0x00, 0x83, 0xFF, 0xE2, 0x00, 0x84, 0xFF, 0xE9, 0x00, 0x88, 0xFF, 0xE7, 0x00, 0x11,
    0x00, 0x4F, 0x00, 0x14, 0x00, 0x57, 0x00, 0x0A, 0x00, 0x5A, 0x00, 0x1F, 0x00, 0x5B, 0x00, 0x0A,
    0x00, 0x60, 0x00, 0x14, 0x00, 0x61, 0x00, 0x0A, 0x00, 0x62, 0x00, 0x0A, 0x00, 0x63, 0x00, 0x14,
    0x00, 0x6B, 0x00, 0x0A, 0x00, 0x6D, 0x00, 0x14, 0x00, 0x6F, 0x00, 0x05, 0x00, 0x79, 0x00, 0x14,
    0x00, 0x7D, 0x00, 0x14, 0x00, 0x82, 0x00, 0x0A, 0x00, 0x88, 0x00, 0x0A, 0x00, 0xB8, 0x00, 0x00,
    0x00, 0xB9, 0xFF, 0x63, 0x00, 0x01, 0x00, 0x7D, 0xFF, 0xEF, 0x00, 0x04, 0x00, 0x5A, 0x00, 0x00,
    0x00, 0x63, 0x00, 0x00, 0x00, 0x69, 0x00, 0x0A, 0x00, 0x79, 0x00, 0x00, 0x00, 0x0C, 0x00, 0x4F,
    0xFF, 0xE5, 0x00, 0x57, 0xFF, 0xF6, 0x00, 0x6B, 0xFF, 0xE5, 0x00, 0x6D, 0xFF, 0xE3, 0x00, 0x6F,
    0xFF, 0xE7, 0x00, 0x78, 0xFF, 0xE5, 0x00, 0x79, 0xFF, 0xE9, 0x00, 0x7C, 0xFF, 0xEF, 0x00, 0x7D,
    0xFF, 0xE5, 0x00, 0x82, 0xFF, 0xE5, 0x00, 0x83, 0xFF, 0xB9, 0x00, 0x84, 0xFF, 0xE5, 0x00, 0x08,
    0x00, 0x57, 0xFF, 0xE3, 0x00, 0x58, 0xFF, 0xE7, 0x00, 0x5B, 0xFF, 0xE2, 0x00, 0x61, 0xFF, 0xF6,
    0x00, 0x6F, 0xFF, 0xE7, 0x00, 0x76, 0xFF, 0xE3, 0x00, 0x79, 0xFF, 0xEC, 0x00, 0x84, 0xFF, 0xEB,
    0x00, 0x0A, 0x00, 0x4F, 0xFF, 0xE1, 0x00, 0x57, 0xFF, 0xE2, 0x00, 0x58, 0xFF, 0xD8, 0x00, 0x5B,
    0xFF, 0xD8, 0x00, 0x61, 0xFF, 0xD5, 0x00, 0x6A, 0xFF, 0xC7, 0x00, 0x6C, 0xFF, 0xC7, 0x00, 0x6D,
    0xFF, 0xF6, 0x00, 0x76, 0xFF, 0xC7, 0x00, 0x83, 0xFF, 0xBB, 0x00, 0x10, 0x00, 0x4F, 0x00, 0x0B,
    0x00, 0x57, 0x00, 0x03, 0x00, 0x5A, 0x00, 0x1E, 0x00, 0x5B, 0x00, 0x0A, 0x00, 0x60, 0x00, 0x0A,
    0x00, 0x63, 0x00, 0x1E, 0x00, 0x6B, 0x00, 0x0A, 0x00, 0x6C, 0x00, 0x00, 0x00, 0x6D, 0x00, 0x0A,
    0x00, 0x6F, 0x00, 0x0A, 0x00, 0x7D, 0x00, 0x0B, 0x00, 0x82, 0x00, 0x00, 0x00, 0x83, 0x00, 0x00,
    0x00, 0x85, 0x00, 0x14, 0x00, 0x88, 0x00, 0x0A, 0x00, 0xD4, 0x00, 0x00, 0x00, 0x02, 0x00, 0x5B,
    0x00, 0x00, 0x00, 0x63, 0x00, 0x0A, 0x00, 0x04, 0x00, 0x4F, 0x00, 0x0A, 0x00, 0x5B, 0x00, 0x00,
    0x00, 0x69, 0x00, 0x28, 0x00, 0x7D, 0x00, 0x0A, 0x00, 0x13, 0x00, 0x4F, 0x00, 0x01, 0x00, 0x58,
    0x00, 0x0A, 0x00, 0x5A, 0x00, 0x14, 0x00, 0x5B, 0x00, 0x0A, 0x00, 0x60, 0x00, 0x14, 0x00, 0x61,
    0x00, 0x00, 0x00, 0x62, 0x00, 0x14, 0x00, 0x6A, 0x00, 0x0A, 0x00, 0x6B, 0x00, 0x1E, 0x00, 0x6D,
    0x00, 0x28, 0x00, 0x76, 0x00, 0x14, 0x00, 0x77, 0x00, 0x32, 0x00, 0x78, 0x00, 0x1E, 0x00, 0x79,
    0x00, 0x28, 0x00, 0x7C, 0x00, 0x14, 0x00, 0x82, 0x00, 0x0A, 0x00, 0x83, 0x00, 0x14, 0x00, 0x84,
    0x00, 0x14, 0x00, 0x88, 0x00, 0x0A, 0x00, 0x04, 0x00, 0x4F, 0x00, 0x00, 0x00, 0x5B, 0xFF, 0xFF,
    0x00, 0x60, 0x00, 0x00, 0x00, 0x63, 0x00, 0x00, 0x00, 0x0D, 0x00, 0x4F, 0xFF, 0xE7, 0x00, 0x58,
    0xFF, 0xE9, 0x00, 0x5B, 0xFF, 0xE9, 0x00, 0x60, 0xFF, 0xF6, 0x00, 0x61, 0xFF, 0xEC, 0x00, 0x6C,
    0xFF, 0xF6, 0x00, 0x6F, 0xFF, 0xE9, 0x00, 0x78, 0xFF, 0xE7, 0x00, 0x79, 0xFF, 0xEB, 0x00, 0x7D,
    0xFF, 0xE7, 0x00, 0x83, 0xFF, 0xD7, 0x00, 0x85, 0xFF, 0xEC, 0x00, 0x88, 0xFF, 0xF6, 0x00, 0x0A,
    0x00, 0x4F, 0x00, 0x0A, 0x00, 0x5A, 0x00, 0x0A, 0x00, 0x62, 0x00, 0x0A, 0x00, 0x69, 0x00, 0x14,
    0x00, 0x6B, 0x00, 0x14, 0x00, 0x6D, 0x00, 0x14, 0x00, 0x6F, 0x00, 0x0A, 0x00, 0x7C, 0x00, 0x1E,
    0x00, 0x7D, 0x00, 0x0A, 0x00, 0xB9, 0xFF, 0x9D, 0x00, 0x0D, 0x00, 0x58, 0xFF, 0xE7, 0x00, 0x5B,
    0xFF, 0xE7, 0x00, 0x61, 0xFF, 0xF6, 0x00, 0x62, 0xFF, 0xF6, 0x00, 0x69, 0x00, 0x0A, 0x00, 0x6B,
    0xFF, 0xE6, 0x00, 0x6F, 0xFF, 0xEC, 0x00, 0x78, 0xFF, 0xF9, 0x00, 0x79, 0xFF, 0xF6, 0x00, 0x82,
    0xFF, 0xC7, 0x00, 0x83, 0xFF, 0xD7, 0x00, 0x84, 0xFF, 0xEB, 0x00, 0x85, 0xFF, 0xF6, 0x00, 0x06,
    0x00, 0x5B, 0xFF, 0xE9, 0x00, 0x6F, 0xFF, 0xE9, 0x00, 0x78, 0xFF, 0xF6, 0x00, 0x7D, 0xFF, 0xE7,
    0x00, 0x83, 0xFF, 0xF6, 0x00, 0x85, 0xFF, 0xEC, 0x00, 0x0C, 0x00, 0x15, 0xFF, 0xEC, 0x00, 0x4F,
    0xFF, 0xF6, 0x00, 0x57, 0xFF, 0xF6, 0x00, 0x58, 0xFF, 0xF6, 0x00, 0x5B, 0xFF, 0xE7, 0x00, 0x62,
    0xFF, 0xE3, 0x00, 0x6A, 0xFF, 0xE3, 0x00, 0x6F, 0xFF, 0xF6, 0x00, 0x78, 0xFF, 0xF6, 0x00, 0x7C,
    0xFF, 0xE5, 0x00, 0x7D, 0xFF, 0xE5, 0x00, 0x88, 0xFF, 0xE3, 0x00, 0x06, 0x00, 0x4F, 0xFF, 0xF6,
    0x00, 0x5A, 0x00, 0x00, 0x00, 0x7D, 0xFF, 0xF6, 0x00, 0x82, 0xFF, 0xF5, 0x00, 0x83, 0xFF, 0xE9,
    0x00, 0xD4, 0x00, 0x0A, 0x00, 0x0E, 0x00, 0x57, 0xFF, 0xE3, 0x00, 0x58, 0xFF, 0xDD, 0x00, 0x61,
    0xFF, 0xF6, 0x00, 0x62, 0xFF, 0xF6, 0x00, 0x6A, 0xFF, 0xF6, 0x00, 0x6B, 0xFF, 0xE5, 0x00, 0x6C,
    0xFF, 0xE3, 0x00, 0x6D, 0xFF, 0xF7, 0x00, 0x78, 0xFF, 0xE5, 0x00, 0x79, 0xFF, 0xE9, 0x00, 0x82,
    0xFF, 0xD9, 0x00, 0x83, 0xFF, 0xD5, 0x00, 0x84, 0xFF, 0xEB, 0x00, 0x88, 0xFF, 0xE3, 0x00, 0x02,
    0x00, 0x4B, 0xFE, 0xD7, 0x00, 0x4C, 0xFE, 0xDD, 0x00, 0x01, 0x00, 0x3A, 0x00, 0x00, 0x00, 0x01,
    0x00, 0x3A, 0xFE, 0xDD, 0x00, 0x02, 0x00, 0x35, 0x00, 0x00, 0x00, 0x5B, 0xFF, 0xE2, 0x00, 0x08,
    0x00, 0x2A, 0x00, 0x00, 0x00, 0x4F, 0xFF, 0xEF, 0x00, 0x5B, 0xFF, 0xCD, 0x00, 0x63, 0x00, 0x00,
    0x00, 0x6F, 0xFF, 0xCD, 0x00, 0x76, 0xFF, 0xED, 0x00, 0x79, 0xFF, 0xD1, 0x00, 0x7D, 0xFF, 0xEF,
    0x00, 0x03, 0x00, 0x09, 0xFF, 0xE7, 0x00, 0x4F, 0xFF, 0xEC, 0x00, 0x5B, 0xFF, 0xEC, 0x00, 0x09,
    0x00, 0x01, 0xFF, 0xCF, 0x00, 0x20, 0xFF, 0xD3, 0x00, 0x4F, 0xFF, 0xC4, 0x00, 0x5B, 0xFF, 0xB0,
    0x00, 0x62, 0xFF, 0xE2, 0x00, 0x63, 0xFF, 0xD8, 0x00, 0x6F, 0xFF, 0xBF, 0x00, 0x7D, 0xFF, 0xC4,
    0x00, 0x85, 0xFF, 0xEB, 0x00, 0x07, 0x00, 0x01, 0xFF, 0xF5, 0x00, 0x20, 0x00, 0x00, 0x00, 0x2A,
    0x00, 0x00, 0x00, 0x5B, 0xFF, 0xCE, 0x00, 0x63, 0x00, 0x0A, 0x00, 0x6F, 0xFF, 0xCE, 0x00, 0x79,
    0xFF, 0xC8, 0x00, 0x04, 0x00, 0x79, 0xFF, 0xF6, 0x00, 0x82, 0xFF, 0xEC, 0x00, 0x83, 0xFF, 0xF6,
    0x00, 0x84, 0xFF, 0xF6, 0x00, 0x06, 0x00, 0x6F, 0xFF, 0xE9, 0x00, 0x79, 0xFF, 0xEB, 0x00, 0x7D,
    0x00, 0x00, 0x00, 0x83, 0x00, 0x00, 0x00, 0x85, 0x00, 0x00, 0x00, 0x88, 0x00, 0x00, 0x00, 0x04,
    0x00, 0x1E, 0xFF, 0xE3, 0x00, 0x33, 0xFF, 0xDF, 0x00, 0x35, 0x00, 0x00, 0x00, 0x83, 0xFF, 0xE2,
    0x00, 0x02, 0x00, 0x32, 0xFF, 0xDF, 0x00, 0x33, 0xFF, 0xDF, 0x00, 0x04, 0x00, 0x01, 0x00, 0x00,
    0x00, 0x1A, 0xFF, 0xE3, 0x00, 0x5A, 0x00, 0x00, 0x00, 0x82, 0x00, 0x00, 0x00, 0x06, 0x00, 0x32,
    0xFF, 0xDD, 0x00, 0x33, 0xFF, 0xDD, 0x00, 0x34, 0xFF, 0xE1, 0x00, 0x58, 0xFF, 0xEC, 0x00, 0x61,
    0xFF, 0xF6, 0x00, 0x88, 0xFF, 0xEC, 0x00, 0x02, 0x00, 0x4F, 0xFF, 0xF6, 0x00, 0x58, 0xFF, 0xEC,
    0x00, 0x04, 0x00, 0x32, 0xFF, 0x37, 0x00, 0x33, 0xFF, 0x91, 0x00, 0x35, 0xFF, 0x5B, 0x00, 0x6B,
    0x00, 0x0A, 0x00, 0x05, 0x00, 0x01, 0xFF, 0xE9, 0x00, 0x14, 0xFF, 0xEB, 0x00, 0x4F, 0xFF, 0xF6,
    0x00, 0x6F, 0xFF, 0xE2, 0x00, 0x85, 0xFF, 0xF6, 0x00, 0x0E, 0x00, 0x1A, 0x00, 0x1E, 0x00, 0x1B,
    0x00, 0x0A, 0x00, 0x2C, 0x00, 0x14, 0x00, 0x4F, 0x00, 0x14, 0x00, 0x57, 0x00, 0x0A, 0x00, 0x6D,
    0x00, 0x14, 0x00, 0x6F, 0x00, 0x0A, 0x00, 0x76, 0x00, 0x14, 0x00, 0x77, 0x00, 0x14, 0x00, 0x78,
    0x00, 0x0A, 0x00, 0x79, 0x00, 0x0A, 0x00, 0x82, 0x00, 0x2C, 0x00, 0x83, 0x00, 0x0A, 0x00, 0x84,
    0x00, 0x14, 0x00, 0x03, 0x00, 0x33, 0xFF, 0xDD, 0x00, 0x35, 0xFF, 0xEF, 0x00, 0x5A, 0x00, 0x0A,
    0x00, 0x05, 0x00, 0x1A, 0xFF, 0x42, 0x00, 0x29, 0x00, 0x00, 0x00, 0x2C, 0x00, 0x0A, 0x00, 0x85,
    0x00, 0x00, 0x00, 0xB8, 0x00, 0x00, 0x00, 0x02, 0x00, 0x1D, 0xFF, 0xED, 0x00, 0x20, 0xFF, 0xEF,
    0x00, 0x05, 0x00, 0x1D, 0xFF, 0xEC, 0x00, 0x32, 0xFF, 0xDB, 0x00, 0x33, 0xFF, 0xE2, 0x00, 0x38,
    0xFF, 0xE5, 0x00, 0x63, 0xFF, 0xF6, 0x00, 0x01, 0x00, 0x5B, 0xFF, 0xF6, 0x00, 0x03, 0x00, 0x32,
    0xFF, 0xC5, 0x00, 0x35, 0xFF, 0xD7, 0x00, 0x62, 0xFF, 0xF6, 0x00, 0x02, 0x00, 0x33, 0xFF, 0xD9,
    0x00, 0x35, 0xFF, 0xEB, 0x00, 0x02, 0x00, 0x14, 0x00, 0x00, 0x01, 0xE0, 0x02, 0xD0, 0x00, 0x04,
    0x00, 0x09, 0x00, 0x00, 0x61, 0x31, 0x25, 0x11, 0x21, 0x03, 0x31, 0x11, 0x21, 0x11, 0x01, 0xE0,
    0xFE, 0x34, 0x01, 0xCC, 0x28, 0xFE, 0x84, 0x01, 0x02, 0xCF, 0xFD, 0x58, 0x02, 0x80, 0xFD, 0x80,
    0x00, 0x02, 0x00, 0x3A, 0x00, 0x00, 0x03, 0x0A, 0x02, 0xD0, 0x00, 0x10, 0x00, 0x1B, 0x00, 0x00,
    0x73, 0x11, 0x34, 0x36, 0x36, 0x33, 0x21, 0x32, 0x16, 0x16, 0x15, 0x11, 0x23, 0x35, 0x21, 0x15,
    0x23, 0x13, 0x21, 0x35, 0x30, 0x30, 0x31, 0x21, 0x30, 0x30, 0x31, 0x15, 0x3A, 0x28, 0x44, 0x28,
    0x01, 0xA7, 0x29, 0x43, 0x29, 0x9D, 0xFE, 0x68, 0x9B, 0x9B, 0x01, 0x98, 0xFE, 0x68, 0x02, 0x3C,
    0x29, 0x43, 0x28, 0x28, 0x43, 0x29, 0xFD, 0xC4, 0xE8, 0xE8, 0x01, 0x84, 0xB0, 0xB0, 0xFF, 0xFF,
    0x00, 0x3A, 0x00, 0x00, 0x03, 0x0A, 0x03, 0xD7, 0x06, 0x26, 0x00, 0x01, 0x00, 0x00, 0x00, 0x07,
    0x00, 0xEE, 0x01, 0xA2, 0x00, 0x8C, 0xFF, 0xFF, 0x00, 0x3A, 0x00, 0x00, 0x03, 0x0A, 0x03, 0xC4,
    0x06, 0x26, 0x00, 0x01, 0x00, 0x00, 0x00, 0x07, 0x00, 0xEF, 0x01, 0xA2, 0x00, 0x8C, 0xFF, 0xFF,
    0x00, 0x3A, 0x00, 0x00, 0x03, 0x0A, 0x03, 0xA6, 0x06, 0x26, 0x00, 0x01, 0x00, 0x00, 0x00, 0x07,
    0x00, 0xEB, 0x01, 0xA2, 0x00, 0x8C, 0xFF, 0xFF, 0x00, 0x3A, 0x00, 0x00, 0x03, 0x0A, 0x03, 0xD7,
    0x06, 0x26, 0x00, 0x01, 0x00, 0x00, 0x00, 0x07, 0x00, 0xED, 0x01, 0xA2, 0x00, 0x8C, 0xFF, 0xFF,
    0x00, 0x3A, 0x00, 0x00, 0x03, 0x0A, 0x03, 0xD5, 0x06, 0x26, 0x00, 0x01, 0x00, 0x00, 0x00, 0x07,
    0x00, 0xF1, 0x01, 0xA2, 0x00, 0x8C, 0xFF, 0xFF, 0x00, 0x3A, 0x00, 0x00, 0x03, 0x0A, 0x03, 0xDC,
    0x06, 0x26, 0x00, 0x01, 0x00, 0x00, 0x00, 0x07, 0x00, 0xF2, 0x01, 0xA2, 0x00, 0x8C, 0x00, 0x02,
    0x00, 0x36, 0x00, 0x00, 0x05, 0x03, 0x02, 0xD0, 0x00, 0x14, 0x00, 0x1F, 0x00, 0x00, 0x73, 0x31,
    0x11, 0x34, 0x36, 0x36, 0x33, 0x21, 0x15, 0x21, 0x15, 0x21, 0x15, 0x21, 0x15, 0x21, 0x15, 0x21,
    0x35, 0x21, 0x15, 0x11, 0x31, 0x21, 0x35, 0x30, 0x30, 0x31, 0x21, 0x30, 0x30, 0x31, 0x36, 0x29,
    0x43, 0x28, 0x04, 0x39, 0xFE, 0x03, 0x01, 0x99, 0xFE, 0x67, 0x01, 0xFD, 0xFD, 0x68, 0xFE, 0x68,
    0x01, 0x98, 0xFE, 0x68, 0x02, 0x3C, 0x29, 0x43, 0x28, 0x9C, 0x7E, 0x9C, 0x7E, 0x9C, 0xE8, 0xE8,
    0x01, 0x84, 0xB0, 0x00, 0x00, 0x03, 0x00, 0x3B, 0x00, 0x00, 0x03, 0x0B, 0x02, 0xD0, 0x00, 0x13,
    0x00, 0x23, 0x00, 0x33, 0x00, 0x00, 0x73, 0x11, 0x21, 0x32, 0x16, 0x16, 0x15, 0x15, 0x14, 0x06,
    0x07, 0x16, 0x16, 0x15, 0x15, 0x14, 0x06, 0x06, 0x23, 0x21, 0x37, 0x21, 0x30, 0x30, 0x31, 0x35,
    0x30, 0x30, 0x31, 0x21, 0x30, 0x30, 0x31, 0x15, 0x30, 0x30, 0x11, 0x21, 0x30, 0x30, 0x31, 0x35,
    0x30, 0x30, 0x31, 0x21, 0x30, 0x30, 0x31, 0x15, 0x30, 0x30, 0x3B, 0x02, 0x20, 0x28, 0x43, 0x29,
    0x03, 0x04, 0x0F, 0x14, 0x29, 0x43, 0x29, 0xFD, 0xC5, 0x9B, 0x01, 0x98, 0xFE, 0x68, 0x01, 0x7C,
    0xFE, 0x84, 0x02, 0xD0, 0x28, 0x43, 0x29, 0x87, 0x0D, 0x17, 0x0A, 0x13, 0x32, 0x19, 0x95, 0x28,
    0x44, 0x28, 0x9C, 0x84, 0x84, 0x01, 0x20, 0x78, 0x78, 0x00, 0x00, 0x01, 0x00, 0x38, 0x00, 0x00,
    0x03, 0x06, 0x02, 0xD0, 0x00, 0x15, 0x00, 0x00, 0x73, 0x22, 0x26, 0x26, 0x35, 0x11, 0x34, 0x36,
    0x36, 0x33, 0x21, 0x15, 0x21, 0x22, 0x06, 0x15, 0x11, 0x14, 0x16, 0x33, 0x21, 0x15, 0xCC, 0x29,
    0x43, 0x28, 0x28, 0x43, 0x29, 0x02, 0x3A, 0xFD, 0xEE, 0x10, 0x11, 0x11, 0x10, 0x02, 0x12, 0x28,
    0x43, 0x29, 0x01, 0xA8, 0x29, 0x43, 0x28, 0x9C, 0x10, 0x11, 0xFE, 0xAA, 0x10, 0x11, 0x9C, 0x00,
    0xFF, 0xFF, 0x00, 0x38, 0xFF, 0x64, 0x03, 0x06, 0x02, 0xD0, 0x06, 0x26, 0x00, 0x0A, 0x00, 0x00,
    0x00, 0x06, 0x00, 0xF3, 0x00, 0x00, 0x00, 0x02, 0x00, 0x3A, 0x00, 0x00, 0x03, 0x0A, 0x02, 0xD0,
    0x00, 0x0B, 0x00, 0x1B, 0x00, 0x00, 0x73, 0x11, 0x21, 0x32, 0x16, 0x16, 0x15, 0x11, 0x14, 0x06,
    0x06, 0x23, 0x25, 0x21, 0x30, 0x30, 0x31, 0x11, 0x30, 0x30, 0x31, 0x21, 0x30, 0x30, 0x31, 0x11,
    0x30, 0x30, 0x3A, 0x02, 0x3B, 0x29, 0x43, 0x29, 0x29, 0x43, 0x29, 0xFE, 0x5F, 0x01, 0x99, 0xFE,
    0x67, 0x02, 0xD0, 0x28, 0x43, 0x29, 0xFE, 0x58, 0x28, 0x44, 0x28, 0x9C, 0x01, 0x98, 0xFE, 0x68,
    0x00, 0x01, 0x00, 0x3A, 0x00, 0x00, 0x02, 0xD3, 0x02, 0xD0, 0x00, 0x0B, 0x00, 0x00, 0x73, 0x11,
    0x21, 0x15, 0x21, 0x15, 0x21, 0x15, 0x21, 0x15, 0x21, 0x15, 0x3A, 0x02, 0x99, 0xFE, 0x04, 0x01,
    0x99, 0xFE, 0x67, 0x01, 0xFC, 0x02, 0xD0, 0x9C, 0x7E, 0x9C, 0x7E, 0x9C, 0xFF, 0xFF, 0x00, 0x3A,
    0x00, 0x00, 0x02, 0xD3, 0x03, 0xD7, 0x06, 0x26, 0x00, 0x0D, 0x00, 0x00, 0x00, 0x07, 0x00, 0xEE,
    0x01, 0x8E, 0x00, 0x8C, 0xFF, 0xFF, 0x00, 0x3A, 0x00, 0x00, 0x02, 0xD3, 0x03, 0xC4, 0x06, 0x26,
    0x00, 0x0D, 0x00, 0x00, 0x00, 0x07, 0x00, 0xEF, 0x01, 0x8E, 0x00, 0x8C, 0xFF, 0xFF, 0x00, 0x3A,
    0x00, 0x00, 0x02, 0xD3, 0x03, 0xA6, 0x06, 0x26, 0x00, 0x0D, 0x00, 0x00, 0x00, 0x07, 0x00, 0xEB,
    0x01, 0x8E, 0x00, 0x8C, 0xFF, 0xFF, 0x00, 0x3A, 0x00, 0x00, 0x02, 0xD3, 0x03, 0xD7, 0x06, 0x26,
    0x00, 0x0D, 0x00, 0x00, 0x00, 0x07, 0x00, 0xED, 0x01, 0x8E, 0x00, 0x8C, 0x00, 0x01, 0x00, 0x3A,
    0x00, 0x00, 0x02, 0xD3, 0x02, 0xD0, 0x00, 0x09, 0x00, 0x00, 0x73, 0x11, 0x21, 0x15, 0x21, 0x15,
    0x21, 0x15, 0x21, 0x11, 0x3A, 0x02, 0x99, 0xFE, 0x04, 0x01, 0x99, 0xFE, 0x67, 0x02, 0xD0, 0x9C,
    0x7E, 0x9C, 0xFE, 0xE6, 0x00, 0x01, 0x00, 0x38, 0x00, 0x00, 0x03, 0x08, 0x02, 0xD0, 0x00, 0x29,
    0x00, 0x00, 0x73, 0x22, 0x26, 0x26, 0x35, 0x11, 0x34, 0x36, 0x36, 0x33, 0x21, 0x32, 0x16, 0x16,
    0x15, 0x15, 0x23, 0x35, 0x30, 0x30, 0x31, 0x21, 0x30, 0x30, 0x31, 0x11, 0x30, 0x30, 0x31, 0x21,
    0x30, 0x30, 0x31, 0x35, 0x23, 0x35, 0x21, 0x11, 0x14, 0x06, 0x06, 0x23, 0xCC, 0x28, 0x44, 0x28,
    0x28, 0x44, 0x28, 0x01, 0xA7, 0x29, 0x43, 0x29, 0x9D, 0xFE, 0x68, 0x01, 0x98, 0x9C, 0x01, 0x39,
    0x29, 0x43, 0x29, 0x28, 0x44, 0x28, 0x01, 0xA8, 0x29, 0x43, 0x28, 0x28, 0x43, 0x29, 0x44, 0x3C,
    0xFE, 0x68, 0x6C, 0x9C, 0xFE, 0xF0, 0x28, 0x44, 0x28, 0x00, 0x00, 0x01, 0x00, 0x39, 0x00, 0x00,
    0x03, 0x18, 0x02, 0xD0, 0x00, 0x0B, 0x00, 0x00, 0x73, 0x11, 0x33, 0x11, 0x21, 0x11, 0x33, 0x11,
    0x23, 0x11, 0x21, 0x11, 0x39, 0x9B, 0x01, 0xA9, 0x9B, 0x9B, 0xFE, 0x57, 0x02, 0xD0, 0xFE, 0xE6,
    0x01, 0x1A, 0xFD, 0x30, 0x01, 0x1A, 0xFE, 0xE6, 0x00, 0x01, 0x00, 0x1F, 0x00, 0x00, 0x00, 0xB8,
    0x02, 0xD0, 0x00, 0x03, 0x00, 0x00, 0x73, 0x11, 0x33, 0x11, 0x1F, 0x99, 0x02, 0xD0, 0xFD, 0x30,
    0xFF, 0xFF, 0x00, 0x19, 0x00, 0x00, 0x00, 0xE9, 0x03, 0xD7, 0x06, 0x26, 0x00, 0x15, 0x00, 0x00,
    0x00, 0x07, 0x00, 0xEE, 0x00, 0x6D, 0x00, 0x8C, 0xFF, 0xFF, 0xFF, 0xCE, 0x00, 0x00, 0x01, 0x0E,
    0x03, 0xC4, 0x06, 0x26, 0x00, 0x15, 0x00, 0x00, 0x00, 0x07, 0x00, 0xEF, 0x00, 0x6D, 0x00, 0x8C,
    0xFF, 0xFF, 0xFF, 0xB6, 0x00, 0x00, 0x01, 0x25, 0x03, 0xA6, 0x06, 0x26, 0x00, 0x15, 0x00, 0x00,
    0x00, 0x07, 0x00, 0xEB, 0x00, 0x6D, 0x00, 0x8C, 0xFF, 0xFF, 0xFF, 0xF4, 0x00, 0x00, 0x00, 0xC4,
    0x03, 0xD7, 0x06, 0x26, 0x00, 0x15, 0x00, 0x00, 0x00, 0x07, 0x00, 0xED, 0x00, 0x6D, 0x00, 0x8C,
    0x00, 0x01, 0x00, 0x04, 0x00, 0x00, 0x02, 0xD4, 0x02, 0xD0, 0x00, 0x15, 0x00, 0x00, 0x73, 0x22,
    0x26, 0x26, 0x35, 0x35, 0x33, 0x15, 0x30, 0x30, 0x31, 0x21, 0x30, 0x30, 0x31, 0x11, 0x33, 0x11,
    0x14, 0x06, 0x06, 0x23, 0x98, 0x28, 0x44, 0x28, 0x9B, 0x01, 0x98, 0x9D, 0x29, 0x43, 0x28, 0x28,
    0x44, 0x28, 0x5D, 0x55, 0x02, 0x34, 0xFD, 0xC4, 0x28, 0x44, 0x28, 0x00, 0x00, 0x01, 0x00, 0x39,
    0x00, 0x00, 0x02, 0xF0, 0x02, 0xD0, 0x00, 0x0E, 0x00, 0x00, 0x73, 0x11, 0x33, 0x11, 0x33, 0x13,
    0x33, 0x15, 0x01, 0x01, 0x15, 0x23, 0x03, 0x23, 0x11, 0x39, 0x9C, 0x8D, 0xEC, 0xA2, 0xFE, 0xFF,
    0x01, 0x01, 0xA2, 0xEC, 0x8D, 0x02, 0xD0, 0xFE, 0xE6, 0x01, 0x1A, 0x36, 0xFE, 0xCE, 0xFE, 0xCE,
    0x36, 0x01, 0x1A, 0xFE, 0xE6, 0x00, 0x00, 0x01, 0x00, 0x39, 0x00, 0x00, 0x03, 0x09, 0x02, 0xD1,
    0x00, 0x05, 0x00, 0x00, 0x73, 0x11, 0x33, 0x11, 0x21, 0x15, 0x39, 0x9B, 0x02, 0x35, 0x02, 0xD1,
    0xFD, 0xCB, 0x9C, 0x00, 0x00, 0x01, 0x00, 0x38, 0x00, 0x00, 0x03, 0x60, 0x02, 0xD0, 0x00, 0x0B,
    0x00, 0x00, 0x73, 0x11, 0x33, 0x13, 0x13, 0x33, 0x11, 0x23, 0x11, 0x03, 0x03, 0x11, 0x38, 0xA0,
    0xF4, 0xF3, 0xA1, 0x9C, 0xF8, 0xF9, 0x02, 0xD0, 0xFE, 0xDD, 0x01, 0x23, 0xFD, 0x30, 0x01, 0xE3,
    0xFE, 0xD8, 0x01, 0x27, 0xFE, 0x1E, 0x00, 0x01, 0x00, 0x38, 0x00, 0x00, 0x03, 0x08, 0x02, 0xD0,
    0x00, 0x09, 0x00, 0x00, 0x73, 0x11, 0x33, 0x01, 0x11, 0x33, 0x11, 0x23, 0x01, 0x11, 0x38, 0xA0,
    0x01, 0x93, 0x9D, 0xA0, 0xFE, 0x6B, 0x02, 0xD0, 0xFE, 0x20, 0x01, 0xE0, 0xFD, 0x30, 0x01, 0xE2,
    0xFE, 0x1E, 0xFF, 0xFF, 0x00, 0x38, 0x00, 0x00, 0x03, 0x08, 0x03, 0xDC, 0x06, 0x26, 0x00, 0x1E,
    0x00, 0x00, 0x00, 0x07, 0x00, 0xF2, 0x01, 0x93, 0x00, 0x8C, 0x00, 0x02, 0x00, 0x36, 0x00, 0x00,
    0x03, 0x06, 0x02, 0xD0, 0x00, 0x13, 0x00, 0x23, 0x00, 0x00, 0x73, 0x22, 0x26, 0x26, 0x35, 0x11,
    0x34, 0x36, 0x36, 0x33, 0x21, 0x32, 0x16, 0x16, 0x15, 0x11, 0x14, 0x06, 0x06, 0x23, 0x25, 0x21,
    0x30, 0x30, 0x31, 0x11, 0x30, 0x30, 0x31, 0x21, 0x30, 0x30, 0x31, 0x11, 0x30, 0x30, 0xCA, 0x28,
    0x44, 0x28, 0x28, 0x44, 0x28, 0x01, 0xA8, 0x28, 0x43, 0x29, 0x29, 0x43, 0x28, 0xFE, 0x5F, 0x01,
    0x98, 0xFE, 0x68, 0x28, 0x44, 0x28, 0x01, 0xA8, 0x29, 0x43, 0x28, 0x28, 0x43, 0x29, 0xFE, 0x58,
    0x28, 0x44, 0x28, 0x9C, 0x01, 0x98, 0xFE, 0x68, 0xFF, 0xFF, 0x00, 0x36, 0x00, 0x00, 0x03, 0x06,
    0x03, 0xD7, 0x06, 0x26, 0x00, 0x20, 0x00, 0x00, 0x00, 0x07, 0x00, 0xEE, 0x01, 0x9E, 0x00, 0x8C,
    0xFF, 0xFF, 0x00, 0x36, 0x00, 0x00, 0x03, 0x06, 0x03, 0xC4, 0x06, 0x26, 0x00, 0x20, 0x00, 0x00,
    0x00, 0x07, 0x00, 0xEF, 0x01, 0x9E, 0x00, 0x8C, 0xFF, 0xFF, 0x00, 0x36, 0x00, 0x00, 0x03, 0x06,
    0x03, 0xA6, 0x06, 0x26, 0x00, 0x20, 0x00, 0x00, 0x00, 0x07, 0x00, 0xEB, 0x01, 0x9E, 0x00, 0x8C,
    0xFF, 0xFF, 0x00, 0x36, 0x00, 0x00, 0x03, 0x06, 0x03, 0xD7, 0x06, 0x26, 0x00, 0x20, 0x00, 0x00,
    0x00, 0x07, 0x00, 0xED, 0x01, 0x9E, 0x00, 0x8C, 0xFF, 0xFF, 0x00, 0x36, 0x00, 0x00, 0x03, 0x06,
    0x03, 0xDC, 0x06, 0x26, 0x00, 0x20, 0x00, 0x00, 0x00, 0x07, 0x00, 0xF2, 0x01, 0x9E, 0x00, 0x8C,
    0x00, 0x02, 0x00, 0x35, 0x00, 0x00, 0x05, 0x02, 0x02, 0xD0, 0x00, 0x13, 0x00, 0x23, 0x00, 0x00,
    0x73, 0x22, 0x26, 0x26, 0x35, 0x11, 0x34, 0x36, 0x36, 0x33, 0x21, 0x15, 0x21, 0x15, 0x21, 0x15,
    0x21, 0x15, 0x21, 0x15, 0x25, 0x21, 0x30, 0x30, 0x31, 0x11, 0x30, 0x30, 0x31, 0x21, 0x30, 0x30,
    0x31, 0x11, 0x30, 0x30, 0xC9, 0x28, 0x44, 0x28, 0x28, 0x44, 0x28, 0x04, 0x39, 0xFE, 0x03, 0x01,
    0x99, 0xFE, 0x67, 0x01, 0xFD, 0xFB, 0xD0, 0x01, 0x98, 0xFE, 0x68, 0x28, 0x44, 0x28, 0x01, 0xA8,
    0x29, 0x43, 0x28, 0x9C, 0x7E, 0x9C, 0x7E, 0x9C, 0x9C, 0x01, 0x98, 0xFE, 0x68, 0x00, 0x00, 0x02,
    0x00, 0x38, 0x00, 0x00, 0x03, 0x08, 0x02, 0xCF, 0x00, 0x0D, 0x00, 0x1D, 0x00, 0x00, 0x73, 0x11,
    0x21, 0x32, 0x16, 0x16, 0x15, 0x15, 0x14, 0x06, 0x06, 0x23, 0x05, 0x15, 0x11, 0x21, 0x30, 0x30,
    0x31, 0x35, 0x30, 0x30, 0x31, 0x21, 0x30, 0x30, 0x31, 0x15, 0x30, 0x30, 0x38, 0x02, 0x3B, 0x29,
    0x43, 0x29, 0x29, 0x43, 0x29, 0xFE, 0x60, 0x01, 0x98, 0xFE, 0x68, 0x02, 0xCF, 0x28, 0x44, 0x28,
    0xBA, 0x28, 0x44, 0x28, 0x01, 0xEC, 0x01, 0x89, 0xAB, 0xAB, 0x00, 0x03, 0x00, 0x36, 0x00, 0x00,
    0x03, 0x58, 0x02, 0xD0, 0x00, 0x05, 0x00, 0x19, 0x00, 0x29, 0x00, 0x00, 0x61, 0x35, 0x37, 0x31,
    0x33, 0x15, 0x21, 0x22, 0x26, 0x26, 0x35, 0x11, 0x34, 0x36, 0x36, 0x33, 0x21, 0x32, 0x16, 0x16,
    0x15, 0x11, 0x14, 0x06, 0x06, 0x23, 0x25, 0x21, 0x30, 0x30, 0x31, 0x11, 0x30, 0x30, 0x31, 0x21,
    0x30, 0x30, 0x31, 0x11, 0x30, 0x30, 0x02, 0x6C, 0x9A, 0x52, 0xFD, 0x72, 0x28, 0x44, 0x28, 0x28,
    0x44, 0x28, 0x01, 0xA8, 0x28, 0x43, 0x29, 0x29, 0x43, 0x28, 0xFE, 0x5F, 0x01, 0x98, 0xFE, 0x68,
    0x90, 0x0C, 0x9C, 0x28, 0x44, 0x28, 0x01, 0xA8, 0x29, 0x43, 0x28, 0x28, 0x43, 0x29, 0xFE, 0x58,
    0x28, 0x44, 0x28, 0x9C, 0x01, 0x98, 0xFE, 0x68, 0x00, 0x03, 0x00, 0x38, 0x00, 0x00, 0x03, 0x08,
    0x02, 0xCF, 0x00, 0x04, 0x00, 0x12, 0x00, 0x22, 0x00, 0x00, 0x61, 0x27, 0x33, 0x17, 0x15, 0x21,
    0x11, 0x21, 0x32, 0x16, 0x16, 0x15, 0x15, 0x14, 0x06, 0x06, 0x23, 0x05, 0x15, 0x11, 0x21, 0x30,
    0x30, 0x31, 0x35, 0x30, 0x30, 0x31, 0x21, 0x30, 0x30, 0x31, 0x15, 0x30, 0x30, 0x02, 0x67, 0xD1,
    0xCB, 0xA6, 0xFD, 0x31, 0x02, 0x3B, 0x29, 0x43, 0x29, 0x29, 0x43, 0x29, 0xFE, 0x60, 0x01, 0x98,
    0xFE, 0x68, 0xF9, 0xC4, 0x35, 0x02, 0xCF, 0x28, 0x44, 0x28, 0xBA, 0x28, 0x44, 0x28, 0x01, 0xEC,
    0x01, 0x89, 0xAB, 0xAB, 0x00, 0x01, 0x00, 0x36, 0x00, 0x00, 0x03, 0x06, 0x02, 0xD0, 0x00, 0x39,
    0x00, 0x00, 0x73, 0x22, 0x26, 0x26, 0x35, 0x35, 0x33, 0x15, 0x30, 0x30, 0x31, 0x21, 0x30, 0x30,
    0x31, 0x35, 0x30, 0x30, 0x31, 0x21, 0x22, 0x26, 0x26, 0x35, 0x35, 0x34, 0x36, 0x36, 0x33, 0x21,
    0x32, 0x16, 0x16, 0x15, 0x15, 0x23, 0x35, 0x30, 0x30, 0x31, 0x21, 0x30, 0x30, 0x31, 0x15, 0x30,
    0x30, 0x31, 0x21, 0x32, 0x16, 0x16, 0x15, 0x15, 0x14, 0x06, 0x06, 0x23, 0xCA, 0x28, 0x44, 0x28,
    0x9B, 0x01, 0x98, 0xFE, 0x61, 0x28, 0x44, 0x28, 0x28, 0x44, 0x28, 0x01, 0xA8, 0x28, 0x43, 0x29,
    0x9D, 0xFE, 0x68, 0x01, 0xA1, 0x28, 0x43, 0x29, 0x29, 0x43, 0x28, 0x28, 0x44, 0x28, 0x43, 0x3B,
    0x7E, 0x28, 0x43, 0x29, 0x8E, 0x29, 0x43, 0x28, 0x28, 0x43, 0x29, 0x43, 0x3B, 0x7E, 0x28, 0x43,
    0x29, 0x8E, 0x28, 0x44, 0x28, 0x00, 0xFF, 0xFF, 0x00, 0x36, 0x00, 0x00, 0x03, 0x06, 0x03, 0xC4,
    0x06, 0x26, 0x00, 0x2A, 0x00, 0x00, 0x00, 0x07, 0x00, 0xF0, 0x01, 0x9E, 0x00, 0x8C, 0x00, 0x01,
    0x00, 0x14, 0x00, 0x00, 0x02, 0xE4, 0x02, 0xD0, 0x00, 0x08, 0x00, 0x00, 0x61, 0x31, 0x11, 0x21,
    0x35, 0x21, 0x15, 0x21, 0x11, 0x01, 0x2E, 0xFE, 0xE6, 0x02, 0xD0, 0xFE, 0xE6, 0x02, 0x34, 0x9C,
    0x9C, 0xFD, 0xCC, 0x00, 0x00, 0x01, 0x00, 0x36, 0x00, 0x00, 0x03, 0x06, 0x02, 0xD0, 0x00, 0x16,
    0x00, 0x00, 0x73, 0x22, 0x26, 0x26, 0x35, 0x11, 0x33, 0x11, 0x30, 0x30, 0x31, 0x21, 0x30, 0x30,
    0x31, 0x11, 0x33, 0x11, 0x14, 0x06, 0x06, 0x23, 0x21, 0xCA, 0x28, 0x44, 0x28, 0x9B, 0x01, 0x98,
    0x9D, 0x29, 0x43, 0x28, 0xFE, 0x58, 0x28, 0x44, 0x28, 0x02, 0x3C, 0xFD, 0xCC, 0x02, 0x34, 0xFD,
    0xC4, 0x28, 0x44, 0x28, 0xFF, 0xFF, 0x00, 0x36, 0x00, 0x00, 0x03, 0x06, 0x03, 0xD7, 0x06, 0x26,
    0x00, 0x2D, 0x00, 0x00, 0x00, 0x07, 0x00, 0xEE, 0x01, 0x9E, 0x00, 0x8C, 0xFF, 0xFF, 0x00, 0x36,
    0x00, 0x00, 0x03, 0x06, 0x03, 0xC4, 0x06, 0x26, 0x00, 0x2D, 0x00, 0x00, 0x00, 0x07, 0x00, 0xEF,
    0x01, 0x9E, 0x00, 0x8C, 0xFF, 0xFF, 0x00, 0x36, 0x00, 0x00, 0x03, 0x06, 0x03, 0xA6, 0x06, 0x26,
    0x00, 0x2D, 0x00, 0x00, 0x00, 0x07, 0x00, 0xEB, 0x01, 0x9E, 0x00, 0x8C, 0xFF, 0xFF, 0x00, 0x36,
    0x00, 0x00, 0x03, 0x06, 0x03, 0xD7, 0x06, 0x26, 0x00, 0x2D, 0x00, 0x00, 0x00, 0x07, 0x00, 0xED,
    0x01, 0x9E, 0x00, 0x8C, 0x00, 0x01, 0x00, 0x23, 0x00, 0x00, 0x03, 0xE6, 0x02, 0xD0, 0x00, 0x07,
    0x00, 0x00, 0x61, 0x31, 0x01, 0x33, 0x01, 0x01, 0x33, 0x01, 0x01, 0xC4, 0xFE, 0x5F, 0xB4, 0x01,
    0x2E, 0x01, 0x2E, 0xB3, 0xFE, 0x5F, 0x02, 0xD0, 0xFD, 0xF5, 0x02, 0x0B, 0xFD, 0x30, 0x00, 0x01,
    0x00, 0x23, 0x00, 0x00, 0x04, 0x70, 0x02, 0xD0, 0x00, 0x0D, 0x00, 0x00, 0x61, 0x31, 0x01, 0x33,
    0x13, 0x13, 0x33, 0x13, 0x13, 0x33, 0x01, 0x23, 0x03, 0x03, 0x01, 0x29, 0xFE, 0xFA, 0xA5, 0x9D,
    0x9D, 0x8F, 0x9E, 0x9D, 0xA4, 0xFE, 0xFA, 0x77, 0xAA, 0xA9, 0x02, 0xD0, 0xFE, 0x53, 0x01, 0xAD,
    0xFE, 0x53, 0x01, 0xAD, 0xFD, 0x30, 0x01, 0xCF, 0xFE, 0x31, 0x00, 0x01, 0x00, 0x2E, 0x00, 0x00,
    0x02, 0xFE, 0x02, 0xD0, 0x00, 0x10, 0x00, 0x00, 0x73, 0x31, 0x35, 0x01, 0x01, 0x35, 0x33, 0x17,
    0x37, 0x33, 0x15, 0x01, 0x01, 0x15, 0x23, 0x27, 0x07, 0x2E, 0x01, 0x01, 0xFE, 0xFF, 0xA1, 0xC8,
    0xC6, 0xA1, 0xFE, 0xFE, 0x01, 0x02, 0xA1, 0xC8, 0xC6, 0x35, 0x01, 0x33, 0x01, 0x33, 0x35, 0xED,
    0xED, 0x35, 0xFE, 0xCD, 0xFE, 0xCE, 0x36, 0xEC, 0xEC, 0x00, 0x00, 0x01, 0xFF, 0xF7, 0x00, 0x00,
    0x03, 0x2E, 0x02, 0xD0, 0x00, 0x09, 0x00, 0x00, 0x61, 0x31, 0x11, 0x01, 0x33, 0x13, 0x13, 0x33,
    0x01, 0x11, 0x01, 0x44, 0xFE, 0xB3, 0xB9, 0xE2, 0xE1, 0xBB, 0xFE, 0xB2, 0x01, 0x0D, 0x01, 0xC3,
    0xFE, 0xE4, 0x01, 0x1C, 0xFE, 0x3C, 0xFE, 0xF4, 0xFF, 0xFF, 0xFF, 0xF7, 0x00, 0x00, 0x03, 0x2E,
    0x03, 0xD7, 0x06, 0x26, 0x00, 0x35, 0x00, 0x00, 0x00, 0x07, 0x00, 0xEE, 0x01, 0x92, 0x00, 0x8C,
    0xFF, 0xFF, 0xFF, 0xF7, 0x00, 0x00, 0x03, 0x2E, 0x03, 0xA6, 0x06, 0x26, 0x00, 0x35, 0x00, 0x00,
    0x00, 0x07, 0x00, 0xEB, 0x01, 0x92, 0x00, 0x8C, 0x00, 0x01, 0x00, 0x33, 0x00, 0x00, 0x03, 0x03,
    0x02, 0xD0, 0x00, 0x0A, 0x00, 0x00, 0x73, 0x31, 0x35, 0x01, 0x21, 0x35, 0x21, 0x15, 0x01, 0x21,
    0x15, 0x33, 0x01, 0xE2, 0xFE, 0x1E, 0x02, 0xD0, 0xFE, 0x1E, 0x01, 0xE2, 0x9F, 0x01, 0x95, 0x9C,
    0x9F, 0xFE, 0x6B, 0x9C, 0xFF, 0xFF, 0x00, 0x33, 0x00, 0x00, 0x03, 0x03, 0x03, 0xC4, 0x06, 0x26,
    0x00, 0x38, 0x00, 0x00, 0x00, 0x07, 0x00, 0xF0, 0x01, 0x9B, 0x00, 0x8C, 0x00, 0x02, 0x00, 0x00,
    0x00, 0x00, 0x02, 0xC2, 0x02, 0xD0, 0x00, 0x09, 0x00, 0x0D, 0x00, 0x00, 0x71, 0x31, 0x35, 0x01,
    0x33, 0x11, 0x23, 0x35, 0x23, 0x07, 0x01, 0x31, 0x33, 0x35, 0x02, 0x25, 0x9D, 0x9A, 0xFA, 0x92,
    0x01, 0x12, 0x7A, 0x32, 0x02, 0x9E, 0xFD, 0x30, 0xAE, 0xAE, 0x01, 0x47, 0x90, 0x00, 0x00, 0x01,
    0x00, 0x34, 0x00, 0x00, 0x03, 0x05, 0x02, 0xD0, 0x00, 0x22, 0x00, 0x00, 0x73, 0x22, 0x26, 0x26,
    0x35, 0x11, 0x34, 0x36, 0x36, 0x33, 0x21, 0x32, 0x16, 0x16, 0x17, 0x15, 0x23, 0x35, 0x21, 0x22,
    0x06, 0x15, 0x11, 0x14, 0x16, 0x33, 0x21, 0x35, 0x33, 0x15, 0x0E, 0x02, 0x23, 0x21, 0xC8, 0x29,
    0x43, 0x28, 0x28, 0x43, 0x29, 0x01, 0xA8, 0x24, 0x3D, 0x2C, 0x08, 0x9D, 0xFE, 0x88, 0x0E, 0x13,
    0x13, 0x0E, 0x01, 0x78, 0x9A, 0x06, 0x2A, 0x3E, 0x24, 0xFE, 0x58, 0x28, 0x43, 0x29, 0x01, 0xA8,
    0x29, 0x43, 0x28, 0x20, 0x37, 0x22, 0x86, 0x63, 0x13, 0x0E, 0xFE, 0xAA, 0x0E, 0x13, 0x63, 0x85,
    0x22, 0x38, 0x20, 0x00, 0x00, 0x01, 0x00, 0x31, 0x00, 0x00, 0x03, 0x01, 0x02, 0xD0, 0x00, 0x0C,
    0x00, 0x00, 0x73, 0x31, 0x35, 0x21, 0x11, 0x21, 0x35, 0x21, 0x15, 0x21, 0x11, 0x21, 0x15, 0x31,
    0x01, 0x1A, 0xFE, 0xE6, 0x02, 0xD0, 0xFE, 0xE6, 0x01, 0x1A, 0x9C, 0x01, 0x98, 0x9C, 0x9C, 0xFE,
    0x68, 0x9C, 0x00, 0x01, 0x00, 0x03, 0x00, 0x00, 0x02, 0x5C, 0x02, 0xD0, 0x00, 0x0D, 0x00, 0x00,
    0x73, 0x31, 0x35, 0x21, 0x30, 0x30, 0x31, 0x11, 0x33, 0x11, 0x14, 0x06, 0x06, 0x23, 0x03, 0x01,
    0xBC, 0x9D, 0x29, 0x44, 0x28, 0x9C, 0x02, 0x34, 0xFD, 0xC4, 0x28, 0x44, 0x28, 0x00, 0x00, 0x01,
    0x00, 0x36, 0x00, 0x00, 0x03, 0x07, 0x02, 0xD0, 0x00, 0x1F, 0x00, 0x00, 0x73, 0x31, 0x11, 0x33,
    0x11, 0x30, 0x30, 0x31, 0x21, 0x30, 0x30, 0x31, 0x11, 0x33, 0x11, 0x14, 0x06, 0x07, 0x16, 0x16,
    0x15, 0x11, 0x23, 0x13, 0x30, 0x30, 0x31, 0x21, 0x30, 0x30, 0x31, 0x11, 0x36, 0x9B, 0x01, 0x99,
    0x9D, 0x1F, 0x1B, 0x1B, 0x1E, 0x9D, 0x01, 0xFE, 0x67, 0x02, 0xD0, 0xFE, 0xE3, 0x01, 0x1D, 0xFE,
    0xED, 0x18, 0x30, 0x10, 0x10, 0x2F, 0x19, 0xFE, 0xF3, 0x01, 0x17, 0xFE, 0xE9, 0x00, 0x00, 0x01,
    0x00, 0x36, 0x00, 0x00, 0x04, 0x34, 0x02, 0xD0, 0x00, 0x16, 0x00, 0x00, 0x73, 0x31, 0x11, 0x21,
    0x32, 0x16, 0x16, 0x15, 0x11, 0x23, 0x11, 0x30, 0x30, 0x31, 0x21, 0x11, 0x23, 0x11, 0x30, 0x30,
    0x31, 0x21, 0x11, 0x36, 0x03, 0x6B, 0x28, 0x43, 0x28, 0x9C, 0xFE, 0xE0, 0x9C, 0xFE, 0xF5, 0x02,
    0xD0, 0x28, 0x43, 0x29, 0xFD, 0xC4, 0x02, 0x34, 0xFD, 0xCC, 0x02, 0x34, 0xFD, 0xCC, 0x00, 0x01,
    0x00, 0x36, 0x00, 0x00, 0x03, 0x06, 0x02, 0xD0, 0x00, 0x0F, 0x00, 0x00, 0x73, 0x31, 0x11, 0x21,
    0x32, 0x16, 0x16, 0x15, 0x11, 0x23, 0x11, 0x30, 0x30, 0x31, 0x21, 0x11, 0x36, 0x02, 0x3C, 0x29,
    0x43, 0x28, 0x9D, 0xFE, 0x68, 0x02, 0xD0, 0x28, 0x43, 0x29, 0xFD, 0xC4, 0x02, 0x34, 0xFD, 0xCC,
    0x00, 0x03, 0x00, 0x36, 0x00, 0x00, 0x03, 0x06, 0x02, 0xD0, 0x00, 0x04, 0x00, 0x18, 0x00, 0x28,
    0x00, 0x00, 0x41, 0x31, 0x35, 0x33, 0x15, 0x01, 0x22, 0x26, 0x26, 0x35, 0x11, 0x34, 0x36, 0x36,
    0x33, 0x21, 0x32, 0x16, 0x16, 0x15, 0x11, 0x14, 0x06, 0x06, 0x23, 0x25, 0x21, 0x30, 0x30, 0x31,
    0x11, 0x30, 0x30, 0x31, 0x21, 0x30, 0x30, 0x31, 0x11, 0x30, 0x30, 0x01, 0x4E, 0x9C, 0xFE, 0xE0,
    0x28, 0x44, 0x28, 0x28, 0x44, 0x28, 0x01, 0xA8, 0x28, 0x43, 0x29, 0x29, 0x43, 0x28, 0xFE, 0x5F,
    0x01, 0x98, 0xFE, 0x68, 0x01, 0x1A, 0x9C, 0x9C, 0xFE, 0xE6, 0x28, 0x44, 0x28, 0x01, 0xA8, 0x29,
    0x43, 0x28, 0x28, 0x43, 0x29, 0xFE, 0x58, 0x28, 0x44, 0x28, 0x9C, 0x01, 0x98, 0xFE, 0x68, 0x00,
    0x00, 0x03, 0x00, 0x36, 0xFF, 0x88, 0x03, 0x06, 0x02, 0xD0, 0x00, 0x03, 0x00, 0x17, 0x00, 0x27,
    0x00, 0x00, 0x45, 0x35, 0x33, 0x15, 0x25, 0x22, 0x26, 0x26, 0x35, 0x11, 0x34, 0x36, 0x36, 0x33,
    0x21, 0x32, 0x16, 0x16, 0x15, 0x11, 0x14, 0x06, 0x06, 0x23, 0x25, 0x21, 0x30, 0x30, 0x31, 0x11,
    0x30, 0x30, 0x31, 0x21, 0x30, 0x30, 0x31, 0x11, 0x30, 0x30, 0x01, 0x4F, 0x9D, 0xFE, 0xDE, 0x28,
    0x44, 0x28, 0x28, 0x44, 0x28, 0x01, 0xA8, 0x28, 0x43, 0x29, 0x29, 0x43, 0x28, 0xFE, 0x5F, 0x01,
    0x98, 0xFE, 0x68, 0x78, 0x88, 0x88, 0x78, 0x28, 0x44, 0x28, 0x01, 0xA8, 0x29, 0x43, 0x28, 0x28,
    0x43, 0x29, 0xFE, 0x58, 0x28, 0x44, 0x28, 0x9C, 0x01, 0x98, 0xFE, 0x68, 0x00, 0x02, 0x00, 0x36,
    0x00, 0x00, 0x03, 0x06, 0x02, 0xD1, 0x00, 0x1C, 0x00, 0x2C, 0x00, 0x00, 0x73, 0x11, 0x05, 0x32,
    0x16, 0x16, 0x15, 0x15, 0x14, 0x0E, 0x02, 0x07, 0x1E, 0x03, 0x15, 0x15, 0x23, 0x35, 0x30, 0x30,
    0x31, 0x21, 0x30, 0x30, 0x31, 0x15, 0x11, 0x21, 0x30, 0x30, 0x31, 0x35, 0x30, 0x30, 0x31, 0x21,
    0x30, 0x30, 0x31, 0x15, 0x30, 0x30, 0x36, 0x02, 0x3C, 0x29, 0x43, 0x28, 0x05, 0x09, 0x0D, 0x07,
    0x08, 0x0C, 0x09, 0x05, 0x9D, 0xFE, 0x68, 0x01, 0x98, 0xFE, 0x68, 0x02, 0xD1, 0x01, 0x29, 0x44,
    0x28, 0xBA, 0x0C, 0x15, 0x11, 0x0E, 0x06, 0x06, 0x0E, 0x11, 0x15, 0x0C, 0xF5, 0xED, 0xED, 0x01,
    0x89, 0xAB, 0xAB, 0x00, 0x00, 0x01, 0x00, 0x2E, 0x00, 0x00, 0x02, 0xFE, 0x02, 0xD0, 0x00, 0x27,
    0x00, 0x00, 0x73, 0x35, 0x21, 0x30, 0x30, 0x31, 0x35, 0x30, 0x30, 0x31, 0x21, 0x22, 0x26, 0x26,
    0x35, 0x35, 0x34, 0x36, 0x36, 0x33, 0x21, 0x15, 0x21, 0x30, 0x30, 0x31, 0x15, 0x30, 0x30, 0x31,
    0x21, 0x32, 0x16, 0x16, 0x15, 0x15, 0x14, 0x06, 0x06, 0x23, 0x2E, 0x02, 0x34, 0xFE, 0x60, 0x28,
    0x44, 0x28, 0x28, 0x44, 0x28, 0x02, 0x3C, 0xFD, 0xCC, 0x01, 0xA0, 0x29, 0x43, 0x28, 0x28, 0x43,
    0x29, 0x9C, 0x7E, 0x28, 0x43, 0x29, 0x8E, 0x29, 0x43, 0x28, 0x9C, 0x7E, 0x28, 0x43, 0x29, 0x8E,
    0x28, 0x44, 0x28, 0x00, 0x00, 0x01, 0x00, 0x36, 0x00, 0x00, 0x02, 0xF9, 0x02, 0xD0, 0x00, 0x08,
    0x00, 0x00, 0x73, 0x31, 0x11, 0x33, 0x11, 0x01, 0x33, 0x15, 0x01, 0x36, 0x99, 0x01, 0x8E, 0x9C,
    0xFD, 0xDA, 0x02, 0xD0, 0xFE, 0x1A, 0x01, 0xE6, 0x40, 0xFD, 0x70, 0x00, 0x00, 0x01, 0x00, 0x50,
    0x00, 0x00, 0x04, 0x7D, 0x02, 0xD0, 0x00, 0x10, 0x00, 0x00, 0x73, 0x31, 0x11, 0x33, 0x11, 0x01,
    0x33, 0x15, 0x07, 0x15, 0x01, 0x33, 0x15, 0x01, 0x23, 0x35, 0x07, 0x50, 0x9C, 0x01, 0x94, 0xA0,
    0xD7, 0x01, 0x93, 0xA1, 0xFD, 0xCF, 0x9F, 0xBD, 0x02, 0xD0, 0xFE, 0x1D, 0x01, 0xE3, 0x35, 0xFE,
    0xB0, 0x01, 0xE3, 0x34, 0xFD, 0x64, 0xE1, 0xE1, 0x00, 0x01, 0x00, 0x36, 0x00, 0x00, 0x03, 0x07,
    0x02, 0xD0, 0x00, 0x29, 0x00, 0x00, 0x73, 0x11, 0x34, 0x36, 0x36, 0x37, 0x2E, 0x02, 0x35, 0x11,
    0x33, 0x11, 0x30, 0x30, 0x31, 0x21, 0x30, 0x30, 0x31, 0x11, 0x33, 0x11, 0x14, 0x06, 0x06, 0x07,
    0x1E, 0x02, 0x15, 0x11, 0x23, 0x11, 0x30, 0x30, 0x31, 0x21, 0x30, 0x30, 0x31, 0x13, 0x37, 0x0E,
    0x18, 0x10, 0x0E, 0x1A, 0x0F, 0x9B, 0x01, 0x9B, 0x9B, 0x0E, 0x19, 0x11, 0x12, 0x19, 0x0D, 0x9B,
    0xFE, 0x65, 0x01, 0x01, 0x0D, 0x12, 0x21, 0x1B, 0x0A, 0x0A, 0x1C, 0x21, 0x11, 0x01, 0x13, 0xFE,
    0xE3, 0x01, 0x1D, 0xFE, 0xED, 0x12, 0x21, 0x1B, 0x0A, 0x0A, 0x1B, 0x20, 0x13, 0xFE, 0xF3, 0x01,
    0x17, 0xFE, 0xE9, 0x00, 0x00, 0x01, 0x00, 0x33, 0x00, 0x00, 0x03, 0x03, 0x02, 0xD0, 0x00, 0x1D,
    0x00, 0x00, 0x73, 0x31, 0x35, 0x21, 0x30, 0x30, 0x31, 0x35, 0x30, 0x30, 0x31, 0x21, 0x22, 0x26,
    0x26, 0x35, 0x11, 0x33, 0x11, 0x30, 0x30, 0x31, 0x21, 0x11, 0x33, 0x11, 0x14, 0x06, 0x06, 0x23,
    0x33, 0x02, 0x33, 0xFE, 0x61, 0x28, 0x44, 0x28, 0x9B, 0x01, 0x98, 0x9D, 0x28, 0x43, 0x29, 0x9C,
    0x7E, 0x28, 0x43, 0x29, 0x01, 0x22, 0xFE, 0xE6, 0x01, 0x1A, 0xFD, 0xC4, 0x28, 0x44, 0x28, 0x00,
    0x00, 0x01, 0x00, 0x31, 0x00, 0x00, 0x03, 0x01, 0x02, 0xD0, 0x00, 0x27, 0x00, 0x00, 0x73, 0x22,
    0x26, 0x26, 0x35, 0x35, 0x34, 0x36, 0x36, 0x33, 0x21, 0x30, 0x30, 0x31, 0x35, 0x30, 0x30, 0x31,
    0x21, 0x35, 0x21, 0x32, 0x16, 0x16, 0x15, 0x15, 0x14, 0x06, 0x06, 0x23, 0x21, 0x30, 0x30, 0x31,
    0x15, 0x30, 0x30, 0x31, 0x21, 0x15, 0xC5, 0x28, 0x44, 0x28, 0x28, 0x44, 0x28, 0x01, 0xA0, 0xFD,
    0xCC, 0x02, 0x3C, 0x29, 0x43, 0x28, 0x28, 0x43, 0x29, 0xFE, 0x60, 0x02, 0x34, 0x28, 0x44, 0x28,
    0x8E, 0x29, 0x43, 0x28, 0x7E, 0x9C, 0x28, 0x43, 0x29, 0x8E, 0x29, 0x43, 0x28, 0x7E, 0x9C, 0x00,
    0x00, 0x02, 0x00, 0x36, 0x00, 0x00, 0x02, 0xF9, 0x02, 0xD0, 0x00, 0x09, 0x00, 0x0D, 0x00, 0x00,
    0x73, 0x31, 0x11, 0x33, 0x01, 0x15, 0x23, 0x27, 0x23, 0x15, 0x11, 0x31, 0x33, 0x27, 0x36, 0x9D,
    0x02, 0x26, 0x9D, 0x93, 0xFA, 0x7A, 0x7A, 0x02, 0xD0, 0xFD, 0x62, 0x32, 0xAE, 0xAE, 0x01, 0x47,
    0x90, 0x00, 0x00, 0x01, 0x00, 0x00, 0x00, 0x00, 0x02, 0xD0, 0x02, 0xD0, 0x00, 0x08, 0x00, 0x00,
    0x61, 0x31, 0x01, 0x35, 0x33, 0x01, 0x11, 0x33, 0x11, 0x02, 0x31, 0xFD, 0xCF, 0xA0, 0x01, 0x93,
    0x9D, 0x02, 0x9C, 0x34, 0xFE, 0x20, 0x01, 0xE0, 0xFD, 0x30, 0x00, 0x01, 0xFF, 0xFF, 0x00, 0x00,
    0x04, 0x2C, 0x02, 0xD0, 0x00, 0x10, 0x00, 0x00, 0x61, 0x31, 0x01, 0x35, 0x33, 0x01, 0x35, 0x27,
    0x35, 0x33, 0x01, 0x11, 0x33, 0x11, 0x23, 0x27, 0x15, 0x02, 0x30, 0xFD, 0xCF, 0xA0, 0x01, 0x94,
    0xD7, 0x9F, 0x01, 0x95, 0x9C, 0x9F, 0xBE, 0x02, 0x9C, 0x34, 0xFE, 0x20, 0xAD, 0xFE, 0x35, 0xFE,
    0x1E, 0x01, 0xE2, 0xFD, 0x30, 0xE1, 0xE1, 0x00, 0x00, 0x01, 0x00, 0x35, 0x00, 0x00, 0x03, 0x05,
    0x02, 0xD0, 0x00, 0x0F, 0x00, 0x00, 0x73, 0x22, 0x26, 0x26, 0x35, 0x11, 0x33, 0x11, 0x30, 0x30,
    0x31, 0x21, 0x11, 0x33, 0x11, 0x21, 0xC9, 0x28, 0x44, 0x28, 0x9B, 0x01, 0x98, 0x9D, 0xFD, 0xC4,
    0x28, 0x44, 0x28, 0x02, 0x3C, 0xFD, 0xCC, 0x02, 0x34, 0xFD, 0x30, 0x00, 0x00, 0x01, 0x00, 0x35,
    0x00, 0x00, 0x04, 0x33, 0x02, 0xD0, 0x00, 0x16, 0x00, 0x00, 0x73, 0x22, 0x26, 0x26, 0x35, 0x11,
    0x33, 0x11, 0x30, 0x30, 0x31, 0x21, 0x11, 0x33, 0x11, 0x30, 0x30, 0x31, 0x21, 0x11, 0x33, 0x11,
    0x21, 0xC9, 0x29, 0x43, 0x28, 0x9B, 0x01, 0x21, 0x9C, 0x01, 0x0A, 0x9C, 0xFC, 0x96, 0x28, 0x44,
    0x28, 0x02, 0x3C, 0xFD, 0xCC, 0x02, 0x34, 0xFD, 0xCC, 0x02, 0x34, 0xFD, 0x30, 0x00, 0x00, 0x02,
    0x00, 0x34, 0x00, 0x00, 0x02, 0x80, 0x02, 0x44, 0x00, 0x12, 0x00, 0x19, 0x00, 0x00, 0x73, 0x22,
    0x26, 0x26, 0x35, 0x35, 0x21, 0x35, 0x30, 0x30, 0x31, 0x21, 0x35, 0x21, 0x32, 0x16, 0x16, 0x15,
    0x11, 0x25, 0x21, 0x35, 0x21, 0x15, 0x30, 0x30, 0xC5, 0x28, 0x42, 0x27, 0x01, 0xB3, 0xFE, 0x4D,
    0x01, 0xBB, 0x28, 0x42, 0x27, 0xFE, 0x4D, 0x01, 0x1A, 0xFE, 0xE6, 0x28, 0x42, 0x27, 0xDE, 0x3C,
    0x99, 0x28, 0x42, 0x27, 0xFE, 0x4D, 0x99, 0x50, 0x50, 0x00, 0xFF, 0xFF, 0x00, 0x34, 0x00, 0x00,
    0x02, 0x80, 0x03, 0x4B, 0x06, 0x26, 0x00, 0x4F, 0x00, 0x00, 0x00, 0x07, 0x00, 0xEE, 0x01, 0x6F,
    0x00, 0x00, 0xFF, 0xFF, 0x00, 0x34, 0x00, 0x00, 0x02, 0x80, 0x03, 0x38, 0x06, 0x26, 0x00, 0x4F,
    0x00, 0x00, 0x00, 0x07, 0x00, 0xEF, 0x01, 0x6F, 0x00, 0x00, 0xFF, 0xFF, 0x00, 0x34, 0x00, 0x00,
    0x02, 0x80, 0x03, 0x1A, 0x06, 0x26, 0x00, 0x4F, 0x00, 0x00, 0x00, 0x07, 0x00, 0xEB, 0x01, 0x6F,
    0x00, 0x00, 0xFF, 0xFF, 0x00, 0x34, 0x00, 0x00, 0x02, 0x80, 0x03, 0x4B, 0x06, 0x26, 0x00, 0x4F,
    0x00, 0x00, 0x00, 0x07, 0x00, 0xED, 0x01, 0x6F, 0x00, 0x00, 0xFF, 0xFF, 0x00, 0x34, 0x00, 0x00,
    0x02, 0x80, 0x03, 0x49, 0x06, 0x26, 0x00, 0x4F, 0x00, 0x00, 0x00, 0x07, 0x00, 0xF1, 0x01, 0x6F,
    0x00, 0x00, 0xFF, 0xFF, 0x00, 0x34, 0x00, 0x00, 0x02, 0x80, 0x03, 0x50, 0x06, 0x26, 0x00, 0x4F,
    0x00, 0x00, 0x00, 0x07, 0x00, 0xF2, 0x01, 0x6F, 0x00, 0x00, 0x00, 0x03, 0x00, 0x34, 0x00, 0x00,
    0x04, 0x35, 0x02, 0x44, 0x00, 0x19, 0x00, 0x20, 0x00, 0x2A, 0x00, 0x00, 0x73, 0x22, 0x26, 0x26,
    0x35, 0x35, 0x21, 0x35, 0x30, 0x30, 0x31, 0x21, 0x35, 0x21, 0x32, 0x16, 0x16, 0x15, 0x15, 0x21,
    0x15, 0x30, 0x30, 0x31, 0x21, 0x15, 0x25, 0x21, 0x35, 0x21, 0x15, 0x30, 0x30, 0x25, 0x21, 0x35,
    0x30, 0x30, 0x31, 0x21, 0x30, 0x30, 0x31, 0xC5, 0x28, 0x42, 0x27, 0x01, 0xB3, 0xFE, 0x4D, 0x03,
    0x70, 0x28, 0x42, 0x27, 0xFE, 0x4D, 0x01, 0xB3, 0xFC, 0x98, 0x01, 0x1A, 0xFE, 0xE6, 0x01, 0xB5,
    0x01, 0x1A, 0xFE, 0xE6, 0x28, 0x42, 0x27, 0xDE, 0x3C, 0x99, 0x28, 0x41, 0x28, 0xDE, 0x3C, 0x99,
    0x99, 0x50, 0x50, 0xC2, 0x50, 0x00, 0x00, 0x02, 0x00, 0x36, 0x00, 0x00, 0x02, 0x82, 0x03, 0x02,
    0x00, 0x0E, 0x00, 0x1E, 0x00, 0x00, 0x73, 0x31, 0x11, 0x33, 0x15, 0x21, 0x32, 0x16, 0x16, 0x15,
    0x11, 0x14, 0x06, 0x06, 0x23, 0x25, 0x21, 0x30, 0x30, 0x31, 0x11, 0x30, 0x30, 0x31, 0x21, 0x30,
    0x30, 0x31, 0x11, 0x30, 0x30, 0x36, 0x99, 0x01, 0x22, 0x28, 0x42, 0x27, 0x27, 0x42, 0x28, 0xFE,
    0xDE, 0x01, 0x1A, 0xFE, 0xE6, 0x03, 0x02, 0xBE, 0x28, 0x42, 0x27, 0xFE, 0xDE, 0x27, 0x42, 0x28,
    0x99, 0x01, 0x12, 0xFE, 0xEE, 0x00, 0x00, 0x01, 0x00, 0x33, 0x00, 0x00, 0x02, 0x7F, 0x02, 0x44,
    0x00, 0x16, 0x00, 0x00, 0x73, 0x22, 0x26, 0x26, 0x35, 0x11, 0x34, 0x36, 0x36, 0x33, 0x21, 0x15,
    0x21, 0x30, 0x30, 0x31, 0x11, 0x30, 0x30, 0x31, 0x21, 0x15, 0x21, 0xC4, 0x27, 0x42, 0x28, 0x28,
    0x42, 0x27, 0x01, 0xBA, 0xFE, 0x4E, 0x01, 0xB3, 0xFE, 0x45, 0x28, 0x42, 0x27, 0x01, 0x22, 0x27,
    0x42, 0x28, 0x99, 0xFE, 0xEE, 0x99, 0xFF, 0xFF, 0x00, 0x33, 0xFF, 0x64, 0x02, 0x7F, 0x02, 0x44,
    0x06, 0x26, 0x00, 0x58, 0x00, 0x00, 0x00, 0x06, 0x00, 0xF3, 0xB3, 0x00, 0x00, 0x02, 0x00, 0x17,
    0x00, 0x00, 0x02, 0x64, 0x03, 0x02, 0x00, 0x0E, 0x00, 0x1E, 0x00, 0x00, 0x73, 0x22, 0x26, 0x26,
    0x35, 0x11, 0x34, 0x36, 0x36, 0x33, 0x21, 0x35, 0x33, 0x11, 0x21, 0x37, 0x21, 0x30, 0x30, 0x31,
    0x11, 0x30, 0x30, 0x31, 0x21, 0x30, 0x30, 0x31, 0x11, 0x30, 0x30, 0xA8, 0x28, 0x42, 0x27, 0x27,
    0x42, 0x28, 0x01, 0x23, 0x99, 0xFE, 0x44, 0x09, 0x01, 0x1A, 0xFE, 0xE6, 0x28, 0x42, 0x27, 0x01,
    0x22, 0x27, 0x42, 0x28, 0xBE, 0xFC, 0xFE, 0x99, 0x01, 0x12, 0xFE, 0xEE, 0x00, 0x02, 0x00, 0x33,
    0x00, 0x00, 0x02, 0x7F, 0x02, 0x44, 0x00, 0x17, 0x00, 0x21, 0x00, 0x00, 0x73, 0x22, 0x26, 0x26,
    0x35, 0x11, 0x34, 0x36, 0x36, 0x33, 0x21, 0x32, 0x16, 0x16, 0x15, 0x15, 0x21, 0x15, 0x30, 0x30,
    0x31, 0x21, 0x15, 0x21, 0x13, 0x21, 0x35, 0x30, 0x30, 0x31, 0x21, 0x30, 0x30, 0x31, 0xC4, 0x27,
    0x42, 0x28, 0x28, 0x42, 0x27, 0x01, 0x2A, 0x28, 0x42, 0x27, 0xFE, 0x4D, 0x01, 0xB3, 0xFE, 0x45,
    0x08, 0x01, 0x1A, 0xFE, 0xE6, 0x28, 0x42, 0x27, 0x01, 0x22, 0x27, 0x42, 0x28, 0x28, 0x42, 0x27,
    0xDE, 0x3C, 0x99, 0x01, 0x5B, 0x50, 0xFF, 0xFF, 0x00, 0x33, 0x00, 0x00, 0x02, 0x7F, 0x03, 0x4B,
    0x06, 0x26, 0x00, 0x5B, 0x00, 0x00, 0x00, 0x07, 0x00, 0xEE, 0x01, 0x59, 0x00, 0x00, 0xFF, 0xFF,
    0x00, 0x33, 0x00, 0x00, 0x02, 0x7F, 0x03, 0x38, 0x06, 0x26, 0x00, 0x5B, 0x00, 0x00, 0x00, 0x07,
    0x00, 0xEF, 0x01, 0x59, 0x00, 0x00, 0xFF, 0xFF, 0x00, 0x33, 0x00, 0x00, 0x02, 0x7F, 0x03, 0x1A,
    0x06, 0x26, 0x00, 0x5B, 0x00, 0x00, 0x00, 0x07, 0x00, 0xEB, 0x01, 0x59, 0x00, 0x00, 0xFF, 0xFF,
    0x00, 0x33, 0x00, 0x00, 0x02, 0x7F, 0x03, 0x4B, 0x06, 0x26, 0x00, 0x5B, 0x00, 0x00, 0x00, 0x07,
    0x00, 0xED, 0x01, 0x59, 0x00, 0x00, 0x00, 0x01, 0x00, 0x35, 0x00, 0x00, 0x01, 0xA5, 0x03, 0x02,
    0x00, 0x11, 0x00, 0x00, 0x73, 0x31, 0x11, 0x34, 0x36, 0x36, 0x33, 0x33, 0x15, 0x23, 0x30, 0x30,
    0x31, 0x15, 0x33, 0x15, 0x23, 0x11, 0x35, 0x28, 0x42, 0x28, 0xDE, 0xD7, 0xD7, 0xD7, 0x02, 0x71,
    0x27, 0x42, 0x28, 0x9A, 0x24, 0x99, 0xFE, 0x55, 0x00, 0x02, 0x00, 0x29, 0xFF, 0x1B, 0x02, 0x76,
    0x02, 0x44, 0x00, 0x1B, 0x00, 0x2B, 0x00, 0x00, 0x57, 0x31, 0x35, 0x21, 0x30, 0x30, 0x31, 0x35,
    0x21, 0x22, 0x26, 0x26, 0x35, 0x11, 0x34, 0x36, 0x36, 0x33, 0x21, 0x32, 0x16, 0x16, 0x15, 0x11,
    0x14, 0x06, 0x06, 0x23, 0x01, 0x21, 0x30, 0x30, 0x31, 0x11, 0x30, 0x30, 0x31, 0x21, 0x30, 0x30,
    0x31, 0x11, 0x30, 0x30, 0x85, 0x01, 0x58, 0xFE, 0xDE, 0x28, 0x42, 0x28, 0x28, 0x42, 0x28, 0x01,
    0x2A, 0x28, 0x42, 0x27, 0x27, 0x42, 0x28, 0xFE, 0xDD, 0x01, 0x1B, 0xFE, 0xE5, 0xE5, 0x9A, 0x4B,
    0x28, 0x42, 0x27, 0x01, 0x22, 0x27, 0x42, 0x28, 0x28, 0x42, 0x27, 0xFD, 0xF9, 0x28, 0x42, 0x27,
    0x01, 0x7E, 0x01, 0x12, 0xFE, 0xEE, 0x00, 0x01, 0x00, 0x36, 0x00, 0x00, 0x02, 0x82, 0x03, 0x02,
    0x00, 0x14, 0x00, 0x00, 0x73, 0x31, 0x11, 0x33, 0x15, 0x21, 0x32, 0x16, 0x16, 0x15, 0x11, 0x23,
    0x11, 0x30, 0x30, 0x31, 0x21, 0x30, 0x30, 0x31, 0x11, 0x36, 0x99, 0x01, 0x22, 0x27, 0x42, 0x28,
    0x99, 0xFE, 0xE6, 0x03, 0x02, 0xBE, 0x28, 0x42, 0x27, 0xFE, 0x4D, 0x01, 0xAB, 0xFE, 0x55, 0x00,
    0x00, 0x02, 0x00, 0x34, 0x00, 0x00, 0x00, 0xCD, 0x03, 0x02, 0x00, 0x04, 0x00, 0x09, 0x00, 0x00,
    0x73, 0x31, 0x11, 0x33, 0x11, 0x03, 0x31, 0x35, 0x33, 0x15, 0x34, 0x99, 0x99, 0x99, 0x02, 0x44,
    0xFD, 0xBC, 0x02, 0x68, 0x9A, 0x9A, 0x00, 0x01, 0x00, 0x1F, 0x00, 0x00, 0x00, 0xB8, 0x02, 0x44,
    0x00, 0x04, 0x00, 0x00, 0x73, 0x31, 0x11, 0x33, 0x11, 0x1F, 0x99, 0x02, 0x44, 0xFD, 0xBC, 0x00,
    0xFF, 0xFF, 0x00, 0x17, 0x00, 0x00, 0x00, 0xE7, 0x03, 0x4B, 0x06, 0x26, 0x00, 0x64, 0x00, 0x00,
    0x00, 0x06, 0x00, 0xEE, 0x6B, 0x00, 0xFF, 0xFF, 0xFF, 0xCC, 0x00, 0x00, 0x01, 0x0C, 0x03, 0x38,
    0x06, 0x26, 0x00, 0x64, 0x00, 0x00, 0x00, 0x06, 0x00, 0xEF, 0x6B, 0x00, 0xFF, 0xFF, 0xFF, 0xB4,
    0x00, 0x00, 0x01, 0x23, 0x03, 0x1A, 0x06, 0x26, 0x00, 0x64, 0x00, 0x00, 0x00, 0x06, 0x00, 0xEB,
    0x6B, 0x00, 0xFF, 0xFF, 0xFF, 0xF2, 0x00, 0x00, 0x00, 0xC2, 0x03, 0x4B, 0x06, 0x26, 0x00, 0x64,
    0x00, 0x00, 0x00, 0x06, 0x00, 0xED, 0x6B, 0x00, 0x00, 0x02, 0xFF, 0x45, 0xFF, 0x30, 0x00, 0xD3,
    0x03, 0x02, 0x00, 0x0D, 0x00, 0x12, 0x00, 0x00, 0x47, 0x31, 0x35, 0x33, 0x30, 0x30, 0x31, 0x11,
    0x33, 0x11, 0x14, 0x06, 0x06, 0x23, 0x03, 0x31, 0x35, 0x33, 0x15, 0xBB, 0xF5, 0x99, 0x28, 0x42,
    0x28, 0x07, 0x99, 0xD0, 0x9A, 0x02, 0x7A, 0xFD, 0x7D, 0x28, 0x42, 0x27, 0x03, 0x38, 0x9A, 0x9A,
    0x00, 0x01, 0x00, 0x36, 0x00, 0x00, 0x02, 0x7C, 0x03, 0x02, 0x00, 0x0F, 0x00, 0x00, 0x73, 0x31,
    0x11, 0x33, 0x11, 0x33, 0x37, 0x33, 0x15, 0x07, 0x17, 0x15, 0x23, 0x27, 0x23, 0x15, 0x36, 0x99,
    0x4E, 0xC5, 0x9A, 0xD8, 0xD8, 0x9A, 0xC5, 0x4E, 0x03, 0x02, 0xFE, 0x6D, 0xD5, 0x34, 0xEE, 0xEE,
    0x34, 0xD5, 0xD5, 0x00, 0x00, 0x01, 0x00, 0x34, 0x00, 0x00, 0x01, 0x43, 0x03, 0x03, 0x00, 0x0D,
    0x00, 0x00, 0x73, 0x22, 0x26, 0x26, 0x35, 0x11, 0x33, 0x11, 0x30, 0x30, 0x31, 0x33, 0x15, 0x23,
    0xC5, 0x27, 0x42, 0x28, 0x9A, 0x75, 0x7E, 0x28, 0x42, 0x27, 0x02, 0x72, 0xFD, 0x96, 0x99, 0x00,
    0x00, 0x01, 0x00, 0x36, 0x00, 0x00, 0x03, 0x81, 0x02, 0x44, 0x00, 0x1C, 0x00, 0x00, 0x73, 0x31,
    0x11, 0x21, 0x32, 0x16, 0x16, 0x15, 0x11, 0x23, 0x11, 0x30, 0x30, 0x31, 0x23, 0x30, 0x30, 0x31,
    0x11, 0x23, 0x11, 0x30, 0x30, 0x31, 0x23, 0x30, 0x30, 0x31, 0x11, 0x36, 0x02, 0xBA, 0x28, 0x42,
    0x27, 0x98, 0xC0, 0x9A, 0xC0, 0x02, 0x44, 0x28, 0x42, 0x27, 0xFE, 0x4D, 0x01, 0xAB, 0xFE, 0x55,
    0x01, 0xAB, 0xFE, 0x55, 0x00, 0x01, 0x00, 0x36, 0x00, 0x00, 0x02, 0x82, 0x02, 0x44, 0x00, 0x12,
    0x00, 0x00, 0x73, 0x31, 0x11, 0x21, 0x32, 0x16, 0x16, 0x15, 0x11, 0x23, 0x11, 0x30, 0x30, 0x31,
    0x21, 0x30, 0x30, 0x31, 0x11, 0x36, 0x01, 0xBB, 0x28, 0x42, 0x27, 0x99, 0xFE, 0xE6, 0x02, 0x44,
    0x28, 0x42, 0x27, 0xFE, 0x4D, 0x01, 0xAB, 0xFE, 0x55, 0x00, 0xFF, 0xFF, 0x00, 0x36, 0x00, 0x00,
    0x02, 0x82, 0x03, 0x50, 0x06, 0x26, 0x00, 0x6D, 0x00, 0x00, 0x00, 0x07, 0x00, 0xF2, 0x01, 0x50,
    0x00, 0x00, 0x00, 0x02, 0x00, 0x33, 0x00, 0x00, 0x02, 0x7F, 0x02, 0x44, 0x00, 0x14, 0x00, 0x24,
    0x00, 0x00, 0x73, 0x22, 0x26, 0x26, 0x35, 0x11, 0x34, 0x36, 0x36, 0x33, 0x21, 0x32, 0x16, 0x16,
    0x15, 0x11, 0x14, 0x06, 0x06, 0x23, 0x21, 0x37, 0x21, 0x30, 0x30, 0x31, 0x11, 0x30, 0x30, 0x31,
    0x21, 0x30, 0x30, 0x31, 0x11, 0x30, 0x30, 0xC4, 0x27, 0x42, 0x28, 0x28, 0x42, 0x27, 0x01, 0x2A,
    0x28, 0x42, 0x27, 0x27, 0x42, 0x28, 0xFE, 0xD6, 0x08, 0x01, 0x1A, 0xFE, 0xE6, 0x28, 0x42, 0x27,
    0x01, 0x22, 0x27, 0x42, 0x28, 0x28, 0x42, 0x27, 0xFE, 0xDE, 0x27, 0x42, 0x28, 0x99, 0x01, 0x12,
    0xFE, 0xEE, 0xFF, 0xFF, 0x00, 0x33, 0x00, 0x00, 0x02, 0x7F, 0x03, 0x49, 0x06, 0x26, 0x00, 0x6F,
    0x00, 0x00, 0x00, 0x07, 0x00, 0xEE, 0x01, 0x59, 0xFF, 0xFE, 0xFF, 0xFF, 0x00, 0x33, 0x00, 0x00,
    0x02, 0x7F, 0x03, 0x36, 0x06, 0x26, 0x00, 0x6F, 0x00, 0x00, 0x00, 0x07, 0x00, 0xEF, 0x01, 0x59,
    0xFF, 0xFE, 0xFF, 0xFF, 0x00, 0x33, 0x00, 0x00, 0x02, 0x7F, 0x03, 0x18, 0x06, 0x26, 0x00, 0x6F,
    0x00, 0x00, 0x00, 0x07, 0x00, 0xEB, 0x01, 0x59, 0xFF, 0xFE, 0xFF, 0xFF, 0x00, 0x33, 0x00, 0x00,
    0x02, 0x7F, 0x03, 0x49, 0x06, 0x26, 0x00, 0x6F, 0x00, 0x00, 0x00, 0x07, 0x00, 0xED, 0x01, 0x59,
    0xFF, 0xFE, 0xFF, 0xFF, 0x00, 0x33, 0x00, 0x00, 0x02, 0x7F, 0x03, 0x4E, 0x06, 0x26, 0x00, 0x6F,
    0x00, 0x00, 0x00, 0x07, 0x00, 0xF2, 0x01, 0x59, 0xFF, 0xFE, 0x00, 0x03, 0x00, 0x34, 0x00, 0x00,
    0x04, 0x34, 0x02, 0x44, 0x00, 0x17, 0x00, 0x28, 0x00, 0x33, 0x00, 0x00, 0x73, 0x22, 0x26, 0x26,
    0x35, 0x11, 0x34, 0x36, 0x36, 0x33, 0x21, 0x32, 0x16, 0x16, 0x15, 0x15, 0x21, 0x15, 0x30, 0x30,
    0x31, 0x21, 0x15, 0x21, 0x37, 0x31, 0x21, 0x30, 0x30, 0x31, 0x11, 0x30, 0x30, 0x31, 0x21, 0x30,
    0x30, 0x31, 0x11, 0x30, 0x30, 0x25, 0x31, 0x21, 0x35, 0x30, 0x30, 0x31, 0x21, 0x30, 0x30, 0x31,
    0xC6, 0x28, 0x43, 0x27, 0x27, 0x43, 0x28, 0x02, 0xDE, 0x28, 0x41, 0x27, 0xFE, 0x4D, 0x01, 0xB3,
    0xFC, 0x92, 0x07, 0x01, 0x1B, 0xFE, 0xE5, 0x01, 0xB4, 0x01, 0x1A, 0xFE, 0xE6, 0x28, 0x42, 0x27,
    0x01, 0x22, 0x27, 0x42, 0x28, 0x28, 0x42, 0x27, 0xDE, 0x3C, 0x99, 0x99, 0x01, 0x12, 0xFE, 0xEE,
    0xC2, 0x50, 0x00, 0x02, 0x00, 0x36, 0xFF, 0x1A, 0x02, 0x82, 0x02, 0x44, 0x00, 0x0E, 0x00, 0x1E,
    0x00, 0x00, 0x57, 0x31, 0x11, 0x21, 0x32, 0x16, 0x16, 0x15, 0x11, 0x14, 0x06, 0x06, 0x23, 0x21,
    0x15, 0x11, 0x21, 0x30, 0x30, 0x31, 0x11, 0x30, 0x30, 0x31, 0x21, 0x30, 0x30, 0x31, 0x11, 0x30,
    0x30, 0x36, 0x01, 0xBB, 0x28, 0x42, 0x27, 0x27, 0x42, 0x28, 0xFE, 0xDE, 0x01, 0x1A, 0xFE, 0xE6,
    0xE6, 0x03, 0x2A, 0x28, 0x42, 0x27, 0xFE, 0xDE, 0x27, 0x42, 0x28, 0xE6, 0x01, 0x7F, 0x01, 0x12,
    0xFE, 0xEE, 0x00, 0x02, 0x00, 0x14, 0xFF, 0x1A, 0x02, 0x61, 0x02, 0x44, 0x00, 0x0E, 0x00, 0x1E,
    0x00, 0x00, 0x45, 0x31, 0x35, 0x21, 0x22, 0x26, 0x26, 0x35, 0x11, 0x34, 0x36, 0x36, 0x33, 0x21,
    0x11, 0x01, 0x21, 0x30, 0x30, 0x31, 0x11, 0x30, 0x30, 0x31, 0x21, 0x30, 0x30, 0x31, 0x11, 0x30,
    0x30, 0x01, 0xC8, 0xFE, 0xDD, 0x28, 0x42, 0x27, 0x27, 0x42, 0x28, 0x01, 0xBC, 0xFE, 0x4D, 0x01,
    0x1A, 0xFE, 0xE6, 0xE6, 0xE6, 0x28, 0x42, 0x27, 0x01, 0x22, 0x27, 0x42, 0x28, 0xFC, 0xD6, 0x01,
    0x7F, 0x01, 0x12, 0xFE, 0xEE, 0x00, 0x00, 0x01, 0x00, 0x34, 0x00, 0x00, 0x02, 0x06, 0x02, 0x44,
    0x00, 0x0D, 0x00, 0x00, 0x73, 0x31, 0x11, 0x34, 0x36, 0x36, 0x33, 0x21, 0x15, 0x21, 0x30, 0x30,
    0x31, 0x11, 0x34, 0x28, 0x42, 0x28, 0x01, 0x40, 0xFE, 0xC7, 0x01, 0xB3, 0x27, 0x42, 0x28, 0x99,
    0xFE, 0x55, 0x00, 0x01, 0x00, 0x30, 0x00, 0x00, 0x02, 0x7D, 0x02, 0x44, 0x00, 0x3A, 0x00, 0x00,
    0x73, 0x22, 0x26, 0x26, 0x35, 0x35, 0x33, 0x15, 0x30, 0x30, 0x31, 0x21, 0x30, 0x30, 0x31, 0x35,
    0x30, 0x30, 0x31, 0x21, 0x22, 0x26, 0x26, 0x35, 0x35, 0x34, 0x36, 0x36, 0x33, 0x21, 0x32, 0x16,
    0x16, 0x15, 0x15, 0x23, 0x35, 0x30, 0x30, 0x31, 0x21, 0x30, 0x30, 0x31, 0x15, 0x30, 0x30, 0x31,
    0x21, 0x32, 0x16, 0x16, 0x15, 0x15, 0x14, 0x06, 0x06, 0x23, 0x21, 0xC1, 0x27, 0x42, 0x28, 0x99,
    0x01, 0x1A, 0xFE, 0xDE, 0x27, 0x42, 0x28, 0x28, 0x42, 0x27, 0x01, 0x2A, 0x28, 0x42, 0x28, 0x9A,
    0xFE, 0xE6, 0x01, 0x22, 0x28, 0x42, 0x28, 0x28, 0x42, 0x28, 0xFE, 0xD6, 0x28, 0x42, 0x27, 0x1D,
    0x15, 0x3C, 0x28, 0x42, 0x27, 0x4D, 0x27, 0x42, 0x28, 0x28, 0x42, 0x27, 0x1D, 0x15, 0x3C, 0x28,
    0x42, 0x27, 0x4D, 0x27, 0x42, 0x28, 0xFF, 0xFF, 0x00, 0x30, 0x00, 0x00, 0x02, 0x7D, 0x03, 0x38,
    0x06, 0x26, 0x00, 0x79, 0x00, 0x00, 0x00, 0x07, 0x00, 0xF0, 0x01, 0x54, 0x00, 0x00, 0x00, 0x01,
    0x00, 0x39, 0x00, 0x00, 0x02, 0xFC, 0x02, 0xD0, 0x00, 0x2E, 0x00, 0x00, 0x73, 0x31, 0x11, 0x34,
    0x36, 0x36, 0x33, 0x21, 0x32, 0x16, 0x16, 0x17, 0x15, 0x14, 0x07, 0x16, 0x15, 0x15, 0x14, 0x06,
    0x06, 0x23, 0x21, 0x35, 0x21, 0x30, 0x30, 0x31, 0x35, 0x30, 0x30, 0x31, 0x21, 0x35, 0x21, 0x30,
    0x30, 0x31, 0x35, 0x30, 0x30, 0x31, 0x21, 0x30, 0x30, 0x31, 0x11, 0x39, 0x28, 0x42, 0x28, 0x01,
    0x9F, 0x24, 0x3E, 0x2A, 0x06, 0x11, 0x11, 0x28, 0x42, 0x28, 0xFE, 0xA7, 0x01, 0x52, 0xFE, 0xAE,
    0x01, 0x52, 0xFE, 0x6F, 0x02, 0x3F, 0x28, 0x42, 0x27, 0x1F, 0x36, 0x22, 0xAA, 0x25, 0x20, 0x1F,
    0x25, 0x95, 0x27, 0x42, 0x28, 0x99, 0x84, 0x90, 0x89, 0xFD, 0xCA, 0x00, 0x00, 0x01, 0x00, 0x35,
    0x00, 0x00, 0x01, 0xA5, 0x02, 0xF0, 0x00, 0x11, 0x00, 0x00, 0x73, 0x22, 0x26, 0x26, 0x35, 0x11,
    0x33, 0x15, 0x33, 0x15, 0x23, 0x11, 0x30, 0x30, 0x31, 0x33, 0x15, 0x23, 0xC7, 0x28, 0x42, 0x28,
    0x99, 0xD7, 0xD7, 0xD7, 0xDE, 0x28, 0x42, 0x27, 0x02, 0x5F, 0xAC, 0x99, 0xFE, 0xEE, 0x99, 0x00,
    0x00, 0x01, 0x00, 0x35, 0x00, 0x00, 0x02, 0x81, 0x02, 0x44, 0x00, 0x16, 0x00, 0x00, 0x73, 0x22,
    0x26, 0x26, 0x35, 0x11, 0x33, 0x11, 0x30, 0x30, 0x31, 0x21, 0x30, 0x30, 0x31, 0x11, 0x33, 0x11,
    0x14, 0x06, 0x06, 0x23, 0x21, 0xC6, 0x28, 0x42, 0x27, 0x99, 0x01, 0x1A, 0x99, 0x27, 0x42, 0x28,
    0xFE, 0xD6, 0x28, 0x42, 0x27, 0x01, 0xB3, 0xFE, 0x55, 0x01, 0xAB, 0xFE, 0x4D, 0x27, 0x42, 0x28,
    0xFF, 0xFF, 0x00, 0x35, 0x00, 0x00, 0x02, 0x81, 0x03, 0x4A, 0x06, 0x26, 0x00, 0x7D, 0x00, 0x00,
    0x00, 0x07, 0x00, 0xEE, 0x01, 0x5B, 0xFF, 0xFF, 0xFF, 0xFF, 0x00, 0x35, 0x00, 0x00, 0x02, 0x81,
    0x03, 0x37, 0x06, 0x26, 0x00, 0x7D, 0x00, 0x00, 0x00, 0x07, 0x00, 0xEF, 0x01, 0x5B, 0xFF, 0xFF,
    0xFF, 0xFF, 0x00, 0x35, 0x00, 0x00, 0x02, 0x81, 0x03, 0x19, 0x06, 0x26, 0x00, 0x7D, 0x00, 0x00,
    0x00, 0x07, 0x00, 0xEB, 0x01, 0x5B, 0xFF, 0xFF, 0xFF, 0xFF, 0x00, 0x35, 0x00, 0x00, 0x02, 0x81,
    0x03, 0x4A, 0x06, 0x26, 0x00, 0x7D, 0x00, 0x00, 0x00, 0x07, 0x00, 0xED, 0x01, 0x5B, 0xFF, 0xFF,
    0x00, 0x01, 0x00, 0x15, 0x00, 0x00, 0x03, 0x17, 0x02, 0x44, 0x00, 0x07, 0x00, 0x00, 0x61, 0x31,
    0x01, 0x33, 0x13, 0x13, 0x33, 0x01, 0x01, 0x54, 0xFE, 0xC1, 0xB0, 0xD1, 0xD1, 0xB0, 0xFE, 0xC0,
    0x02, 0x44, 0xFE, 0x7F, 0x01, 0x81, 0xFD, 0xBC, 0x00, 0x01, 0x00, 0x23, 0x00, 0x00, 0x03, 0xFB,
    0x02, 0x44, 0x00, 0x0D, 0x00, 0x00, 0x61, 0x31, 0x03, 0x33, 0x13, 0x13, 0x33, 0x13, 0x13, 0x33,
    0x03, 0x23, 0x03, 0x03, 0x01, 0x07, 0xE4, 0xA2, 0x7D, 0x83, 0x94, 0x8C, 0x74, 0xA2, 0xDA, 0x74,
    0x9D, 0x96, 0x02, 0x44, 0xFE, 0xD3, 0x01, 0x2D, 0xFE, 0xCF, 0x01, 0x31, 0xFD, 0xBC, 0x01, 0x5A,
    0xFE, 0xA6, 0x00, 0x01, 0x00, 0x2E, 0x00, 0x00, 0x02, 0x84, 0x02, 0x44, 0x00, 0x10, 0x00, 0x00,
    0x73, 0x31, 0x35, 0x37, 0x27, 0x35, 0x33, 0x17, 0x37, 0x33, 0x15, 0x07, 0x17, 0x15, 0x23, 0x27,
    0x07, 0x2E, 0xC8, 0xC8, 0x9D, 0x8E, 0x8D, 0x9E, 0xC8, 0xC8, 0x9D, 0x8E, 0x8E, 0x32, 0xF5, 0xEB,
    0x32, 0xA8, 0xA8, 0x32, 0xEB, 0xF5, 0x32, 0xAE, 0xAE, 0x00, 0x00, 0x01, 0x00, 0x2A, 0xFF, 0x30,
    0x02, 0x77, 0x02, 0x42, 0x00, 0x1D, 0x00, 0x00, 0x57, 0x31, 0x35, 0x21, 0x30, 0x30, 0x31, 0x35,
    0x21, 0x22, 0x26, 0x26, 0x35, 0x11, 0x33, 0x11, 0x30, 0x30, 0x31, 0x21, 0x30, 0x30, 0x31, 0x11,
    0x33, 0x11, 0x14, 0x06, 0x06, 0x23, 0x86, 0x01, 0x58, 0xFE, 0xDE, 0x28, 0x42, 0x28, 0x99, 0x01,
    0x1B, 0x99, 0x27, 0x42, 0x28, 0xD0, 0x9A, 0x36, 0x28, 0x42, 0x27, 0x01, 0xB1, 0xFE, 0x57, 0x01,
    0xA9, 0xFD, 0x7F, 0x28, 0x42, 0x27, 0xFF, 0xFF, 0x00, 0x2A, 0xFF, 0x30, 0x02, 0x77, 0x03, 0x4B,
    0x06, 0x26, 0x00, 0x85, 0x00, 0x00, 0x00, 0x07, 0x00, 0xEE, 0x01, 0x50, 0x00, 0x00, 0xFF, 0xFF,
    0x00, 0x2A, 0xFF, 0x30, 0x02, 0x77, 0x03, 0x1A, 0x06, 0x26, 0x00, 0x85, 0x00, 0x00, 0x00, 0x07,
    0x00, 0xEB, 0x01, 0x50, 0x00, 0x00, 0x00, 0x01, 0x00, 0x36, 0x00, 0x00, 0x02, 0x82, 0x02, 0x44,
    0x00, 0x0A, 0x00, 0x00, 0x73, 0x31, 0x35, 0x01, 0x21, 0x35, 0x21, 0x15, 0x01, 0x21, 0x15, 0x36,
    0x01, 0x5D, 0xFE, 0xA3, 0x02, 0x4C, 0xFE, 0xA3, 0x01, 0x5D, 0x9D, 0x01, 0x0E, 0x99, 0x9D, 0xFE,
    0xF2, 0x99, 0xFF, 0xFF, 0x00, 0x36, 0x00, 0x00, 0x02, 0x82, 0x03, 0x38, 0x06, 0x26, 0x00, 0x88,
    0x00, 0x00, 0x00, 0x07, 0x00, 0xF0, 0x01, 0x5C, 0x00, 0x00, 0x00, 0x02, 0x00, 0x33, 0x00, 0x00,
    0x02, 0x7F, 0x02, 0x44, 0x00, 0x10, 0x00, 0x1D, 0x00, 0x00, 0x73, 0x22, 0x26, 0x26, 0x35, 0x11,
    0x34, 0x36, 0x36, 0x33, 0x21, 0x32, 0x16, 0x16, 0x15, 0x11, 0x21, 0x37, 0x21, 0x11, 0x30, 0x30,
    0x31, 0x21, 0x30, 0x30, 0x31, 0x11, 0x30, 0x30, 0xC4, 0x27, 0x42, 0x28, 0x28, 0x42, 0x27, 0x01,
    0x2A, 0x28, 0x42, 0x27, 0xFE, 0x45, 0x08, 0x01, 0x1A, 0xFE, 0xE6, 0x28, 0x42, 0x27, 0x01, 0x22,
    0x27, 0x42, 0x28, 0x28, 0x42, 0x27, 0xFE, 0x4D, 0x99, 0x01, 0x12, 0xFE, 0xEE, 0x00, 0x00, 0x01,
    0x00, 0x36, 0x00, 0x00, 0x02, 0x82, 0x02, 0xF0, 0x00, 0x19, 0x00, 0x00, 0x73, 0x31, 0x11, 0x33,
    0x11, 0x21, 0x30, 0x30, 0x31, 0x35, 0x33, 0x15, 0x14, 0x06, 0x07, 0x16, 0x16, 0x15, 0x15, 0x23,
    0x35, 0x30, 0x30, 0x31, 0x21, 0x15, 0x36, 0x99, 0x01, 0x1A, 0x99, 0x10, 0x0B, 0x08, 0x13, 0x99,
    0xFE, 0xE6, 0x02, 0xF0, 0xFE, 0x7F, 0xD5, 0xDE, 0x10, 0x23, 0x11, 0x10, 0x24, 0x10, 0xDE, 0xD5,
    0xD5, 0x00, 0x00, 0x01, 0x00, 0x35, 0x00, 0x00, 0x02, 0x81, 0x02, 0x44, 0x00, 0x0F, 0x00, 0x00,
    0x73, 0x22, 0x26, 0x26, 0x35, 0x11, 0x33, 0x11, 0x30, 0x30, 0x31, 0x21, 0x11, 0x33, 0x11, 0x21,
    0xC6, 0x28, 0x42, 0x27, 0x99, 0x01, 0x1A, 0x99, 0xFE, 0x45, 0x28, 0x42, 0x27, 0x01, 0xB3, 0xFE,
    0x55, 0x01, 0xAB, 0xFD, 0xBC, 0x00, 0x00, 0x01, 0x00, 0x35, 0x00, 0x00, 0x03, 0x80, 0x02, 0x44,
    0x00, 0x1C, 0x00, 0x00, 0x73, 0x22, 0x26, 0x26, 0x35, 0x11, 0x33, 0x11, 0x30, 0x30, 0x31, 0x33,
    0x30, 0x30, 0x31, 0x11, 0x33, 0x11, 0x30, 0x30, 0x31, 0x33, 0x30, 0x30, 0x31, 0x11, 0x33, 0x11,
    0x21, 0xC7, 0x28, 0x42, 0x28, 0x98, 0xC0, 0x9A, 0xC0, 0x99, 0xFD, 0x47, 0x28, 0x42, 0x27, 0x01,
    0xB3, 0xFE, 0x55, 0x01, 0xAB, 0xFE, 0x55, 0x01, 0xAB, 0xFD, 0xBC, 0x00, 0x00, 0x01, 0x00, 0x36,
    0x00, 0x00, 0x02, 0x82, 0x02, 0x44, 0x00, 0x26, 0x00, 0x00, 0x73, 0x31, 0x35, 0x34, 0x36, 0x37,
    0x26, 0x26, 0x35, 0x35, 0x33, 0x15, 0x30, 0x30, 0x31, 0x21, 0x30, 0x30, 0x31, 0x35, 0x33, 0x15,
    0x14, 0x06, 0x07, 0x16, 0x16, 0x15, 0x15, 0x23, 0x35, 0x30, 0x30, 0x31, 0x21, 0x30, 0x30, 0x31,
    0x15, 0x36, 0x13, 0x08, 0x0D, 0x0E, 0x99, 0x01, 0x1A, 0x99, 0x10, 0x0B, 0x08, 0x13, 0x99, 0xFE,
    0xE6, 0xDE, 0x10, 0x24, 0x10, 0x18, 0x1C, 0x10, 0xDE, 0xD5, 0xD5, 0xDE, 0x10, 0x1F, 0x15, 0x10,
    0x24, 0x10, 0xDE, 0xD5, 0xD5, 0x00, 0x00, 0x01, 0x00, 0x33, 0x00, 0x00, 0x02, 0x7F, 0x02, 0x44,
    0x00, 0x28, 0x00, 0x00, 0x73, 0x22, 0x26, 0x26, 0x35, 0x35, 0x34, 0x36, 0x36, 0x33, 0x21, 0x30,
    0x30, 0x31, 0x35, 0x30, 0x30, 0x31, 0x21, 0x35, 0x21, 0x32, 0x16, 0x16, 0x15, 0x15, 0x14, 0x06,
    0x06, 0x23, 0x21, 0x30, 0x30, 0x31, 0x15, 0x30, 0x30, 0x31, 0x21, 0x15, 0x21, 0xC4, 0x27, 0x42,
    0x28, 0x28, 0x42, 0x27, 0x01, 0x22, 0xFE, 0x4D, 0x01, 0xBB, 0x28, 0x42, 0x27, 0x27, 0x42, 0x28,
    0xFE, 0xDE, 0x01, 0xB3, 0xFE, 0x45, 0x28, 0x42, 0x27, 0x4D, 0x27, 0x42, 0x28, 0x3C, 0x99, 0x28,
    0x42, 0x27, 0x4D, 0x27, 0x42, 0x28, 0x3C, 0x99, 0x00, 0x02, 0x00, 0x35, 0x00, 0x00, 0x02, 0x9D,
    0x02, 0x44, 0x00, 0x10, 0x00, 0x1B, 0x00, 0x00, 0x73, 0x31, 0x11, 0x34, 0x36, 0x36, 0x33, 0x21,
    0x32, 0x16, 0x16, 0x15, 0x11, 0x23, 0x35, 0x21, 0x15, 0x11, 0x31, 0x21, 0x35, 0x30, 0x30, 0x31,
    0x21, 0x30, 0x30, 0x31, 0x35, 0x28, 0x42, 0x28, 0x01, 0x45, 0x28, 0x42, 0x27, 0x99, 0xFE, 0xCA,
    0x01, 0x36, 0xFE, 0xCA, 0x01, 0xB3, 0x27, 0x42, 0x28, 0x28, 0x42, 0x27, 0xFE, 0x4D, 0x8A, 0x8A,
    0x01, 0x23, 0x88, 0x00, 0x00, 0x03, 0x00, 0x36, 0x00, 0x00, 0x02, 0x8C, 0x02, 0x45, 0x00, 0x13,
    0x00, 0x23, 0x00, 0x33, 0x00, 0x00, 0x73, 0x31, 0x11, 0x21, 0x32, 0x16, 0x16, 0x15, 0x15, 0x14,
    0x06, 0x07, 0x16, 0x16, 0x15, 0x15, 0x14, 0x06, 0x06, 0x23, 0x25, 0x21, 0x30, 0x30, 0x31, 0x35,
    0x30, 0x30, 0x31, 0x21, 0x30, 0x30, 0x31, 0x15, 0x30, 0x30, 0x35, 0x21, 0x30, 0x30, 0x31, 0x35,
    0x30, 0x30, 0x31, 0x21, 0x30, 0x30, 0x31, 0x15, 0x30, 0x30, 0x36, 0x01, 0xA9, 0x28, 0x42, 0x27,
    0x02, 0x03, 0x10, 0x11, 0x28, 0x42, 0x27, 0xFE, 0xD4, 0x01, 0x24, 0xFE, 0xDC, 0x01, 0x08, 0xFE,
    0xF8, 0x02, 0x45, 0x28, 0x42, 0x28, 0x4F, 0x0D, 0x16, 0x0A, 0x13, 0x2F, 0x1A, 0x4A, 0x27, 0x42,
    0x28, 0x99, 0x44, 0x44, 0xD3, 0x4A, 0x4A, 0x00, 0x00, 0x01, 0x00, 0x33, 0x00, 0x00, 0x02, 0x7E,
    0x02, 0x45, 0x00, 0x16, 0x00, 0x00, 0x73, 0x22, 0x26, 0x26, 0x35, 0x11, 0x34, 0x36, 0x36, 0x33,
    0x21, 0x15, 0x21, 0x30, 0x30, 0x31, 0x11, 0x30, 0x30, 0x31, 0x21, 0x15, 0x21, 0xC4, 0x28, 0x42,
    0x27, 0x27, 0x42, 0x28, 0x01, 0xBA, 0xFE, 0x4E, 0x01, 0xB2, 0xFE, 0x46, 0x28, 0x42, 0x27, 0x01,
    0x22, 0x28, 0x42, 0x28, 0x99, 0xFE, 0xED, 0x99, 0x00, 0x02, 0x00, 0x36, 0x00, 0x00, 0x02, 0x8C,
    0x02, 0x45, 0x00, 0x0C, 0x00, 0x1C, 0x00, 0x00, 0x73, 0x31, 0x11, 0x21, 0x32, 0x16, 0x16, 0x15,
    0x11, 0x14, 0x06, 0x06, 0x23, 0x25, 0x21, 0x30, 0x30, 0x31, 0x11, 0x30, 0x30, 0x31, 0x21, 0x30,
    0x30, 0x31, 0x11, 0x30, 0x30, 0x36, 0x01, 0xC5, 0x27, 0x42, 0x28, 0x28, 0x42, 0x27, 0xFE, 0xD4,
    0x01, 0x24, 0xFE, 0xDC, 0x02, 0x45, 0x28, 0x42, 0x28, 0xFE, 0xDE, 0x27, 0x42, 0x28, 0x99, 0x01,
    0x13, 0xFE, 0xED, 0x00, 0x00, 0x01, 0x00, 0x36, 0x00, 0x00, 0x02, 0x4D, 0x02, 0x45, 0x00, 0x0C,
    0x00, 0x00, 0x73, 0x31, 0x11, 0x21, 0x15, 0x21, 0x15, 0x21, 0x15, 0x21, 0x15, 0x21, 0x15, 0x36,
    0x02, 0x17, 0xFE, 0x82, 0x01, 0x1D, 0xFE, 0xE3, 0x01, 0x7E, 0x02, 0x45, 0x99, 0x3D, 0x9A, 0x3C,
    0x99, 0x00, 0x00, 0x01, 0x00, 0x36, 0x00, 0x00, 0x02, 0x4D, 0x02, 0x45, 0x00, 0x0A, 0x00, 0x00,
    0x73, 0x31, 0x11, 0x21, 0x15, 0x21, 0x15, 0x21, 0x15, 0x21, 0x15, 0x36, 0x02, 0x17, 0xFE, 0x82,
    0x01, 0x1D, 0xFE, 0xE3, 0x02, 0x45, 0x99, 0x3D, 0x9A, 0xD5, 0x00, 0x01, 0x00, 0x33, 0x00, 0x00,
    0x02, 0x7F, 0x02, 0x45, 0x00, 0x2A, 0x00, 0x00, 0x73, 0x22, 0x26, 0x26, 0x35, 0x11, 0x34, 0x36,
    0x36, 0x33, 0x21, 0x32, 0x16, 0x16, 0x15, 0x15, 0x23, 0x35, 0x30, 0x30, 0x31, 0x21, 0x30, 0x30,
    0x31, 0x11, 0x30, 0x30, 0x31, 0x21, 0x30, 0x30, 0x31, 0x35, 0x23, 0x35, 0x21, 0x15, 0x14, 0x06,
    0x06, 0x23, 0x21, 0xC4, 0x27, 0x42, 0x28, 0x28, 0x42, 0x27, 0x01, 0x2A, 0x28, 0x42, 0x27, 0x99,
    0xFE, 0xE6, 0x01, 0x1A, 0x90, 0x01, 0x29, 0x27, 0x42, 0x28, 0xFE, 0xD6, 0x28, 0x42, 0x27, 0x01,
    0x22, 0x28, 0x42, 0x28, 0x28, 0x42, 0x28, 0x21, 0x1A, 0xFE, 0xED, 0x2B, 0x8F, 0xC2, 0x27, 0x42,
    0x28, 0x00, 0x00, 0x01, 0x00, 0x38, 0x00, 0x00, 0x02, 0x95, 0x02, 0x44, 0x00, 0x0C, 0x00, 0x00,
    0x73, 0x31, 0x11, 0x33, 0x15, 0x21, 0x35, 0x33, 0x11, 0x23, 0x35, 0x21, 0x15, 0x38, 0x99, 0x01,
    0x2A, 0x9A, 0x9A, 0xFE, 0xD6, 0x02, 0x44, 0xD5, 0xD5, 0xFD, 0xBC, 0xD5, 0xD5, 0x00, 0x00, 0x01,
    0x00, 0x36, 0x00, 0x00, 0x00, 0xCF, 0x02, 0x44, 0x00, 0x04, 0x00, 0x00, 0x73, 0x31, 0x11, 0x33,
    0x11, 0x36, 0x99, 0x02, 0x44, 0xFD, 0xBC, 0x00, 0x00, 0x01, 0x00, 0x05, 0x00, 0x00, 0x02, 0x5B,
    0x02, 0x44, 0x00, 0x16, 0x00, 0x00, 0x73, 0x22, 0x26, 0x26, 0x35, 0x35, 0x33, 0x15, 0x30, 0x30,
    0x31, 0x21, 0x30, 0x30, 0x31, 0x11, 0x33, 0x11, 0x14, 0x06, 0x06, 0x23, 0x21, 0x97, 0x28, 0x42,
    0x28, 0x99, 0x01, 0x24, 0x99, 0x27, 0x42, 0x28, 0xFE, 0xCD, 0x28, 0x42, 0x27, 0x52, 0x4A, 0x01,
    0xAB, 0xFE, 0x4D, 0x27, 0x42, 0x28, 0x00, 0x01, 0x00, 0x36, 0x00, 0x00, 0x02, 0x7C, 0x02, 0x44,
    0x00, 0x0F, 0x00, 0x00, 0x73, 0x31, 0x11, 0x33, 0x15, 0x33, 0x37, 0x33, 0x15, 0x07, 0x17, 0x15,
    0x23, 0x27, 0x23, 0x15, 0x36, 0x99, 0x4E, 0xC5, 0x9A, 0xD8, 0xD8, 0x9A, 0xC5, 0x4E, 0x02, 0x44,
    0xD5, 0xD5, 0x34, 0xEE, 0xEE, 0x34, 0xD5, 0xD5, 0x00, 0x01, 0x00, 0x36, 0x00, 0x00, 0x02, 0x8C,
    0x02, 0x44, 0x00, 0x06, 0x00, 0x00, 0x73, 0x31, 0x11, 0x33, 0x11, 0x21, 0x15, 0x36, 0x99, 0x01,
    0xBD, 0x02, 0x44, 0xFE, 0x55, 0x99, 0x00, 0x01, 0x00, 0x36, 0x00, 0x00, 0x02, 0xF6, 0x02, 0x45,
    0x00, 0x0C, 0x00, 0x00, 0x73, 0x31, 0x11, 0x33, 0x13, 0x13, 0x33, 0x11, 0x23, 0x11, 0x03, 0x03,
    0x11, 0x36, 0x9F, 0xC1, 0xC0, 0xA0, 0x9A, 0xC6, 0xC7, 0x02, 0x45, 0xFE, 0xEB, 0x01, 0x15, 0xFD,
    0xBB, 0x01, 0x55, 0xFE, 0xE7, 0x01, 0x19, 0xFE, 0xAB, 0x00, 0x00, 0x01, 0x00, 0x36, 0x00, 0x00,
    0x02, 0x8C, 0x02, 0x44, 0x00, 0x0A, 0x00, 0x00, 0x73, 0x31, 0x11, 0x33, 0x01, 0x11, 0x33, 0x11,
    0x23, 0x01, 0x11, 0x36, 0x9E, 0x01, 0x1F, 0x99, 0x9F, 0xFE, 0xE2, 0x02, 0x44, 0xFE, 0xAA, 0x01,
    0x56, 0xFD, 0xBC, 0x01, 0x58, 0xFE, 0xA8, 0x00, 0x00, 0x02, 0x00, 0x33, 0x00, 0x00, 0x02, 0x7F,
    0x02, 0x44, 0x00, 0x14, 0x00, 0x24, 0x00, 0x00, 0x73, 0x22, 0x26, 0x26, 0x35, 0x11, 0x34, 0x36,
    0x36, 0x33, 0x21, 0x32, 0x16, 0x16, 0x15, 0x11, 0x14, 0x06, 0x06, 0x23, 0x21, 0x37, 0x21, 0x30,
    0x30, 0x31, 0x11, 0x30, 0x30, 0x31, 0x21, 0x30, 0x30, 0x31, 0x11, 0x30, 0x30, 0xC4, 0x27, 0x42,
    0x28, 0x28, 0x42, 0x27, 0x01, 0x2A, 0x28, 0x42, 0x27, 0x27, 0x42, 0x28, 0xFE, 0xD6, 0x08, 0x01,
    0x1A, 0xFE, 0xE6, 0x28, 0x42, 0x27, 0x01, 0x22, 0x27, 0x42, 0x28, 0x28, 0x42, 0x27, 0xFE, 0xDE,
    0x27, 0x42, 0x28, 0x99, 0x01, 0x12, 0xFE, 0xEE, 0x00, 0x02, 0x00, 0x36, 0x00, 0x00, 0x02, 0x82,
    0x02, 0x44, 0x00, 0x0E, 0x00, 0x1E, 0x00, 0x00, 0x73, 0x31, 0x11, 0x21, 0x32, 0x16, 0x16, 0x15,
    0x15, 0x14, 0x06, 0x06, 0x23, 0x05, 0x15, 0x11, 0x21, 0x30, 0x30, 0x31, 0x35, 0x30, 0x30, 0x31,
    0x21, 0x30, 0x30, 0x31, 0x15, 0x30, 0x30, 0x36, 0x01, 0xBB, 0x28, 0x42, 0x27, 0x27, 0x42, 0x28,
    0xFE, 0xDE, 0x01, 0x1A, 0xFE, 0xE6, 0x02, 0x44, 0x28, 0x42, 0x27, 0x70, 0x27, 0x42, 0x28, 0x01,
    0xB1, 0x01, 0x4C, 0x5F, 0x5F, 0x00, 0x00, 0x03, 0x00, 0x33, 0x00, 0x00, 0x02, 0xD2, 0x02, 0x44,
    0x00, 0x03, 0x00, 0x18, 0x00, 0x28, 0x00, 0x00, 0x61, 0x37, 0x33, 0x15, 0x21, 0x22, 0x26, 0x26,
    0x35, 0x11, 0x34, 0x36, 0x36, 0x33, 0x21, 0x32, 0x16, 0x16, 0x15, 0x11, 0x14, 0x06, 0x06, 0x23,
    0x21, 0x37, 0x21, 0x30, 0x30, 0x31, 0x11, 0x30, 0x30, 0x31, 0x21, 0x30, 0x30, 0x31, 0x11, 0x30,
    0x30, 0x01, 0xCC, 0x7D, 0x89, 0xFD, 0xF2, 0x27, 0x42, 0x28, 0x28, 0x42, 0x27, 0x01, 0x2A, 0x28,
    0x42, 0x27, 0x27, 0x42, 0x28, 0xFE, 0xD6, 0x08, 0x01, 0x1A, 0xFE, 0xE6, 0x99, 0x99, 0x28, 0x42,
    0x27, 0x01, 0x22, 0x27, 0x42, 0x28, 0x28, 0x42, 0x27, 0xFE, 0xDE, 0x27, 0x42, 0x28, 0x99, 0x01,
    0x12, 0xFE, 0xEE, 0x00, 0x00, 0x02, 0x00, 0x36, 0x00, 0x00, 0x02, 0x8C, 0x02, 0x44, 0x00, 0x13,
    0x00, 0x23, 0x00, 0x00, 0x73, 0x31, 0x11, 0x21, 0x32, 0x16, 0x16, 0x15, 0x15, 0x14, 0x06, 0x06,
    0x07, 0x23, 0x17, 0x15, 0x23, 0x27, 0x23, 0x15, 0x11, 0x21, 0x30, 0x30, 0x31, 0x35, 0x30, 0x30,
    0x31, 0x21, 0x30, 0x30, 0x31, 0x15, 0x30, 0x30, 0x36, 0x01, 0xBB, 0x28, 0x42, 0x28, 0x23, 0x3C,
    0x25, 0x03, 0x90, 0x9B, 0xC3, 0x5F, 0x01, 0x1A, 0xFE, 0xE6, 0x02, 0x44, 0x28, 0x42, 0x27, 0x70,
    0x25, 0x3F, 0x2A, 0x03, 0x7C, 0x36, 0xB2, 0xB2, 0x01, 0x4C, 0x5F, 0x5F, 0x00, 0x01, 0x00, 0x31,
    0x00, 0x00, 0x02, 0x7E, 0x02, 0x44, 0x00, 0x3A, 0x00, 0x00, 0x73, 0x22, 0x26, 0x26, 0x35, 0x35,
    0x33, 0x15, 0x30, 0x30, 0x31, 0x21, 0x30, 0x30, 0x31, 0x35, 0x30, 0x30, 0x31, 0x21, 0x22, 0x26,
    0x26, 0x35, 0x35, 0x34, 0x36, 0x36, 0x33, 0x21, 0x32, 0x16, 0x16, 0x15, 0x15, 0x23, 0x35, 0x30,
    0x30, 0x31, 0x21, 0x30, 0x30, 0x31, 0x15, 0x30, 0x30, 0x31, 0x21, 0x32, 0x16, 0x16, 0x15, 0x15,
    0x14, 0x06, 0x06, 0x23, 0x21, 0xC2, 0x27, 0x42, 0x28, 0x99, 0x01, 0x1A, 0xFE, 0xDE, 0x27, 0x42,
    0x28, 0x28, 0x42, 0x27, 0x01, 0x2A, 0x28, 0x42, 0x28, 0x9A, 0xFE, 0xE6, 0x01, 0x22, 0x28, 0x42,
    0x28, 0x28, 0x42, 0x28, 0xFE, 0xD6, 0x28, 0x42, 0x27, 0x1C, 0x14, 0x3C, 0x28, 0x42, 0x27, 0x4D,
    0x27, 0x42, 0x28, 0x28, 0x42, 0x27, 0x1C, 0x14, 0x3C, 0x28, 0x42, 0x27, 0x4D, 0x27, 0x42, 0x28,
    0x00, 0x01, 0x00, 0x16, 0x00, 0x00, 0x02, 0x6C, 0x02, 0x44, 0x00, 0x08, 0x00, 0x00, 0x73, 0x31,
    0x11, 0x23, 0x35, 0x21, 0x15, 0x23, 0x11, 0xF3, 0xDD, 0x02, 0x56, 0xDF, 0x01, 0xAB, 0x99, 0x99,
    0xFE, 0x55, 0x00, 0x01, 0x00, 0x35, 0x00, 0x00, 0x02, 0x81, 0x02, 0x44, 0x00, 0x16, 0x00, 0x00,
    0x73, 0x22, 0x26, 0x26, 0x35, 0x11, 0x33, 0x11, 0x30, 0x30, 0x31, 0x21, 0x30, 0x30, 0x31, 0x11,
    0x33, 0x11, 0x14, 0x06, 0x06, 0x23, 0x21, 0xC6, 0x28, 0x42, 0x27, 0x99, 0x01, 0x1A, 0x99, 0x27,
    0x42, 0x28, 0xFE, 0xD6, 0x28, 0x42, 0x27, 0x01, 0xB3, 0xFE, 0x55, 0x01, 0xAB, 0xFE, 0x4D, 0x27,
    0x42, 0x28, 0x00, 0x01, 0x00, 0x15, 0x00, 0x00, 0x03, 0x1F, 0x02, 0x44, 0x00, 0x07, 0x00, 0x00,
    0x61, 0x31, 0x01, 0x33, 0x13, 0x13, 0x33, 0x01, 0x01, 0x5A, 0xFE, 0xBB, 0xB0, 0xD6, 0xD6, 0xAE,
    0xFE, 0xBE, 0x02, 0x44, 0xFE, 0x7E, 0x01, 0x82, 0xFD, 0xBC, 0x00, 0x01, 0x00, 0x22, 0x00, 0x00,
    0x04, 0x04, 0x02, 0x44, 0x00, 0x0D, 0x00, 0x00, 0x61, 0x31, 0x03, 0x33, 0x13, 0x13, 0x33, 0x13,
    0x13, 0x33, 0x03, 0x23, 0x03, 0x03, 0x01, 0x0A, 0xE8, 0xA2, 0x81, 0x87, 0x8C, 0x90, 0x78, 0xA4,
    0xE0, 0x74, 0x9D, 0x96, 0x02, 0x44, 0xFE, 0xD0, 0x01, 0x30, 0xFE, 0xCF, 0x01, 0x31, 0xFD, 0xBC,
    0x01, 0x53, 0xFE, 0xAD, 0x00, 0x01, 0x00, 0x2E, 0x00, 0x00, 0x02, 0x84, 0x02, 0x44, 0x00, 0x10,
    0x00, 0x00, 0x73, 0x31, 0x35, 0x37, 0x27, 0x35, 0x33, 0x17, 0x37, 0x33, 0x15, 0x07, 0x17, 0x15,
    0x23, 0x27, 0x07, 0x2E, 0xC6, 0xC6, 0x9D, 0x8E, 0x8E, 0x9D, 0xC8, 0xC8, 0x9D, 0x8E, 0x8E, 0x32,
    0xF6, 0xEA, 0x32, 0xA8, 0xA8, 0x32, 0xEA, 0xF6, 0x32, 0xAF, 0xAF, 0x00, 0x00, 0x01, 0x00, 0x12,
    0x00, 0x00, 0x02, 0xCB, 0x02, 0x44, 0x00, 0x09, 0x00, 0x00, 0x61, 0x31, 0x35, 0x01, 0x33, 0x17,
    0x37, 0x33, 0x01, 0x15, 0x01, 0x22, 0xFE, 0xF0, 0xB5, 0xA8, 0xA5, 0xB7, 0xFE, 0xF0, 0xC8, 0x01,
    0x7C, 0xD8, 0xD8, 0xFE, 0x84, 0xC8, 0x00, 0x01, 0x00, 0x36, 0x00, 0x00, 0x02, 0x82, 0x02, 0x44,
    0x00, 0x0A, 0x00, 0x00, 0x73, 0x31, 0x35, 0x01, 0x21, 0x35, 0x21, 0x15, 0x01, 0x21, 0x15, 0x36,
    0x01, 0x5D, 0xFE, 0xA3, 0x02, 0x4C, 0xFE, 0xA3, 0x01, 0x5D, 0x9D, 0x01, 0x0E, 0x99, 0x9D, 0xFE,
    0xF2, 0x99, 0x00, 0x03, 0x00, 0x39, 0x00, 0x00, 0x02, 0xFC, 0x02, 0xD0, 0x00, 0x14, 0x00, 0x1B,
    0x00, 0x22, 0x00, 0x00, 0x73, 0x22, 0x26, 0x26, 0x35, 0x11, 0x34, 0x36, 0x36, 0x33, 0x21, 0x32,
    0x16, 0x16, 0x15, 0x11, 0x14, 0x06, 0x06, 0x23, 0x21, 0x37, 0x31, 0x21, 0x30, 0x30, 0x31, 0x11,
    0x05, 0x31, 0x01, 0x21, 0x30, 0x30, 0x31, 0xCB, 0x28, 0x42, 0x28, 0x28, 0x42, 0x28, 0x01, 0x9F,
    0x28, 0x42, 0x28, 0x28, 0x42, 0x28, 0xFE, 0x61, 0x59, 0x01, 0x3F, 0xFE, 0x6F, 0x01, 0x3F, 0xFE,
    0xC1, 0x2D, 0x47, 0x27, 0x01, 0xA0, 0x28, 0x44, 0x29, 0x29, 0x44, 0x28, 0xFE, 0x60, 0x27, 0x47,
    0x2D, 0xA3, 0x01, 0x0C, 0x88, 0x01, 0x0C, 0x00, 0x00, 0x01, 0x00, 0x01, 0x00, 0x00, 0x01, 0x86,
    0x02, 0xD0, 0x00, 0x07, 0x00, 0x00, 0x73, 0x31, 0x11, 0x07, 0x23, 0x13, 0x33, 0x11, 0xED, 0x21,
    0xCB, 0xE6, 0x9F, 0x01, 0xE7, 0x29, 0x01, 0x12, 0xFD, 0x30, 0x00, 0x01, 0x00, 0x39, 0x00, 0x00,
    0x02, 0xFC, 0x02, 0xD0, 0x00, 0x2D, 0x00, 0x00, 0x73, 0x31, 0x11, 0x34, 0x36, 0x36, 0x33, 0x21,
    0x30, 0x30, 0x31, 0x35, 0x30, 0x30, 0x31, 0x21, 0x30, 0x30, 0x31, 0x15, 0x23, 0x35, 0x34, 0x36,
    0x36, 0x33, 0x21, 0x32, 0x16, 0x16, 0x15, 0x15, 0x14, 0x06, 0x06, 0x23, 0x21, 0x30, 0x30, 0x31,
    0x15, 0x30, 0x30, 0x31, 0x21, 0x15, 0x39, 0x28, 0x42, 0x28, 0x01, 0x98, 0xFE, 0x6F, 0x99, 0x28,
    0x42, 0x28, 0x01, 0x9F, 0x28, 0x42, 0x28, 0x28, 0x42, 0x28, 0xFE, 0x68, 0x02, 0x2A, 0x01, 0x17,
    0x28, 0x42, 0x27, 0x8F, 0x3A, 0x42, 0x28, 0x42, 0x27, 0x27, 0x42, 0x28, 0x9F, 0x28, 0x42, 0x28,
    0x75, 0x99, 0x00, 0x01, 0x00, 0x35, 0x00, 0x00, 0x02, 0xF8, 0x02, 0xD0, 0x00, 0x39, 0x00, 0x00,
    0x73, 0x22, 0x26, 0x26, 0x35, 0x35, 0x33, 0x15, 0x30, 0x30, 0x31, 0x21, 0x30, 0x30, 0x31, 0x35,
    0x30, 0x30, 0x31, 0x21, 0x35, 0x21, 0x30, 0x30, 0x31, 0x35, 0x30, 0x30, 0x31, 0x21, 0x30, 0x30,
    0x31, 0x15, 0x23, 0x35, 0x34, 0x36, 0x36, 0x33, 0x21, 0x32, 0x16, 0x16, 0x15, 0x15, 0x14, 0x06,
    0x07, 0x16, 0x16, 0x15, 0x15, 0x14, 0x06, 0x06, 0x23, 0x21, 0xC7, 0x28, 0x42, 0x28, 0x99, 0x01,
    0x91, 0xFE, 0x4C, 0x01, 0x99, 0xFE, 0x8A, 0x99, 0x28, 0x42, 0x28, 0x01, 0x85, 0x28, 0x42, 0x27,
    0x03, 0x03, 0x0F, 0x12, 0x27, 0x42, 0x28, 0xFE, 0x60, 0x28, 0x42, 0x27, 0x38, 0x30, 0x85, 0x99,
    0x80, 0x38, 0x40, 0x28, 0x42, 0x27, 0x27, 0x42, 0x28, 0x90, 0x0B, 0x19, 0x0A, 0x12, 0x2F, 0x1A,
    0x95, 0x27, 0x42, 0x28, 0x00, 0x02, 0x00, 0x06, 0x00, 0x00, 0x02, 0xAE, 0x02, 0xD0, 0x00, 0x0B,
    0x00, 0x0F, 0x00, 0x00, 0x61, 0x31, 0x35, 0x21, 0x35, 0x01, 0x33, 0x11, 0x33, 0x15, 0x23, 0x15,
    0x01, 0x31, 0x33, 0x35, 0x01, 0xB5, 0xFE, 0x51, 0x01, 0xBF, 0x89, 0x60, 0x60, 0xFE, 0xB1, 0xB6,
    0xB3, 0x89, 0x01, 0x94, 0xFE, 0x7D, 0x9A, 0xB3, 0x01, 0x4D, 0x94, 0x00, 0x00, 0x01, 0x00, 0x39,
    0x00, 0x00, 0x02, 0xFC, 0x02, 0xD0, 0x00, 0x29, 0x00, 0x00, 0x73, 0x22, 0x26, 0x26, 0x35, 0x35,
    0x33, 0x15, 0x30, 0x30, 0x31, 0x21, 0x30, 0x30, 0x31, 0x35, 0x30, 0x30, 0x31, 0x21, 0x11, 0x21,
    0x15, 0x21, 0x30, 0x30, 0x31, 0x15, 0x30, 0x30, 0x31, 0x21, 0x32, 0x16, 0x16, 0x15, 0x15, 0x14,
    0x06, 0x06, 0x23, 0x21, 0xCB, 0x28, 0x42, 0x28, 0x99, 0x01, 0x91, 0xFD, 0xD6, 0x02, 0xC3, 0xFD,
    0xD6, 0x01, 0x98, 0x28, 0x42, 0x28, 0x28, 0x42, 0x28, 0xFE, 0x61, 0x28, 0x42, 0x27, 0x38, 0x30,
    0x87, 0x01, 0xB0, 0x99, 0x7D, 0x27, 0x42, 0x28, 0x98, 0x27, 0x42, 0x28, 0x00, 0x02, 0x00, 0x39,
    0x00, 0x00, 0x02, 0xFC, 0x02, 0xD0, 0x00, 0x1E, 0x00, 0x2B, 0x00, 0x00, 0x73, 0x22, 0x26, 0x26,
    0x35, 0x11, 0x34, 0x36, 0x36, 0x33, 0x21, 0x15, 0x21, 0x30, 0x30, 0x31, 0x15, 0x30, 0x30, 0x31,
    0x21, 0x32, 0x16, 0x16, 0x15, 0x15, 0x14, 0x06, 0x06, 0x23, 0x21, 0x37, 0x21, 0x30, 0x30, 0x31,
    0x35, 0x30, 0x30, 0x31, 0x21, 0x15, 0x30, 0x30, 0xCB, 0x28, 0x42, 0x28, 0x28, 0x42, 0x28, 0x01,
    0xC4, 0xFE, 0x43, 0x01, 0x98, 0x28, 0x42, 0x28, 0x28, 0x42, 0x28, 0xFE, 0x61, 0x07, 0x01, 0x91,
    0xFE, 0x6F, 0x28, 0x42, 0x27, 0x01, 0xAE, 0x28, 0x42, 0x27, 0x99, 0x7D, 0x27, 0x42, 0x28, 0x98,
    0x27, 0x42, 0x28, 0x99, 0x87, 0x87, 0x00, 0x01, 0x00, 0x03, 0x00, 0x00, 0x02, 0x59, 0x02, 0xD1,
    0x00, 0x0D, 0x00, 0x00, 0x61, 0x31, 0x11, 0x30, 0x30, 0x31, 0x21, 0x35, 0x21, 0x32, 0x16, 0x16,
    0x15, 0x11, 0x01, 0xC0, 0xFE, 0x43, 0x01, 0xC5, 0x28, 0x42, 0x27, 0x02, 0x38, 0x99, 0x27, 0x42,
    0x28, 0xFD, 0xC0, 0x00, 0x00, 0x03, 0x00, 0x39, 0x00, 0x00, 0x02, 0xFC, 0x02, 0xD0, 0x00, 0x20,
    0x00, 0x31, 0x00, 0x42, 0x00, 0x00, 0x73, 0x22, 0x26, 0x26, 0x35, 0x35, 0x34, 0x36, 0x37, 0x26,
    0x26, 0x35, 0x35, 0x34, 0x36, 0x36, 0x33, 0x21, 0x32, 0x16, 0x16, 0x17, 0x15, 0x14, 0x07, 0x16,
    0x15, 0x15, 0x14, 0x06, 0x06, 0x23, 0x21, 0x37, 0x31, 0x21, 0x30, 0x30, 0x31, 0x35, 0x30, 0x30,
    0x31, 0x21, 0x30, 0x30, 0x31, 0x15, 0x30, 0x30, 0x11, 0x31, 0x21, 0x30, 0x30, 0x31, 0x35, 0x30,
    0x30, 0x31, 0x21, 0x30, 0x30, 0x31, 0x15, 0x30, 0x30, 0xCB, 0x28, 0x42, 0x28, 0x0A, 0x07, 0x07,
    0x0A, 0x28, 0x42, 0x28, 0x01, 0x9F, 0x24, 0x3E, 0x2A, 0x06, 0x11, 0x11, 0x28, 0x42, 0x28, 0xFE,
    0x61, 0x07, 0x01, 0x91, 0xFE, 0x6F, 0x01, 0x91, 0xFE, 0x6F, 0x28, 0x42, 0x27, 0x98, 0x11, 0x23,
    0x10, 0x10, 0x23, 0x12, 0x8D, 0x28, 0x42, 0x27, 0x1F, 0x36, 0x22, 0xA7, 0x23, 0x22, 0x1E, 0x26,
    0x98, 0x27, 0x42, 0x28, 0x99, 0x87, 0x87, 0x01, 0x17, 0x86, 0x86, 0x00, 0x00, 0x02, 0x00, 0x33,
    0x00, 0x00, 0x02, 0xF9, 0x02, 0xD0, 0x00, 0x21, 0x00, 0x2F, 0x00, 0x00, 0x73, 0x22, 0x26, 0x26,
    0x27, 0x21, 0x30, 0x30, 0x31, 0x35, 0x30, 0x30, 0x31, 0x21, 0x22, 0x26, 0x26, 0x35, 0x35, 0x34,
    0x36, 0x36, 0x33, 0x21, 0x32, 0x16, 0x16, 0x15, 0x11, 0x14, 0x06, 0x06, 0x23, 0x21, 0x13, 0x31,
    0x21, 0x35, 0x30, 0x30, 0x31, 0x21, 0x30, 0x30, 0x31, 0x15, 0x30, 0x30, 0xC8, 0x24, 0x3E, 0x2C,
    0x07, 0x02, 0x2D, 0xFE, 0x68, 0x28, 0x42, 0x28, 0x28, 0x42, 0x28, 0x01, 0xA0, 0x28, 0x42, 0x27,
    0x27, 0x42, 0x28, 0xFE, 0x60, 0x08, 0x01, 0x90, 0xFE, 0x70, 0x29, 0x45, 0x2B, 0x80, 0x28, 0x42,
    0x28, 0x94, 0x28, 0x42, 0x27, 0x27, 0x42, 0x28, 0xFE, 0x52, 0x27, 0x42, 0x28, 0x01, 0xB3, 0x84,
    0x84, 0x00, 0x00, 0x01, 0x00, 0x31, 0x00, 0x00, 0x02, 0xF3, 0x02, 0xCF, 0x00, 0x1C, 0x00, 0x00,
    0x73, 0x22, 0x26, 0x27, 0x27, 0x01, 0x35, 0x21, 0x30, 0x30, 0x31, 0x15, 0x23, 0x35, 0x34, 0x36,
    0x36, 0x33, 0x21, 0x32, 0x16, 0x16, 0x17, 0x15, 0x01, 0x15, 0x21, 0x15, 0x21, 0xC1, 0x33, 0x50,
    0x0C, 0x01, 0x02, 0x28, 0xFE, 0x72, 0x9A, 0x28, 0x42, 0x28, 0x01, 0xA0, 0x24, 0x3D, 0x29, 0x06,
    0xFD, 0xD8, 0x02, 0x28, 0xFD, 0xCE, 0x41, 0x30, 0x86, 0x01, 0x2B, 0x14, 0x45, 0x4D, 0x28, 0x42,
    0x27, 0x1F, 0x36, 0x22, 0x93, 0xFE, 0xD5, 0x01, 0x99, 0x00, 0x00, 0x01, 0x00, 0x09, 0x00, 0x00,
    0x02, 0xB1, 0x02, 0xCE, 0x00, 0x10, 0x00, 0x00, 0x61, 0x31, 0x35, 0x21, 0x35, 0x01, 0x33, 0x15,
    0x01, 0x33, 0x35, 0x33, 0x15, 0x33, 0x15, 0x23, 0x15, 0x01, 0xB8, 0xFE, 0x51, 0x01, 0x5A, 0x8A,
    0xFE, 0xEC, 0xDF, 0x99, 0x60, 0x60, 0xB1, 0x87, 0x01, 0x96, 0x53, 0xFE, 0xD0, 0x87, 0x87, 0x9A,
    0xB1, 0x00, 0x00, 0x01, 0x00, 0x2E, 0x00, 0x00, 0x02, 0xF1, 0x02, 0xD0, 0x00, 0x08, 0x00, 0x00,
    0x73, 0x31, 0x35, 0x01, 0x21, 0x35, 0x21, 0x15, 0x01, 0x2E, 0x01, 0xA6, 0xFE, 0x5A, 0x02, 0xC3,
    0xFD, 0xD9, 0x33, 0x02, 0x04, 0x99, 0x32, 0xFD, 0x62, 0x00, 0x00, 0x02, 0x00, 0x0C, 0x00, 0x00,
    0x02, 0xCF, 0x02, 0xCF, 0x00, 0x15, 0x00, 0x23, 0x00, 0x00, 0x61, 0x31, 0x11, 0x30, 0x30, 0x31,
    0x21, 0x22, 0x26, 0x26, 0x35, 0x35, 0x34, 0x36, 0x36, 0x33, 0x21, 0x32, 0x16, 0x16, 0x15, 0x11,
    0x01, 0x31, 0x21, 0x35, 0x30, 0x30, 0x31, 0x21, 0x30, 0x30, 0x31, 0x15, 0x30, 0x30, 0x02, 0x36,
    0xFE, 0x68, 0x28, 0x42, 0x28, 0x28, 0x42, 0x28, 0x01, 0xA0, 0x28, 0x42, 0x27, 0xFD, 0xD7, 0x01,
    0x90, 0xFE, 0x70, 0x01, 0x18, 0x27, 0x42, 0x28, 0x94, 0x28, 0x42, 0x28, 0x28, 0x42, 0x28, 0xFD,
    0xC3, 0x01, 0xB1, 0x84, 0x84, 0x00, 0x00, 0x01, 0x00, 0x36, 0x00, 0x00, 0x00, 0xCF, 0x00, 0x99,
    0x00, 0x04, 0x00, 0x00, 0x73, 0x31, 0x35, 0x33, 0x15, 0x36, 0x99, 0x99, 0x99, 0x00, 0x00, 0x01,
    0x00, 0x36, 0xFF, 0x7B, 0x00, 0xCF, 0x00, 0x8E, 0x00, 0x07, 0x00, 0x00, 0x57, 0x31, 0x11, 0x33,
    0x15, 0x14, 0x06, 0x06, 0x36, 0x99, 0x28, 0x46, 0x85, 0x01, 0x13, 0x7E, 0x24, 0x3E, 0x2C, 0x00,
    0x00, 0x02, 0x00, 0x36, 0x00, 0x00, 0x00, 0xCF, 0x02, 0x44, 0x00, 0x04, 0x00, 0x09, 0x00, 0x00,
    0x53, 0x31, 0x35, 0x33, 0x15, 0x03, 0x31, 0x35, 0x33, 0x15, 0x36, 0x99, 0x99, 0x99, 0x01, 0xAA,
    0x9A, 0x9A, 0xFE, 0x56, 0x99, 0x99, 0x00, 0x02, 0x00, 0x33, 0xFF, 0x7B, 0x00, 0xCD, 0x02, 0x44,
    0x00, 0x07, 0x00, 0x0C, 0x00, 0x00, 0x57, 0x31, 0x11, 0x33, 0x15, 0x14, 0x06, 0x06, 0x03, 0x31,
    0x35, 0x33, 0x15, 0x34, 0x99, 0x28, 0x46, 0x2C, 0x9A, 0x85, 0x01, 0x13, 0x7E, 0x24, 0x3E, 0x2C,
    0x02, 0x28, 0x9A, 0x9A, 0x00, 0x03, 0x00, 0x36, 0x00, 0x00, 0x02, 0x4F, 0x00, 0x99, 0x00, 0x04,
    0x00, 0x09, 0x00, 0x0E, 0x00, 0x00, 0x73, 0x31, 0x35, 0x33, 0x15, 0x33, 0x31, 0x35, 0x33, 0x15,
    0x33, 0x31, 0x35, 0x33, 0x15, 0x36, 0x9A, 0x26, 0x9A, 0x26, 0x99, 0x99, 0x99, 0x99, 0x99, 0x99,
    0x99, 0x00, 0x00, 0x02, 0x00, 0x3A, 0x00, 0x00, 0x00, 0xD3, 0x02, 0xD0, 0x00, 0x04, 0x00, 0x09,
    0x00, 0x00, 0x77, 0x31, 0x11, 0x33, 0x11, 0x07, 0x31, 0x35, 0x33, 0x15, 0x3A, 0x99, 0x99, 0x99,
    0xC9, 0x02, 0x07, 0xFD, 0xF9, 0xC9, 0x99, 0x99, 0x00, 0x02, 0x00, 0x35, 0x00, 0x00, 0x00, 0xCE,
    0x02, 0xC2, 0x00, 0x04, 0x00, 0x09, 0x00, 0x00, 0x73, 0x31, 0x11, 0x33, 0x11, 0x03, 0x31, 0x35,
    0x33, 0x15, 0x35, 0x99, 0x99, 0x99, 0x02, 0x0E, 0xFD, 0xF2, 0x02, 0x29, 0x99, 0x99, 0x00, 0x02,
    0x00, 0x1F, 0x00, 0x00, 0x02, 0x8D, 0x02, 0xD0, 0x00, 0x1F, 0x00, 0x24, 0x00, 0x00, 0x77, 0x31,
    0x35, 0x34, 0x36, 0x36, 0x33, 0x33, 0x30, 0x30, 0x31, 0x35, 0x30, 0x30, 0x31, 0x21, 0x35, 0x21,
    0x32, 0x16, 0x16, 0x15, 0x15, 0x14, 0x06, 0x06, 0x23, 0x23, 0x30, 0x30, 0x31, 0x15, 0x07, 0x31,
    0x35, 0x33, 0x15, 0x80, 0x27, 0x42, 0x28, 0xE3, 0xFE, 0x2B, 0x01, 0xDC, 0x28, 0x42, 0x28, 0x28,
    0x42, 0x28, 0xE1, 0x9A, 0x9A, 0xC2, 0x4E, 0x28, 0x42, 0x27, 0x96, 0x99, 0x27, 0x42, 0x28, 0xA6,
    0x28, 0x42, 0x28, 0x45, 0xC2, 0x99, 0x99, 0x00, 0x00, 0x02, 0x00, 0x13, 0x00, 0x00, 0x02, 0x82,
    0x02, 0xC2, 0x00, 0x1F, 0x00, 0x24, 0x00, 0x00, 0x73, 0x22, 0x26, 0x26, 0x35, 0x35, 0x34, 0x36,
    0x36, 0x33, 0x33, 0x30, 0x30, 0x31, 0x35, 0x33, 0x15, 0x14, 0x06, 0x06, 0x23, 0x23, 0x30, 0x30,
    0x31, 0x15, 0x30, 0x30, 0x31, 0x21, 0x15, 0x21, 0x13, 0x31, 0x35, 0x33, 0x15, 0xA5, 0x28, 0x42,
    0x28, 0x28, 0x42, 0x28, 0xE2, 0x99, 0x28, 0x42, 0x28, 0xE2, 0x01, 0xD6, 0xFE, 0x23, 0xE2, 0x99,
    0x28, 0x42, 0x27, 0xA7, 0x28, 0x42, 0x27, 0x4B, 0x53, 0x28, 0x42, 0x28, 0x96, 0x99, 0x02, 0x29,
    0x99, 0x99, 0x00, 0x01, 0x00, 0x6C, 0x01, 0x17, 0x01, 0x06, 0x01, 0xAC, 0x00, 0x0C, 0x00, 0x00,
    0x53, 0x22, 0x35, 0x35, 0x34, 0x33, 0x33, 0x32, 0x15, 0x15, 0x14, 0x23, 0x23, 0xAE, 0x42, 0x42,
    0x15, 0x43, 0x43, 0x15, 0x01, 0x17, 0x41, 0x12, 0x42, 0x42, 0x12, 0x41, 0x00, 0x01, 0x00, 0x19,
    0x01, 0x05, 0x01, 0xEC, 0x02, 0xC2, 0x00, 0x0F, 0x00, 0x00, 0x53, 0x31, 0x27, 0x37, 0x27, 0x37,
    0x17, 0x35, 0x33, 0x15, 0x37, 0x17, 0x07, 0x17, 0x07, 0x27, 0xBF, 0x7D, 0x45, 0x6E, 0x2F, 0x6D,
    0x9A, 0x6E, 0x2F, 0x6E, 0x45, 0x7B, 0x47, 0x01, 0x05, 0x5A, 0x5D, 0x23, 0x94, 0x25, 0x74, 0x74,
    0x25, 0x94, 0x23, 0x5D, 0x5A, 0x5D, 0x00, 0x02, 0x00, 0x20, 0x00, 0x00, 0x02, 0xEE, 0x02, 0xD0,
    0x00, 0x1C, 0x00, 0x21, 0x00, 0x00, 0x73, 0x31, 0x37, 0x23, 0x35, 0x33, 0x37, 0x23, 0x35, 0x33,
    0x37, 0x33, 0x07, 0x33, 0x37, 0x33, 0x07, 0x33, 0x15, 0x23, 0x07, 0x33, 0x15, 0x23, 0x07, 0x23,
    0x37, 0x23, 0x07, 0x13, 0x31, 0x33, 0x37, 0x23, 0x3C, 0x2F, 0x4B, 0x79, 0x22, 0x7F, 0xB0, 0x30,
    0x9E, 0x33, 0x8A, 0x30, 0x9D, 0x33, 0x43, 0x73, 0x22, 0x79, 0xAB, 0x2D, 0x9B, 0x30, 0x8C, 0x2C,
    0x5E, 0x88, 0x22, 0x88, 0x9E, 0x99, 0x6A, 0x99, 0x96, 0x96, 0x96, 0x96, 0x99, 0x6A, 0x99, 0x9E,
    0x9E, 0x9E, 0x01, 0x37, 0x6A, 0x00, 0x00, 0x01, 0x00, 0x06, 0x00, 0x00, 0x02, 0x0A, 0x02, 0xD0,
    0x00, 0x06, 0x00, 0x00, 0x73, 0x31, 0x35, 0x01, 0x33, 0x15, 0x01, 0x06, 0x01, 0xCD, 0x37, 0xFE,
    0x33, 0x9B, 0x02, 0x35, 0x9A, 0xFD, 0xCA, 0x00, 0x00, 0x01, 0x00, 0x05, 0x00, 0x00, 0x02, 0x09,
    0x02, 0xD0, 0x00, 0x06, 0x00, 0x00, 0x61, 0x31, 0x01, 0x35, 0x33, 0x01, 0x15, 0x01, 0xD2, 0xFE,
    0x33, 0x37, 0x01, 0xCD, 0x02, 0x36, 0x9A, 0xFD, 0xCA, 0x9A, 0x00, 0x02, 0x00, 0x1B, 0x00, 0x00,
    0x02, 0x81, 0x02, 0xD0, 0x00, 0x25, 0x00, 0x2A, 0x00, 0x00, 0x77, 0x31, 0x35, 0x34, 0x36, 0x36,
    0x33, 0x33, 0x30, 0x30, 0x31, 0x35, 0x30, 0x30, 0x31, 0x21, 0x15, 0x23, 0x35, 0x3E, 0x02, 0x33,
    0x21, 0x32, 0x16, 0x16, 0x15, 0x15, 0x14, 0x06, 0x06, 0x23, 0x23, 0x30, 0x30, 0x31, 0x15, 0x07,
    0x31, 0x35, 0x33, 0x15, 0xB2, 0x28, 0x42, 0x27, 0xA5, 0xFE, 0xCC, 0x99, 0x05, 0x28, 0x3E, 0x24,
    0x01, 0x46, 0x27, 0x42, 0x28, 0x28, 0x42, 0x27, 0xA4, 0x9A, 0x9A, 0xBE, 0x52, 0x28, 0x42, 0x27,
    0x96, 0x62, 0x82, 0x22, 0x37, 0x20, 0x27, 0x42, 0x28, 0xA6, 0x28, 0x42, 0x28, 0x49, 0xBE, 0x99,
    0x99, 0x00, 0x00, 0x01, 0x00, 0x34, 0x00, 0x00, 0x01, 0x07, 0x02, 0xD0, 0x00, 0x16, 0x00, 0x00,
    0x73, 0x22, 0x26, 0x26, 0x35, 0x11, 0x34, 0x36, 0x36, 0x33, 0x33, 0x15, 0x23, 0x30, 0x30, 0x31,
    0x11, 0x30, 0x30, 0x31, 0x33, 0x15, 0x23, 0xC5, 0x28, 0x42, 0x27, 0x27, 0x42, 0x28, 0x42, 0x3A,
    0x3A, 0x42, 0x28, 0x42, 0x27, 0x01, 0xAE, 0x28, 0x42, 0x27, 0x99, 0xFE, 0x62, 0x99, 0x00, 0x01,
    0x00, 0x38, 0x00, 0x00, 0x01, 0x0C, 0x02, 0xD0, 0x00, 0x16, 0x00, 0x00, 0x73, 0x31, 0x35, 0x33,
    0x30, 0x30, 0x31, 0x11, 0x30, 0x30, 0x31, 0x23, 0x35, 0x33, 0x32, 0x16, 0x16, 0x15, 0x11, 0x14,
    0x06, 0x06, 0x23, 0x38, 0x3A, 0x3A, 0x43, 0x27, 0x42, 0x28, 0x28, 0x42, 0x27, 0x99, 0x01, 0x9E,
    0x99, 0x27, 0x42, 0x28, 0xFE, 0x52, 0x27, 0x42, 0x28, 0x00, 0x00, 0x01, 0x00, 0x17, 0x00, 0x00,
    0x01, 0x12, 0x02, 0xD0, 0x00, 0x1D, 0x00, 0x00, 0x73, 0x22, 0x26, 0x26, 0x35, 0x35, 0x27, 0x35,
    0x37, 0x35, 0x34, 0x36, 0x36, 0x33, 0x33, 0x15, 0x23, 0x30, 0x30, 0x31, 0x15, 0x07, 0x17, 0x15,
    0x30, 0x30, 0x31, 0x33, 0x15, 0x23, 0xD1, 0x28, 0x42, 0x28, 0x28, 0x28, 0x28, 0x42, 0x28, 0x41,
    0x3A, 0x2D, 0x2D, 0x3A, 0x41, 0x28, 0x42, 0x27, 0x87, 0x17, 0x83, 0x16, 0x77, 0x28, 0x42, 0x27,
    0x99, 0xA1, 0x26, 0x25, 0xB2, 0x99, 0x00, 0x01, 0x00, 0x33, 0x00, 0x00, 0x01, 0x2E, 0x02, 0xD0,
    0x00, 0x1D, 0x00, 0x00, 0x73, 0x31, 0x35, 0x33, 0x30, 0x30, 0x31, 0x35, 0x37, 0x27, 0x35, 0x30,
    0x30, 0x31, 0x23, 0x35, 0x33, 0x32, 0x16, 0x16, 0x15, 0x15, 0x17, 0x15, 0x07, 0x15, 0x14, 0x06,
    0x06, 0x23, 0x33, 0x3A, 0x2D, 0x2D, 0x3A, 0x41, 0x28, 0x42, 0x28, 0x28, 0x28, 0x28, 0x42, 0x28,
    0x99, 0xB1, 0x26, 0x26, 0xA1, 0x99, 0x27, 0x42, 0x28, 0x76, 0x18, 0x80, 0x19, 0x87, 0x27, 0x42,
    0x28, 0x00, 0x00, 0x01, 0x00, 0x36, 0x00, 0x00, 0x01, 0x09, 0x02, 0xD0, 0x00, 0x08, 0x00, 0x00,
    0x73, 0x31, 0x11, 0x33, 0x15, 0x23, 0x11, 0x33, 0x15, 0x36, 0xD3, 0x3A, 0x3A, 0x02, 0xD0, 0x99,
    0xFE, 0x62, 0x99, 0x00, 0x00, 0x01, 0x00, 0x33, 0x00, 0x00, 0x01, 0x06, 0x02, 0xD0, 0x00, 0x08,
    0x00, 0x00, 0x73, 0x31, 0x35, 0x33, 0x11, 0x23, 0x35, 0x33, 0x11, 0x33, 0x39, 0x39, 0xD3, 0x99,
    0x01, 0x9E, 0x99, 0xFD, 0x30, 0x00, 0x00, 0x01, 0x00, 0x3B, 0x00, 0xDB, 0x01, 0xDC, 0x01, 0x74,
    0x00, 0x04, 0x00, 0x00, 0x77, 0x31, 0x35, 0x21, 0x15, 0x3B, 0x01, 0xA1, 0xDB, 0x99, 0x99, 0x00,
    0x00, 0x01, 0x00, 0x36, 0x00, 0xDA, 0x02, 0x8C, 0x01, 0x73, 0x00, 0x04, 0x00, 0x00, 0x77, 0x31,
    0x35, 0x21, 0x15, 0x36, 0x02, 0x56, 0xDA, 0x99, 0x99, 0x00, 0x00, 0x01, 0x00, 0x36, 0x00, 0xDA,
    0x02, 0xF4, 0x01, 0x73, 0x00, 0x04, 0x00, 0x00, 0x77, 0x31, 0x35, 0x21, 0x15, 0x36, 0x02, 0xBE,
    0xDA, 0x99, 0x99, 0x00, 0x00, 0x01, 0x00, 0x36, 0xFF, 0x65, 0x02, 0xF9, 0xFF, 0xFE, 0x00, 0x04,
    0x00, 0x00, 0x57, 0x31, 0x35, 0x21, 0x15, 0x36, 0x02, 0xC3, 0x9B, 0x99, 0x99, 0x00, 0x00, 0x02,
    0x00, 0x2D, 0x01, 0xB5, 0x01, 0x9D, 0x02, 0xC9, 0x00, 0x07, 0x00, 0x0F, 0x00, 0x00, 0x53, 0x31,
    0x35, 0x34, 0x36, 0x36, 0x37, 0x11, 0x17, 0x31, 0x35, 0x34, 0x36, 0x36, 0x37, 0x11, 0x2D, 0x28,
    0x46, 0x2B, 0x3E, 0x29, 0x45, 0x2B, 0x01, 0xB6, 0x7E, 0x25, 0x3F, 0x2A, 0x07, 0xFE, 0xED, 0x01,
    0x7E, 0x25, 0x3F, 0x2A, 0x07, 0xFE, 0xED, 0x00, 0x00, 0x02, 0x00, 0x36, 0x01, 0xB0, 0x01, 0xA6,
    0x02, 0xC2, 0x00, 0x07, 0x00, 0x0F, 0x00, 0x00, 0x53, 0x31, 0x11, 0x33, 0x15, 0x14, 0x06, 0x06,
    0x17, 0x31, 0x11, 0x33, 0x15, 0x14, 0x06, 0x06, 0x36, 0x9A, 0x29, 0x46, 0xAC, 0x99, 0x28, 0x46,
    0x01, 0xB0, 0x01, 0x12, 0x7D, 0x24, 0x3E, 0x2C, 0x07, 0x01, 0x12, 0x7D, 0x24, 0x3E, 0x2C, 0x00,
    0x00, 0x01, 0x00, 0x22, 0x01, 0xB5, 0x00, 0xBB, 0x02, 0xC8, 0x00, 0x07, 0x00, 0x00, 0x53, 0x31,
    0x35, 0x34, 0x36, 0x36, 0x37, 0x11, 0x22, 0x28, 0x46, 0x2B, 0x01, 0xB5, 0x7E, 0x25, 0x3E, 0x2B,
    0x07, 0xFE, 0xED, 0x00, 0x00, 0x01, 0x00, 0x36, 0x01, 0xB0, 0x00, 0xCF, 0x02, 0xC2, 0x00, 0x07,
    0x00, 0x00, 0x53, 0x31, 0x11, 0x33, 0x15, 0x14, 0x06, 0x06, 0x36, 0x99, 0x28, 0x46, 0x01, 0xB0,
    0x01, 0x12, 0x7D, 0x24, 0x3F, 0x2B, 0x00, 0x02, 0x00, 0x24, 0x01, 0xF9, 0x01, 0x71, 0x02, 0xC2,
    0x00, 0x04, 0x00, 0x09, 0x00, 0x00, 0x53, 0x31, 0x35, 0x33, 0x15, 0x21, 0x31, 0x35, 0x33, 0x15,
    0xD9, 0x98, 0xFE, 0xB3, 0x98, 0x01, 0xF9, 0xC9, 0xC9, 0xC9, 0xC9, 0x00, 0x00, 0x01, 0x00, 0x3B,
    0x01, 0xF8, 0x00, 0xD4, 0x02, 0xC2, 0x00, 0x04, 0x00, 0x00, 0x53, 0x31, 0x35, 0x33, 0x15, 0x3B,
    0x99, 0x01, 0xF8, 0xCA, 0xCA, 0x00, 0x00, 0x01, 0x00, 0x23, 0x00, 0x00, 0x02, 0xE3, 0x02, 0xD0,
    0x00, 0x26, 0x00, 0x00, 0x61, 0x22, 0x26, 0x26, 0x35, 0x35, 0x23, 0x35, 0x33, 0x35, 0x23, 0x35,
    0x33, 0x35, 0x34, 0x36, 0x36, 0x33, 0x21, 0x15, 0x21, 0x30, 0x30, 0x31, 0x15, 0x21, 0x15, 0x21,
    0x15, 0x21, 0x15, 0x21, 0x15, 0x30, 0x30, 0x31, 0x21, 0x15, 0x21, 0x01, 0x0E, 0x28, 0x42, 0x27,
    0x5A, 0x5A, 0x5A, 0x5A, 0x27, 0x42, 0x28, 0x01, 0xD5, 0xFE, 0x33, 0x01, 0x6B, 0xFE, 0x95, 0x01,
    0x6B, 0xFE, 0x95, 0x01, 0xCD, 0xFE, 0x2B, 0x28, 0x42, 0x27, 0x2A, 0x99, 0x23, 0x99, 0x2F, 0x28,
    0x42, 0x27, 0x99, 0x27, 0x99, 0x23, 0x99, 0x22, 0x99, 0x00, 0x00, 0x02, 0x00, 0x21, 0xFF, 0x9D,
    0x02, 0x6D, 0x02, 0xC1, 0x00, 0x18, 0x00, 0x22, 0x00, 0x00, 0x45, 0x31, 0x35, 0x23, 0x22, 0x26,
    0x26, 0x35, 0x11, 0x34, 0x36, 0x36, 0x33, 0x33, 0x35, 0x33, 0x15, 0x33, 0x15, 0x23, 0x11, 0x33,
    0x15, 0x23, 0x15, 0x25, 0x33, 0x11, 0x23, 0x30, 0x30, 0x31, 0x11, 0x30, 0x30, 0x01, 0x23, 0x70,
    0x28, 0x42, 0x28, 0x28, 0x42, 0x28, 0x70, 0x9A, 0xB0, 0xB0, 0xB0, 0xB0, 0xFE, 0xFD, 0x69, 0x69,
    0x63, 0x63, 0x28, 0x42, 0x27, 0x01, 0x2B, 0x28, 0x42, 0x28, 0x73, 0x73, 0x9B, 0xFE, 0xE6, 0x99,
    0x63, 0xFC, 0x01, 0x1A, 0xFE, 0xE6, 0x00, 0x03, 0x00, 0x22, 0xFF, 0x9E, 0x02, 0xE4, 0x03, 0x32,
    0x00, 0x36, 0x00, 0x40, 0x00, 0x4B, 0x00, 0x00, 0x45, 0x31, 0x35, 0x23, 0x22, 0x26, 0x26, 0x35,
    0x35, 0x33, 0x15, 0x30, 0x30, 0x31, 0x33, 0x35, 0x23, 0x22, 0x26, 0x26, 0x35, 0x35, 0x34, 0x36,
    0x36, 0x33, 0x33, 0x35, 0x33, 0x15, 0x33, 0x32, 0x16, 0x16, 0x15, 0x15, 0x23, 0x35, 0x30, 0x30,
    0x31, 0x23, 0x15, 0x33, 0x32, 0x16, 0x16, 0x15, 0x15, 0x14, 0x06, 0x06, 0x23, 0x23, 0x15, 0x01,
    0x33, 0x35, 0x23, 0x30, 0x30, 0x31, 0x15, 0x30, 0x30, 0x01, 0x31, 0x33, 0x30, 0x30, 0x31, 0x35,
    0x30, 0x30, 0x31, 0x23, 0x01, 0x37, 0x81, 0x2B, 0x43, 0x26, 0x99, 0x7B, 0x80, 0x2A, 0x43, 0x27,
    0x26, 0x43, 0x2B, 0x81, 0x99, 0x80, 0x2B, 0x43, 0x26, 0x99, 0x7B, 0x80, 0x2B, 0x43, 0x26, 0x27,
    0x43, 0x2A, 0x80, 0xFE, 0xEB, 0x7B, 0x7B, 0x01, 0x15, 0x7B, 0x7B, 0x62, 0x62, 0x28, 0x44, 0x28,
    0x3F, 0x3A, 0x7F, 0x27, 0x44, 0x2B, 0x8E, 0x2A, 0x43, 0x27, 0x62, 0x62, 0x27, 0x43, 0x2A, 0x40,
    0x3B, 0x86, 0x28, 0x41, 0x26, 0x8E, 0x28, 0x44, 0x28, 0x62, 0x02, 0x13, 0x86, 0x86, 0xFE, 0xE8,
    0x7F, 0x00, 0x00, 0x01, 0x00, 0x27, 0x00, 0x00, 0x02, 0xA8, 0x02, 0xD0, 0x00, 0x22, 0x00, 0x00,
    0x73, 0x31, 0x35, 0x33, 0x35, 0x23, 0x35, 0x33, 0x35, 0x34, 0x36, 0x36, 0x33, 0x21, 0x32, 0x16,
    0x16, 0x15, 0x15, 0x23, 0x35, 0x30, 0x30, 0x31, 0x23, 0x30, 0x30, 0x31, 0x15, 0x21, 0x15, 0x21,
    0x15, 0x21, 0x15, 0x27, 0x5A, 0x5A, 0x5A, 0x28, 0x42, 0x27, 0x01, 0x05, 0x28, 0x42, 0x27, 0x9A,
    0xF4, 0x01, 0x2E, 0xFE, 0xD2, 0x01, 0x8E, 0x99, 0x7C, 0x99, 0x91, 0x28, 0x42, 0x27, 0x27, 0x42,
    0x28, 0x38, 0x3A, 0x93, 0x99, 0x7C, 0x99, 0x00, 0x00, 0x01, 0x00, 0x11, 0x00, 0x56, 0x01, 0xB2,
    0x01, 0xF7, 0x00, 0x0C, 0x00, 0x00, 0x77, 0x31, 0x35, 0x23, 0x35, 0x33, 0x35, 0x33, 0x15, 0x33,
    0x15, 0x23, 0x15, 0x93, 0x82, 0x82, 0x99, 0x86, 0x86, 0x56, 0x85, 0x99, 0x83, 0x83, 0x99, 0x85,
    0x00, 0x01, 0x00, 0x3B, 0x00, 0xDB, 0x01, 0xDC, 0x01, 0x74, 0x00, 0x04, 0x00, 0x00, 0x77, 0x31,
    0x35, 0x21, 0x15, 0x3B, 0x01, 0xA1, 0xDB, 0x99, 0x99, 0x00, 0x00, 0x01, 0x00, 0x35, 0x00, 0x52,
    0x01, 0xFB, 0x02, 0x04, 0x00, 0x10, 0x00, 0x00, 0x77, 0x31, 0x35, 0x37, 0x27, 0x35, 0x33, 0x17,
    0x37, 0x33, 0x15, 0x07, 0x17, 0x15, 0x23, 0x27, 0x07, 0x35, 0x81, 0x81, 0x9E, 0x44, 0x45, 0x9F,
    0x82, 0x82, 0x9F, 0x45, 0x45, 0x52, 0x32, 0xA8, 0xA6, 0x32, 0x5E, 0x5E, 0x32, 0xA6, 0xA8, 0x32,
    0x5D, 0x5D, 0x00, 0x03, 0x00, 0x07, 0x00, 0x00, 0x01, 0xF1, 0x02, 0x68, 0x00, 0x04, 0x00, 0x09,
    0x00, 0x0E, 0x00, 0x00, 0x77, 0x31, 0x35, 0x21, 0x15, 0x05, 0x31, 0x35, 0x33, 0x15, 0x03, 0x31,
    0x35, 0x33, 0x15, 0x07, 0x01, 0xEA, 0xFE, 0xC6, 0x99, 0x99, 0x99, 0xF0, 0x99, 0x99, 0xF0, 0x99,
    0x99, 0x01, 0xCE, 0x9A, 0x9A, 0x00, 0x00, 0x02, 0x00, 0x3B, 0x00, 0x81, 0x02, 0x49, 0x01, 0xE4,
    0x00, 0x04, 0x00, 0x09, 0x00, 0x00, 0x53, 0x31, 0x35, 0x21, 0x15, 0x05, 0x31, 0x35, 0x21, 0x15,
    0x3B, 0x02, 0x0E, 0xFD, 0xF2, 0x02, 0x0E, 0x01, 0x4B, 0x99, 0x99, 0xCA, 0x99, 0x99, 0x00, 0x01,
    0x00, 0x3B, 0xFF, 0xED, 0x01, 0xE7, 0x02, 0x5D, 0x00, 0x07, 0x00, 0x00, 0x57, 0x31, 0x35, 0x37,
    0x27, 0x35, 0x05, 0x15, 0x3B, 0xE9, 0xE9, 0x01, 0xAC, 0x13, 0xB2, 0x87, 0x86, 0xB1, 0xF7, 0x81,
    0x00, 0x01, 0x00, 0x05, 0xFF, 0xEF, 0x01, 0xB0, 0x02, 0x5F, 0x00, 0x07, 0x00, 0x00, 0x45, 0x31,
    0x25, 0x35, 0x25, 0x15, 0x07, 0x17, 0x01, 0xB0, 0xFE, 0x55, 0x01, 0xAB, 0xEA, 0xEA, 0x11, 0xF8,
    0x80, 0xF8, 0xB0, 0x87, 0x88, 0x00, 0x00, 0x01, 0x00, 0x18, 0x00, 0xD2, 0x01, 0x8F, 0x01, 0x83,
    0x00, 0x12, 0x00, 0x00, 0x65, 0x22, 0x27, 0x26, 0x23, 0x22, 0x07, 0x35, 0x36, 0x33, 0x32, 0x17,
    0x16, 0x33, 0x32, 0x37, 0x15, 0x06, 0x23, 0x01, 0x2C, 0x24, 0x3A, 0x3B, 0x22, 0x26, 0x33, 0x35,
    0x2A, 0x26, 0x41, 0x41, 0x18, 0x20, 0x38, 0x3C, 0x27, 0xD2, 0x1F, 0x1E, 0x27, 0x84, 0x17, 0x1F,
    0x1F, 0x24, 0x7E, 0x19, 0x00, 0x05, 0x00, 0x30, 0x00, 0x00, 0x03, 0x8D, 0x02, 0xCF, 0x00, 0x06,
    0x00, 0x1B, 0x00, 0x2C, 0x00, 0x41, 0x00, 0x52, 0x00, 0x00, 0x73, 0x31, 0x35, 0x01, 0x33, 0x15,
    0x01, 0x03, 0x22, 0x26, 0x26, 0x35, 0x35, 0x34, 0x36, 0x36, 0x33, 0x33, 0x32, 0x16, 0x16, 0x15,
    0x15, 0x14, 0x06, 0x06, 0x23, 0x23, 0x37, 0x31, 0x33, 0x32, 0x36, 0x35, 0x35, 0x34, 0x26, 0x23,
    0x23, 0x22, 0x06, 0x15, 0x15, 0x14, 0x16, 0x01, 0x22, 0x26, 0x26, 0x35, 0x35, 0x34, 0x36, 0x36,
    0x33, 0x33, 0x32, 0x16, 0x16, 0x15, 0x15, 0x14, 0x06, 0x06, 0x23, 0x23, 0x37, 0x31, 0x33, 0x32,
    0x36, 0x35, 0x35, 0x34, 0x26, 0x23, 0x23, 0x22, 0x06, 0x15, 0x15, 0x14, 0x16, 0x86, 0x02, 0x90,
    0x33, 0xFD, 0x70, 0x01, 0x28, 0x3D, 0x23, 0x23, 0x3D, 0x28, 0x51, 0x28, 0x3D, 0x23, 0x23, 0x3D,
    0x28, 0x51, 0x16, 0x24, 0x0E, 0x13, 0x13, 0x0E, 0x24, 0x0E, 0x13, 0x13, 0x01, 0xF4, 0x27, 0x3D,
    0x23, 0x23, 0x3D, 0x27, 0x51, 0x28, 0x3D, 0x23, 0x23, 0x3D, 0x28, 0x51, 0x17, 0x24, 0x0E, 0x13,
    0x13, 0x0E, 0x24, 0x0E, 0x13, 0x13, 0x9D, 0x02, 0x32, 0x9C, 0xFD, 0xCD, 0x01, 0x71, 0x23, 0x3D,
    0x28, 0x48, 0x28, 0x3D, 0x22, 0x22, 0x3D, 0x28, 0x48, 0x28, 0x3D, 0x23, 0x7E, 0x13, 0x0E, 0x1A,
    0x0E, 0x13, 0x13, 0x0E, 0x1A, 0x0E, 0x13, 0xFE, 0x1A, 0x23, 0x3D, 0x28, 0x48, 0x28, 0x3D, 0x22,
    0x22, 0x3D, 0x28, 0x48, 0x28, 0x3D, 0x23, 0x7D, 0x13, 0x0E, 0x1B, 0x0E, 0x13, 0x13, 0x0E, 0x1B,
    0x0E, 0x13, 0x00, 0x02, 0x00, 0x36, 0x00, 0x00, 0x02, 0xF9, 0x02, 0xD0, 0x00, 0x2F, 0x00, 0x3C,
    0x00, 0x00, 0x73, 0x22, 0x26, 0x26, 0x35, 0x11, 0x34, 0x36, 0x36, 0x33, 0x21, 0x32, 0x16, 0x16,
    0x15, 0x11, 0x21, 0x22, 0x26, 0x26, 0x35, 0x35, 0x34, 0x36, 0x36, 0x33, 0x33, 0x32, 0x16, 0x16,
    0x15, 0x15, 0x33, 0x35, 0x30, 0x30, 0x31, 0x21, 0x30, 0x30, 0x31, 0x11, 0x30, 0x30, 0x31, 0x21,
    0x15, 0x21, 0x13, 0x33, 0x35, 0x30, 0x30, 0x31, 0x23, 0x30, 0x30, 0x31, 0x15, 0x30, 0x30, 0xC8,
    0x28, 0x42, 0x28, 0x28, 0x42, 0x28, 0x01, 0x9F, 0x28, 0x42, 0x28, 0xFE, 0x80, 0x28, 0x38, 0x1E,
    0x1E, 0x38, 0x28, 0x3E, 0x28, 0x38, 0x1D, 0x2C, 0xFE, 0x6F, 0x02, 0x2A, 0xFD, 0xCF, 0x9D, 0x65,
    0x65, 0x28, 0x42, 0x27, 0x01, 0xAE, 0x28, 0x42, 0x27, 0x27, 0x42, 0x28, 0xFE, 0x99, 0x1D, 0x38,
    0x28, 0x35, 0x28, 0x38, 0x1D, 0x1D, 0x38, 0x28, 0x3F, 0xEC, 0xFE, 0x62, 0x99, 0x01, 0x4B, 0x52,
    0x52, 0x00, 0x00, 0x02, 0x00, 0x35, 0xFF, 0xEE, 0x03, 0x6A, 0x02, 0xCF, 0x00, 0x29, 0x00, 0x36,
    0x00, 0x00, 0x73, 0x22, 0x26, 0x26, 0x35, 0x35, 0x34, 0x36, 0x37, 0x26, 0x35, 0x35, 0x34, 0x36,
    0x36, 0x33, 0x21, 0x32, 0x16, 0x16, 0x17, 0x15, 0x23, 0x35, 0x30, 0x30, 0x31, 0x21, 0x30, 0x30,
    0x31, 0x15, 0x05, 0x35, 0x33, 0x15, 0x17, 0x15, 0x27, 0x06, 0x06, 0x23, 0x25, 0x21, 0x32, 0x32,
    0x33, 0x25, 0x27, 0x22, 0x14, 0x15, 0x15, 0x30, 0x30, 0xC6, 0x27, 0x42, 0x28, 0x16, 0x15, 0x07,
    0x28, 0x42, 0x27, 0x01, 0x61, 0x23, 0x3E, 0x2A, 0x06, 0x99, 0xFE, 0xAF, 0x01, 0x6C, 0x99, 0x73,
    0x8C, 0x15, 0x40, 0x23, 0xFE, 0x68, 0x01, 0x20, 0x0B, 0x13, 0x0A, 0xFE, 0xC9, 0x0F, 0x02, 0x27,
    0x41, 0x29, 0xB9, 0x16, 0x30, 0x0E, 0x11, 0x24, 0x6B, 0x29, 0x42, 0x26, 0x1F, 0x36, 0x22, 0x58,
    0x35, 0x6C, 0xB7, 0x5F, 0xA1, 0x44, 0x9E, 0x50, 0x1C, 0x22, 0x99, 0x9D, 0x08, 0x10, 0x1F, 0x76,
    0x00, 0x03, 0x00, 0x38, 0x00, 0x00, 0x03, 0x0F, 0x02, 0xC2, 0x00, 0x12, 0x00, 0x1C, 0x00, 0x21,
    0x00, 0x00, 0x61, 0x31, 0x35, 0x23, 0x22, 0x26, 0x26, 0x35, 0x35, 0x34, 0x36, 0x36, 0x33, 0x21,
    0x11, 0x23, 0x35, 0x23, 0x15, 0x01, 0x33, 0x35, 0x23, 0x30, 0x30, 0x31, 0x15, 0x30, 0x30, 0x21,
    0x31, 0x33, 0x35, 0x23, 0x01, 0x9A, 0xD0, 0x28, 0x42, 0x28, 0x28, 0x42, 0x28, 0x02, 0x45, 0x99,
    0x42, 0xFE, 0x9D, 0xC9, 0xC9, 0x01, 0x63, 0x42, 0x42, 0xE8, 0x28, 0x42, 0x27, 0xB7, 0x27, 0x43,
    0x28, 0xFD, 0x3E, 0xE8, 0xE8, 0x01, 0x82, 0xA6, 0xA6, 0xA6, 0x00, 0x02, 0x00, 0x2D, 0x01, 0x57,
    0x01, 0xA1, 0x02, 0xC2, 0x00, 0x14, 0x00, 0x24, 0x00, 0x00, 0x53, 0x22, 0x26, 0x26, 0x35, 0x35,
    0x34, 0x36, 0x36, 0x33, 0x33, 0x32, 0x16, 0x16, 0x15, 0x15, 0x14, 0x06, 0x06, 0x23, 0x23, 0x27,
    0x33, 0x30, 0x30, 0x31, 0x35, 0x30, 0x30, 0x31, 0x23, 0x30, 0x30, 0x31, 0x15, 0x30, 0x30, 0xBF,
    0x28, 0x42, 0x28, 0x28, 0x42, 0x28, 0x51, 0x27, 0x42, 0x28, 0x28, 0x42, 0x27, 0x51, 0x0B, 0x66,
    0x66, 0x01, 0x57, 0x28, 0x42, 0x28, 0x48, 0x28, 0x42, 0x27, 0x27, 0x42, 0x28, 0x48, 0x28, 0x42,
    0x28, 0x88, 0x5C, 0x5C, 0x00, 0x01, 0x00, 0x36, 0xFF, 0x9D, 0x00, 0xCF, 0x03, 0x24, 0x00, 0x04,
    0x00, 0x00, 0x57, 0x31, 0x11, 0x33, 0x11, 0x36, 0x99, 0x63, 0x03, 0x87, 0xFC, 0x79, 0x00, 0x02,
    0xFF, 0x49, 0x02, 0x80, 0x00, 0xB8, 0x03, 0x1A, 0x00, 0x04, 0x00, 0x09, 0x00, 0x00, 0x53, 0x31,
    0x35, 0x33, 0x15, 0x21, 0x31, 0x35, 0x33, 0x15, 0x1E, 0x9A, 0xFE, 0x91, 0x99, 0x02, 0x80, 0x9A,
    0x9A, 0x9A, 0x9A, 0x00, 0x00, 0x01, 0xFF, 0xB3, 0x02, 0x80, 0x00, 0x4D, 0x03, 0x1A, 0x00, 0x03,
    0x00, 0x00, 0x43, 0x35, 0x33, 0x15, 0x4D, 0x9A, 0x02, 0x80, 0x9A, 0x9A, 0x00, 0x01, 0xFF, 0x87,
    0x02, 0x80, 0x00, 0x57, 0x03, 0x4B, 0x00, 0x04, 0x00, 0x00, 0x43, 0x31, 0x27, 0x33, 0x17, 0x46,
    0x33, 0x9D, 0x33, 0x02, 0x80, 0xCB, 0xCB, 0x00, 0x00, 0x01, 0xFF, 0xAC, 0x02, 0x80, 0x00, 0x7C,
    0x03, 0x4B, 0x00, 0x04, 0x00, 0x00, 0x43, 0x31, 0x37, 0x33, 0x07, 0x54, 0x33, 0x9D, 0x33, 0x02,
    0x80, 0xCB, 0xCB, 0x00, 0x00, 0x01, 0xFF, 0x61, 0x02, 0x80, 0x00, 0xA1, 0x03, 0x38, 0x00, 0x07,
    0x00, 0x00, 0x43, 0x31, 0x37, 0x33, 0x17, 0x23, 0x27, 0x07, 0x9F, 0x6E, 0x64, 0x6E, 0x86, 0x1C,
    0x19, 0x02, 0x80, 0xB8, 0xB8, 0x2C, 0x2C, 0x00, 0x00, 0x01, 0xFF, 0x60, 0x02, 0x80, 0x00, 0xA0,
    0x03, 0x38, 0x00, 0x07, 0x00, 0x00, 0x43, 0x31, 0x27, 0x33, 0x17, 0x37, 0x33, 0x07, 0x32, 0x6E,
    0x83, 0x1B, 0x1B, 0x87, 0x6E, 0x02, 0x80, 0xB8, 0x2C, 0x2C, 0xB8, 0x00, 0x00, 0x02, 0xFF, 0x9A,
    0x02, 0x80, 0x00, 0x66, 0x03, 0x49, 0x00, 0x0F, 0x00, 0x1F, 0x00, 0x00, 0x43, 0x22, 0x26, 0x35,
    0x35, 0x34, 0x36, 0x33, 0x33, 0x32, 0x16, 0x15, 0x15, 0x14, 0x06, 0x23, 0x27, 0x33, 0x30, 0x30,
    0x31, 0x35, 0x30, 0x30, 0x31, 0x23, 0x30, 0x30, 0x31, 0x15, 0x30, 0x30, 0x19, 0x1F, 0x2E, 0x2E,
    0x1F, 0x33, 0x1F, 0x2D, 0x2D, 0x1F, 0x33, 0x32, 0x32, 0x02, 0x80, 0x2D, 0x1F, 0x31, 0x1F, 0x2D,
    0x2D, 0x1F, 0x31, 0x1F, 0x2D, 0x45, 0x36, 0x36, 0x00, 0x01, 0xFF, 0x44, 0x02, 0x88, 0x00, 0xBC,
    0x03, 0x50, 0x00, 0x0E, 0x00, 0x00, 0x53, 0x22, 0x27, 0x26, 0x23, 0x23, 0x35, 0x33, 0x32, 0x17,
    0x16, 0x33, 0x33, 0x15, 0x23, 0x56, 0x39, 0x36, 0x34, 0x22, 0x4D, 0x59, 0x37, 0x2F, 0x2F, 0x2D,
    0x5D, 0x66, 0x02, 0x88, 0x2A, 0x2A, 0x74, 0x2B, 0x2B, 0x72, 0x00, 0x01, 0x01, 0x47, 0xFF, 0x64,
    0x02, 0x18, 0x00, 0x0F, 0x00, 0x03, 0x00, 0x00, 0x45, 0x37, 0x33, 0x07, 0x01, 0x47, 0x34, 0x9D,
    0x34, 0x9C, 0xAB, 0xAB, 0xFF, 0xFF, 0x00, 0x64, 0x02, 0x80, 0x01, 0xD3, 0x03, 0x1A, 0x04, 0x07,
    0x00, 0xEB, 0x01, 0x1B, 0x00, 0x00, 0xFF, 0xFF, 0x00, 0x48, 0x02, 0x80, 0x00, 0xE2, 0x03, 0x1A,
    0x04, 0x07, 0x00, 0xEC, 0x00, 0x95, 0x00, 0x00, 0xFF, 0xFF, 0x00, 0x27, 0x02, 0x80, 0x00, 0xF7,
    0x03, 0x4B, 0x04, 0x07, 0x00, 0xED, 0x00, 0xA0, 0x00, 0x00, 0xFF, 0xFF, 0x00, 0x1C, 0x02, 0x80,
    0x00, 0xEC, 0x03, 0x4B, 0x04, 0x06, 0x00, 0xEE, 0x70, 0x00, 0xFF, 0xFF, 0x00, 0x64, 0x02, 0x80,
    0x01, 0xA4, 0x03, 0x38, 0x04, 0x07, 0x00, 0xEF, 0x01, 0x03, 0x00, 0x00, 0xFF, 0xFF, 0xFF, 0xF5,
    0x02, 0x80, 0x01, 0x35, 0x03, 0x38, 0x04, 0x07, 0x00, 0xF0, 0x00, 0x95, 0x00, 0x00, 0x00, 0x01,
    0x00, 0x28, 0x02, 0xEB, 0x01, 0x1A, 0x03, 0x70, 0x00, 0x10, 0x00, 0x00, 0x53, 0x22, 0x26, 0x35,
    0x37, 0x14, 0x14, 0x15, 0x33, 0x34, 0x34, 0x35, 0x33, 0x14, 0x06, 0x23, 0x23, 0x8F, 0x30, 0x37,
    0x66, 0x27, 0x65, 0x38, 0x25, 0x2E, 0x02, 0xEB, 0x3A, 0x4A, 0x01, 0x0E, 0x0F, 0x01, 0x01, 0x0F,
    0x0E, 0x4B, 0x3A, 0x00, 0xFF, 0xFF, 0x00, 0x0F, 0x02, 0xEC, 0x00, 0xDB, 0x03, 0xB5, 0x04, 0x06,
    0x00, 0xF1, 0x75, 0x6C, 0xFF, 0xFF, 0x00, 0x0E, 0x02, 0x88, 0x01, 0x86, 0x03, 0x50, 0x04, 0x07,
    0x00, 0xF2, 0x00, 0xCA, 0x00, 0x00, 0x00, 0x01, 0x00, 0x57, 0x02, 0x7E, 0x01, 0x9B, 0x02, 0xD0,
    0x00, 0x04, 0x00, 0x00, 0x53, 0x31, 0x35, 0x21, 0x15, 0x57, 0x01, 0x44, 0x02, 0x7E, 0x52, 0x52,
    0xFF, 0xFF, 0x00, 0x04, 0xFF, 0x64, 0x00, 0xD5, 0x00, 0x0F, 0x04, 0x07, 0x00, 0xF3, 0xFE, 0xBD,
    0x00, 0x00, 0x00, 0x01, 0x00, 0xBD, 0xFF, 0x06, 0x01, 0x37, 0xFF, 0xEF, 0x00, 0x04, 0x00, 0x00,
    0x57, 0x31, 0x35, 0x33, 0x15, 0xBD, 0x7A, 0xFA, 0xE9, 0xE9, 0x00, 0x01, 0x00, 0x2E, 0x00, 0x00,
    0x02, 0xF1, 0x02, 0xD0, 0x00, 0x08, 0x00, 0x00, 0x73, 0x31, 0x35, 0x01, 0x21, 0x35, 0x21, 0x15,
    0x01, 0x2E, 0x01, 0xA6, 0xFE, 0x5A, 0x02, 0xC3, 0xFD, 0xD9, 0x33, 0x02, 0x04, 0x99, 0x32, 0xFD,
    0x62, 0x00, 0x00, 0x02, 0x00, 0x0C, 0x00, 0x00, 0x02, 0xCF, 0x02, 0xCF, 0x00, 0x15, 0x00, 0x22,
    0x00, 0x00, 0x61, 0x35, 0x34, 0x36, 0x06, 0x23, 0x21, 0x22, 0x26, 0x26, 0x35, 0x35, 0x34, 0x36,
    0x36, 0x33, 0x21, 0x32, 0x16, 0x16, 0x15, 0x11, 0x01, 0x21, 0x35, 0x30, 0x30, 0x31, 0x21, 0x30,
    0x30, 0x31, 0x15, 0x30, 0x30, 0x02, 0x36, 0x01, 0x0D, 0x15, 0xFE, 0x89, 0x28, 0x42, 0x28, 0x28,
    0x42, 0x28, 0x01, 0xA0, 0x28, 0x42, 0x27, 0xFD, 0xD7, 0x01, 0x90, 0xFE, 0x70, 0xF7, 0x16, 0x0C,
    0x01, 0x27, 0x42, 0x28, 0x94, 0x28, 0x42, 0x28, 0x28, 0x42, 0x28, 0xFD, 0xC3, 0x01, 0xB1, 0x84,
    0x84, 0x00, 0x00, 0x01, 0x00, 0x31, 0x00, 0x00, 0x02, 0xF3, 0x02, 0xCF, 0x00, 0x1C, 0x00, 0x00,
    0x73, 0x22, 0x26, 0x27, 0x27, 0x01, 0x35, 0x21, 0x30, 0x30, 0x31, 0x15, 0x23, 0x35, 0x34, 0x36,
    0x36, 0x33, 0x21, 0x32, 0x16, 0x16, 0x17, 0x15, 0x01, 0x15, 0x21, 0x15, 0x21, 0xC1, 0x33, 0x50,
    0x0C, 0x01, 0x02, 0x28, 0xFE, 0x72, 0x9A, 0x28, 0x42, 0x28, 0x01, 0xA0, 0x24, 0x3D, 0x29, 0x06,
    0xFD, 0xD8, 0x02, 0x28, 0xFD, 0xCE, 0x41, 0x30, 0x86, 0x01, 0x2B, 0x14, 0x45, 0x4D, 0x28, 0x42,
    0x27, 0x1F, 0x36, 0x22, 0x93, 0xFE, 0xD5, 0x01, 0x99, 0x00, 0x00, 0x02, 0x00, 0x1B, 0x00, 0x00,
    0x02, 0x81, 0x02, 0xD0, 0x00, 0x24, 0x00, 0x28, 0x00, 0x00, 0x77, 0x35, 0x34, 0x36, 0x36, 0x33,
    0x33, 0x30, 0x30, 0x31, 0x35, 0x30, 0x30, 0x31, 0x21, 0x15, 0x23, 0x35, 0x3E, 0x02, 0x33, 0x21,
    0x32, 0x16, 0x16, 0x15, 0x15, 0x14, 0x06, 0x06, 0x23, 0x23, 0x30, 0x30, 0x31, 0x15, 0x07, 0x35,
    0x33, 0x15, 0xB2, 0x28, 0x42, 0x27, 0xA5, 0xFE, 0xCC, 0x99, 0x05, 0x28, 0x3E, 0x24, 0x01, 0x46,
    0x27, 0x42, 0x28, 0x28, 0x42, 0x27, 0xA4, 0x9A, 0x9A, 0xBE, 0x52, 0x28, 0x42, 0x27, 0x96, 0x62,
    0x82, 0x22, 0x37, 0x20, 0x27, 0x42, 0x28, 0xA6, 0x28, 0x42, 0x28, 0x49, 0xBE, 0x99, 0x99, 0x00,
    0x00, 0x01, 0x00, 0x09, 0x00, 0x00, 0x02, 0xB1, 0x02, 0xCE, 0x00, 0x10, 0x00, 0x00, 0x61, 0x31,
    0x35, 0x21, 0x35, 0x01, 0x33, 0x15, 0x01, 0x33, 0x35, 0x33, 0x15, 0x33, 0x15, 0x23, 0x15, 0x01,
    0xB8, 0xFE, 0x51, 0x01, 0x5A, 0x8A, 0xFE, 0xEC, 0xDF, 0x99, 0x60, 0x60, 0xB1, 0x87, 0x01, 0x96,
    0x53, 0xFE, 0xD0, 0x87, 0x87, 0x9A, 0xB1, 0x00, 0x00, 0x01, 0xFF, 0xFF, 0x00, 0x00, 0x04, 0x2C,
    0x02, 0xD0, 0x00, 0x10, 0x00, 0x00, 0x61, 0x31, 0x01, 0x35, 0x33, 0x01, 0x35, 0x27, 0x35, 0x33,
    0x01, 0x11, 0x33, 0x11, 0x23, 0x27, 0x15, 0x02, 0x30, 0xFD, 0xCF, 0xA0, 0x01, 0x94, 0xD7, 0x9F,
    0x01, 0x95, 0x9C, 0x9F, 0xBE, 0x02, 0x9C, 0x34, 0xFE, 0x20, 0xAD, 0xFE, 0x35, 0xFE, 0x1E, 0x01,
    0xE2, 0xFD, 0x30, 0xE1, 0xE1, 0x00, 0x00, 0x01, 0x00, 0x50, 0x00, 0x00, 0x04, 0x7D, 0x02, 0xD0,
    0x00, 0x10, 0x00, 0x00, 0x73, 0x31, 0x11, 0x33, 0x11, 0x01, 0x33, 0x15, 0x07, 0x15, 0x01, 0x33,
    0x15, 0x01, 0x23, 0x35, 0x07, 0x50, 0x9C, 0x01, 0x94, 0xA0, 0xD7, 0x01, 0x93, 0xA1, 0xFD, 0xCF,
    0x9F, 0xBD, 0x02, 0xD0, 0xFE, 0x1D, 0x01, 0xE3, 0x35, 0xFE, 0xB0, 0x01, 0xE3, 0x34, 0xFD, 0x64,
    0xE1, 0xE1, 0x00, 0x01, 0x00, 0x36, 0x00, 0x00, 0x02, 0xF9, 0x02, 0xD0, 0x00, 0x08, 0x00, 0x00,
    0x73, 0x31, 0x11, 0x33, 0x11, 0x01, 0x33, 0x15, 0x01, 0x36, 0x99, 0x01, 0x8E, 0x9C, 0xFD, 0xDA,
    0x02, 0xD0, 0xFE, 0x1A, 0x01, 0xE6, 0x40, 0xFD, 0x70, 0x00, 0x00, 0x02, 0x00, 0x00, 0x00, 0x00,
    0x02, 0xC2, 0x02, 0xD0, 0x00, 0x09, 0x00, 0x0D, 0x00, 0x00, 0x71, 0x31, 0x35, 0x01, 0x33, 0x11,
    0x23, 0x35, 0x23, 0x07, 0x01, 0x31, 0x33, 0x35, 0x02, 0x25, 0x9D, 0x9A, 0xFA, 0x92, 0x01, 0x12,
    0x7A, 0x32, 0x02, 0x9E, 0xFD, 0x30, 0xAE, 0xAE, 0x01, 0x47, 0x90, 0x00, 0x00, 0x02, 0x00, 0x36,
    0x00, 0x00, 0x02, 0xF9, 0x02, 0xD0, 0x00, 0x09, 0x00, 0x0D, 0x00, 0x00, 0x73, 0x31, 0x11, 0x33,
    0x01, 0x15, 0x23, 0x27, 0x23, 0x15, 0x11, 0x31, 0x33, 0x27, 0x36, 0x9D, 0x02, 0x26, 0x9D, 0x93,
    0xFA, 0x7A, 0x7A, 0x02, 0xD0, 0xFD, 0x62, 0x32, 0xAE, 0xAE, 0x01, 0x47, 0x90, 0x00, 0x00, 0x00,
};

extern const size_t orbitron_font_size = sizeof(orbitron_font) / sizeof(orbitron_font[0]);
