/* stack_sans_font.cpp */

#include <stddef.h>
#include <stdint.h>

alignas(size_t) extern const uint8_t stack_sans_font[] = {
    0x00, 0x01, 0x00, 0x00, 0x00, 0x10, 0x01, 0x00, 0x00, 0x04, 0x00, 0x00, 0x47, 0x44, 0x45, 0x46,
    0x1B, 0x7D, 0x1A, 0xCE, 0x00, 0x00, 0x02, 0x24, 0x00, 0x00, 0x00, 0xDC, 0x47, 0x50, 0x4F, 0x53,
    0x1A, 0xA5, 0x2C, 0x3F, 0x00, 0x00, 0x97, 0x54, 0x00, 0x00, 0x99, 0xD2, 0x47, 0x53, 0x55, 0x42,
    0x9B, 0xD9, 0x94, 0xD9, 0x00, 0x00, 0x1A, 0x48, 0x00, 0x00, 0x08, 0x2E, 0x4F, 0x53, 0x2F, 0x32,
    0x62, 0x32, 0xC3, 0xAE, 0x00, 0x00, 0x01, 0xC4, 0x00, 0x00, 0x00, 0x60, 0x53, 0x54, 0x41, 0x54,
    0x79, 0xA1, 0x6B, 0x49, 0x00, 0x00, 0x01, 0x60, 0x00, 0x00, 0x00, 0x2A, 0x63, 0x6D, 0x61, 0x70,
    0x42, 0xE4, 0x0A, 0x82, 0x00, 0x00, 0x07, 0x14, 0x00, 0x00, 0x04, 0xDC, 0x67, 0x61, 0x73, 0x70,
    0x00, 0x00, 0x00, 0x10, 0x00, 0x00, 0x01, 0x14, 0x00, 0x00, 0x00, 0x08, 0x67, 0x6C, 0x79, 0x66,
    0xCA, 0xDB, 0x7A, 0xD5, 0x00, 0x00, 0x31, 0x08, 0x00, 0x00, 0x66, 0x4C, 0x68, 0x65, 0x61, 0x64,
    0x2D, 0x2E, 0xD6, 0x53, 0x00, 0x00, 0x01, 0x8C, 0x00, 0x00, 0x00, 0x36, 0x68, 0x68, 0x65, 0x61,
    0x08, 0x7D, 0x08, 0x90, 0x00, 0x00, 0x01, 0x3C, 0x00, 0x00, 0x00, 0x24, 0x68, 0x6D, 0x74, 0x78,
    0x21, 0x5B, 0x39, 0xB6, 0x00, 0x00, 0x12, 0x28, 0x00, 0x00, 0x08, 0x20, 0x6C, 0x6F, 0x63, 0x61,
    0x13, 0x40, 0xF9, 0x66, 0x00, 0x00, 0x03, 0x00, 0x00, 0x00, 0x04, 0x12, 0x6D, 0x61, 0x78, 0x70,
    0x02, 0x1B, 0x00, 0xB9, 0x00, 0x00, 0x01, 0x1C, 0x00, 0x00, 0x00, 0x20, 0x6E, 0x61, 0x6D, 0x65,
    0xBB, 0xB0, 0xE6, 0x1E, 0x00, 0x00, 0x0B, 0xF0, 0x00, 0x00, 0x06, 0x36, 0x70, 0x6F, 0x73, 0x74,
    0xD4, 0xB8, 0x17, 0xA4, 0x00, 0x00, 0x22, 0x78, 0x00, 0x00, 0x0E, 0x8E, 0x70, 0x72, 0x65, 0x70,
    0x68, 0x06, 0x8C, 0x85, 0x00, 0x00, 0x01, 0x0C, 0x00, 0x00, 0x00, 0x07, 0xB8, 0x01, 0xFF, 0x85,
    0xB0, 0x04, 0x8D, 0x00, 0x00, 0x01, 0x00, 0x01, 0xFF, 0xFF, 0x00, 0x0F, 0x00, 0x01, 0x00, 0x00,
    0x02, 0x08, 0x00, 0x58, 0x00, 0x07, 0x00, 0x5F, 0x00, 0x08, 0x00, 0x01, 0x00, 0x00, 0x00, 0x00,
    0x00, 0x00, 0x00, 0x00, 0x00, 0x00, 0x00, 0x00, 0x00, 0x03, 0x00, 0x01, 0x00, 0x01, 0x00, 0x00,
    0x03, 0xE8, 0xFE, 0xD4, 0x00, 0x00, 0x05, 0x4B, 0xFF, 0x6A, 0xFE, 0x81, 0x05, 0x28, 0x03, 0xE8,
    0x00, 0x00, 0x00, 0x00, 0x00, 0x00, 0x00, 0x00, 0x00, 0x00, 0x00, 0x00, 0x00, 0x00, 0x02, 0x08,
    0x00, 0x01, 0x00, 0x01, 0x00, 0x08, 0x00, 0x01, 0x00, 0x00, 0x00, 0x14, 0x00, 0x01, 0x00, 0x00,
    0x00, 0x1C, 0x00, 0x02, 0x77, 0x67, 0x68, 0x74, 0x01, 0x00, 0x00, 0x00, 0x00, 0x02, 0x00, 0x01,
    0x00, 0x00, 0x00, 0x00, 0x01, 0x12, 0x02, 0xBC, 0x00, 0x00, 0x00, 0x00, 0x00, 0x01, 0x00, 0x00,
    0x00, 0x01, 0x00, 0x00, 0x63, 0xBA, 0xE5, 0x95, 0x5F, 0x0F, 0x3C, 0xF5, 0x00, 0x03, 0x03, 0xE8,
    0x00, 0x00, 0x00, 0x00, 0xE4, 0x7F, 0x1D, 0x39, 0x00, 0x00, 0x00, 0x00, 0xE5, 0x05, 0x75, 0x88,
    0xFF, 0x6A, 0xFE, 0xEF, 0x05, 0x28, 0x03, 0xC0, 0x00, 0x01, 0x00, 0x06, 0x00, 0x02, 0x00, 0x00,
    0x00, 0x00, 0x00, 0x00, 0x00, 0x04, 0x02, 0x1E, 0x02, 0xBC, 0x00, 0x05, 0x00, 0x00, 0x02, 0x8A,
    0x02, 0x58, 0x00, 0x00, 0x00, 0x4B, 0x02, 0x8A, 0x02, 0x58, 0x00, 0x00, 0x01, 0x5E, 0x00, 0x32,
    0x01, 0x50, 0x00, 0x00, 0x00, 0x00, 0x00, 0x00, 0x00, 0x00, 0x00, 0x00, 0x00, 0x00, 0xA1, 0x00,
    0x00, 0x7F, 0x00, 0x00, 0x00, 0x7B, 0x00, 0x00, 0x00, 0x00, 0x00, 0x00, 0x00, 0x00, 0x4E, 0x4F,
    0x4E, 0x45, 0x00, 0xA0, 0x00, 0x20, 0xA7, 0x8C, 0x03, 0xE8, 0xFE, 0xD4, 0x00, 0x00, 0x03, 0xC0,
    0x01, 0x11, 0x20, 0x00, 0x00, 0x93, 0x00, 0x00, 0x00, 0x00, 0x02, 0x30, 0x02, 0xBC, 0x00, 0x00,
    0x00, 0x20, 0x00, 0x06, 0x00, 0x01, 0x00, 0x02, 0x00, 0x0E, 0x00, 0x00, 0x00, 0x00, 0x00, 0x00,
    0x00, 0xB4, 0x00, 0x02, 0x00, 0x1B, 0x00, 0x01, 0x00, 0x0A, 0x00, 0x01, 0x00, 0x0C, 0x00, 0x14,
    0x00, 0x01, 0x00, 0x17, 0x00, 0x20, 0x00, 0x01, 0x00, 0x22, 0x00, 0x2A, 0x00, 0x01, 0x00, 0x2C,
    0x00, 0x40, 0x00, 0x01, 0x00, 0x42, 0x00, 0x4F, 0x00, 0x01, 0x00, 0x51, 0x00, 0x51, 0x00, 0x01,
    0x00, 0x53, 0x00, 0x53, 0x00, 0x01, 0x00, 0x55, 0x00, 0x5F, 0x00, 0x01, 0x00, 0x61, 0x00, 0x80,
    0x00, 0x01, 0x00, 0x82, 0x00, 0x94, 0x00, 0x01, 0x00, 0x96, 0x00, 0x9E, 0x00, 0x01, 0x00, 0xA1,
    0x00, 0xAA, 0x00, 0x01, 0x00, 0xAC, 0x00, 0xB4, 0x00, 0x01, 0x00, 0xB6, 0x00, 0xC2, 0x00, 0x01,
    0x00, 0xC4, 0x00, 0xCC, 0x00, 0x01, 0x00, 0xCE, 0x00, 0xDB, 0x00, 0x01, 0x00, 0xDD, 0x00, 0xDD,
    0x00, 0x01, 0x00, 0xDF, 0x00, 0xDF, 0x00, 0x01, 0x00, 0xE1, 0x00, 0xEB, 0x00, 0x01, 0x00, 0xED,
    0x01, 0x0C, 0x00, 0x01, 0x01, 0x0E, 0x01, 0x25, 0x00, 0x01, 0x01, 0x27, 0x01, 0x30, 0x00, 0x01,
    0x01, 0xDF, 0x01, 0xDF, 0x00, 0x01, 0x01, 0xE6, 0x01, 0xEA, 0x00, 0x03, 0x01, 0xEC, 0x01, 0xF5,
    0x00, 0x03, 0x01, 0xFB, 0x02, 0x06, 0x00, 0x01, 0x00, 0x01, 0x00, 0x03, 0x00, 0x00, 0x00, 0x18,
    0x00, 0x00, 0x00, 0x10, 0x00, 0x00, 0x00, 0x18, 0x00, 0x01, 0x00, 0x02, 0x01, 0xF3, 0x01, 0xF4,
    0x00, 0x02, 0x00, 0x02, 0x01, 0xE6, 0x01, 0xEA, 0x00, 0x00, 0x01, 0xEC, 0x01, 0xF2, 0x00, 0x05,
    0x00, 0x00, 0x00, 0x2A, 0x00, 0x47, 0x00, 0x53, 0x00, 0x5F, 0x00, 0x6B, 0x00, 0x77, 0x00, 0x83,
    0x00, 0x8F, 0x00, 0x9B, 0x00, 0xA7, 0x00, 0xB3, 0x00, 0xE3, 0x01, 0x24, 0x01, 0x59, 0x01, 0x65,
    0x01, 0x71, 0x01, 0x7D, 0x01, 0x89, 0x01, 0x95, 0x01, 0xB9, 0x01, 0xC5, 0x01, 0xCD, 0x02, 0x03,
    0x02, 0x19, 0x02, 0x25, 0x02, 0x31, 0x02, 0x3D, 0x02, 0x49, 0x02, 0x55, 0x02, 0x61, 0x02, 0x6D,
    0x02, 0x79, 0x02, 0x85, 0x02, 0xBF, 0x02, 0xDA, 0x03, 0x13, 0x03, 0x1F, 0x03, 0x2B, 0x03, 0x37,
    0x03, 0x43, 0x03, 0x4F, 0x03, 0x5B, 0x03, 0x76, 0x03, 0x98, 0x03, 0xA4, 0x03, 0xB1, 0x03, 0xBD,
    0x03, 0xC9, 0x03, 0xD5, 0x03, 0xE1, 0x03, 0xED, 0x03, 0xF9, 0x04, 0x05, 0x04, 0x11, 0x04, 0x1C,
    0x04, 0x28, 0x04, 0x3F, 0x04, 0x4B, 0x04, 0x57, 0x04, 0x76, 0x04, 0x82, 0x04, 0x95, 0x04, 0xA1,
    0x04, 0xAD, 0x04, 0xB9, 0x04, 0xD4, 0x04, 0xF5, 0x05, 0x12, 0x05, 0x1E, 0x05, 0x2A, 0x05, 0x36,
    0x05, 0x42, 0x05, 0x76, 0x05, 0x82, 0x05, 0x8E, 0x05, 0x9A, 0x05, 0xA6, 0x05, 0xB2, 0x05, 0xBE,
    0x05, 0xCA, 0x06, 0x0B, 0x06, 0x17, 0x06, 0x6A, 0x06, 0x9A, 0x06, 0xCA, 0x07, 0x0A, 0x07, 0x41,
    0x07, 0x4D, 0x07, 0x59, 0x07, 0x65, 0x07, 0xA4, 0x07, 0xB0, 0x07, 0xBC, 0x07, 0xC8, 0x07, 0xD4,
    0x07, 0xE0, 0x08, 0x0F, 0x08, 0x23, 0x08, 0x2F, 0x08, 0x3B, 0x08, 0x47, 0x08, 0x74, 0x08, 0x80,
    0x08, 0x8C, 0x08, 0x98, 0x08, 0xA4, 0x08, 0xB0, 0x08, 0xBC, 0x08, 0xC8, 0x08, 0xD4, 0x08, 0xE0,
    0x08, 0xEC, 0x08, 0xFF, 0x09, 0x20, 0x09, 0x2C, 0x09, 0x38, 0x09, 0x44, 0x09, 0x50, 0x09, 0x66,
    0x09, 0x80, 0x09, 0x8C, 0x09, 0x98, 0x09, 0xA4, 0x09, 0xB0, 0x09, 0xBC, 0x09, 0xDC, 0x09, 0xE8,
    0x09, 0xF4, 0x0A, 0x00, 0x0A, 0x0D, 0x0A, 0x19, 0x0A, 0x25, 0x0A, 0x65, 0x0A, 0x95, 0x0A, 0xB5,
    0x0A, 0xCF, 0x0A, 0xFF, 0x0B, 0x42, 0x0B, 0x79, 0x0B, 0xBD, 0x0B, 0xC9, 0x0B, 0xD5, 0x0B, 0xE1,
    0x0B, 0xEC, 0x0B, 0xF8, 0x0C, 0x03, 0x0C, 0x0F, 0x0C, 0x1B, 0x0C, 0x26, 0x0C, 0x9D, 0x0C, 0xD8,
    0x0D, 0x0A, 0x0D, 0x16, 0x0D, 0x22, 0x0D, 0x2E, 0x0D, 0x3A, 0x0D, 0x46, 0x0D, 0x7E, 0x0D, 0x8A,
    0x0D, 0xC9, 0x0E, 0x0F, 0x0E, 0x47, 0x0E, 0x53, 0x0E, 0x5F, 0x0E, 0x6B, 0x0E, 0x77, 0x0E, 0x83,
    0x0E, 0x8F, 0x0E, 0x9B, 0x0E, 0xA7, 0x0E, 0xB3, 0x0E, 0xEB, 0x0F, 0x07, 0x0F, 0x51, 0x0F, 0x5D,
    0x0F, 0x69, 0x0F, 0x75, 0x0F, 0x81, 0x0F, 0x8D, 0x0F, 0x99, 0x0F, 0xC2, 0x0F, 0xF1, 0x0F, 0xFD,
    0x10, 0x10, 0x10, 0x1D, 0x10, 0x28, 0x10, 0x33, 0x10, 0x3E, 0x10, 0x49, 0x10, 0x54, 0x10, 0x5F,
    0x10, 0x6A, 0x10, 0x78, 0x10, 0x83, 0x10, 0x8F, 0x10, 0xAB, 0x10, 0xC1, 0x10, 0xCC, 0x10, 0xD7,
    0x10, 0xF4, 0x11, 0x00, 0x11, 0x0D, 0x11, 0x19, 0x11, 0x25, 0x11, 0x30, 0x11, 0x45, 0x11, 0x8B,
    0x11, 0xB1, 0x11, 0xBD, 0x11, 0xC9, 0x11, 0xD5, 0x11, 0xE0, 0x12, 0x12, 0x12, 0x1E, 0x12, 0x2A,
    0x12, 0x36, 0x12, 0x42, 0x12, 0x4E, 0x12, 0x5A, 0x12, 0x66, 0x12, 0xA0, 0x12, 0xAC, 0x13, 0x0F,
    0x13, 0x48, 0x13, 0x81, 0x13, 0xBC, 0x13, 0xD8, 0x13, 0xE3, 0x13, 0xEE, 0x13, 0xF9, 0x14, 0x38,
    0x14, 0x44, 0x14, 0x4F, 0x14, 0x5B, 0x14, 0x66, 0x14, 0x72, 0x14, 0xB6, 0x14, 0xD3, 0x14, 0xDF,
    0x14, 0xEB, 0x14, 0xF6, 0x15, 0x1F, 0x15, 0x2B, 0x15, 0x37, 0x15, 0x43, 0x15, 0x4E, 0x15, 0x5A,
    0x15, 0x66, 0x15, 0x72, 0x15, 0x7E, 0x15, 0x8A, 0x15, 0x95, 0x15, 0xAB, 0x15, 0xCF, 0x15, 0xDB,
    0x15, 0xE7, 0x15, 0xF3, 0x15, 0xFF, 0x16, 0x16, 0x16, 0x39, 0x16, 0x45, 0x16, 0x51, 0x16, 0x5C,
    0x16, 0x68, 0x16, 0x73, 0x16, 0x93, 0x16, 0x9F, 0x16, 0xAA, 0x16, 0xB6, 0x16, 0xC3, 0x16, 0xCE,
    0x16, 0xDA, 0x17, 0x1A, 0x17, 0x26, 0x17, 0x32, 0x17, 0x3E, 0x17, 0x49, 0x17, 0x55, 0x17, 0x60,
    0x17, 0x6C, 0x17, 0x78, 0x17, 0x83, 0x17, 0xBC, 0x17, 0xC8, 0x17, 0xD4, 0x17, 0xE0, 0x17, 0xEC,
    0x17, 0xF8, 0x18, 0x04, 0x18, 0x10, 0x18, 0x1C, 0x18, 0x28, 0x18, 0x3E, 0x18, 0x52, 0x18, 0x68,
    0x18, 0x7D, 0x18, 0x89, 0x18, 0x95, 0x18, 0xA1, 0x18, 0xBF, 0x18, 0xCB, 0x18, 0xD7, 0x18, 0xE2,
    0x18, 0xEE, 0x18, 0xF9, 0x19, 0x5D, 0x19, 0x9D, 0x19, 0xC4, 0x19, 0xF8, 0x1A, 0x16, 0x1A, 0x49,
    0x1A, 0x92, 0x1A, 0xB0, 0x1A, 0xF0, 0x1B, 0x35, 0x1B, 0x52, 0x1B, 0xA2, 0x1B, 0xE6, 0x1C, 0x04,
    0x1C, 0x36, 0x1C, 0x50, 0x1C, 0x84, 0x1C, 0xA2, 0x1C, 0xD5, 0x1D, 0x1C, 0x1D, 0x3A, 0x1D, 0x7A,
    0x1D, 0xBF, 0x1D, 0xDD, 0x1E, 0x2D, 0x1E, 0x71, 0x1E, 0x9F, 0x1E, 0xBC, 0x1E, 0xE9, 0x1F, 0x25,
    0x1F, 0x40, 0x1F, 0x76, 0x1F, 0xAF, 0x1F, 0xC8, 0x20, 0x0D, 0x20, 0x46, 0x20, 0x4F, 0x20, 0x58,
    0x20, 0x61, 0x20, 0x6A, 0x20, 0x73, 0x20, 0x7C, 0x20, 0x85, 0x20, 0x8E, 0x20, 0x97, 0x20, 0xA0,
    0x20, 0xAE, 0x20, 0xBF, 0x20, 0xD0, 0x20, 0xE1, 0x20, 0xF2, 0x21, 0x03, 0x21, 0x14, 0x21, 0x25,
    0x21, 0x53, 0x21, 0x70, 0x21, 0x9D, 0x21, 0xD9, 0x21, 0xF4, 0x22, 0x2A, 0x22, 0x63, 0x22, 0x7C,
    0x22, 0xC1, 0x22, 0xFA, 0x23, 0x03, 0x23, 0x0C, 0x23, 0x15, 0x23, 0x1E, 0x23, 0x27, 0x23, 0x30,
    0x23, 0x39, 0x23, 0x42, 0x23, 0x4B, 0x23, 0x54, 0x23, 0x54, 0x23, 0x54, 0x23, 0x54, 0x23, 0x54,
    0x23, 0x61, 0x23, 0x6E, 0x23, 0x7B, 0x23, 0x88, 0x23, 0xA7, 0x23, 0xC6, 0x23, 0xF9, 0x24, 0x2C,
    0x24, 0x44, 0x24, 0x5C, 0x24, 0x64, 0x24, 0x6C, 0x24, 0x74, 0x24, 0x7C, 0x24, 0x84, 0x24, 0x8C,
    0x24, 0x94, 0x24, 0xA0, 0x24, 0xC2, 0x24, 0xCF, 0x24, 0xE3, 0x24, 0xEC, 0x25, 0x05, 0x25, 0x1F,
    0x25, 0x2F, 0x25, 0x3F, 0x25, 0x4C, 0x25, 0x55, 0x25, 0x61, 0x25, 0x75, 0x25, 0x86, 0x25, 0xA0,
    0x25, 0xB0, 0x25, 0xC2, 0x25, 0xD5, 0x26, 0x06, 0x26, 0x38, 0x26, 0x44, 0x26, 0x5A, 0x26, 0x8A,
    0x26, 0xAC, 0x26, 0xB9, 0x26, 0xC7, 0x26, 0xD3, 0x26, 0xDF, 0x27, 0x27, 0x27, 0x60, 0x27, 0xA7,
    0x27, 0xEE, 0x28, 0x30, 0x28, 0x7B, 0x28, 0xB4, 0x28, 0xEC, 0x29, 0x23, 0x29, 0x61, 0x29, 0x8F,
    0x29, 0xB6, 0x29, 0xCB, 0x29, 0xD8, 0x29, 0xF1, 0x2A, 0x1E, 0x2A, 0x31, 0x2A, 0x4C, 0x2A, 0x5F,
    0x2A, 0x73, 0x2A, 0x8F, 0x2A, 0xAA, 0x2A, 0xC4, 0x2A, 0xD0, 0x2A, 0xF8, 0x2B, 0x0B, 0x2B, 0x20,
    0x2B, 0x7C, 0x2B, 0xA3, 0x2B, 0xBE, 0x2B, 0xDB, 0x2B, 0xF6, 0x2C, 0x33, 0x2C, 0x8D, 0x2D, 0x0C,
    0x2D, 0x25, 0x2D, 0x3E, 0x2D, 0x57, 0x2D, 0x6E, 0x2D, 0x87, 0x2D, 0x9F, 0x2D, 0xB8, 0x2D, 0xD1,
    0x2D, 0xF2, 0x2E, 0x11, 0x2E, 0x82, 0x2E, 0xC8, 0x2E, 0xEE, 0x2F, 0x54, 0x2F, 0xB3, 0x30, 0x0C,
    0x30, 0x3B, 0x30, 0x67, 0x30, 0x74, 0x30, 0x87, 0x30, 0x9B, 0x30, 0xB5, 0x30, 0xF7, 0x31, 0x09,
    0x31, 0x15, 0x31, 0x22, 0x31, 0x2F, 0x31, 0x43, 0x31, 0x57, 0x31, 0x6A, 0x31, 0x7C, 0x31, 0x95,
    0x31, 0xBB, 0x31, 0xE0, 0x31, 0xED, 0x32, 0x01, 0x32, 0x15, 0x32, 0x34, 0x32, 0x51, 0x32, 0x63,
    0x32, 0x76, 0x32, 0x90, 0x32, 0xB2, 0x32, 0xBE, 0x32, 0xC6, 0x32, 0xCE, 0x32, 0xD6, 0x32, 0xDE,
    0x32, 0xE6, 0x32, 0xEE, 0x32, 0xF6, 0x32, 0xFE, 0x33, 0x06, 0x33, 0x0E, 0x33, 0x16, 0x33, 0x1E,
    0x33, 0x26, 0x00, 0x00, 0x00, 0x00, 0x00, 0x02, 0x00, 0x00, 0x00, 0x03, 0x00, 0x00, 0x00, 0x14,
    0x00, 0x03, 0x00, 0x01, 0x00, 0x00, 0x00, 0x14, 0x00, 0x04, 0x04, 0xC8, 0x00, 0x00, 0x00, 0x7A,
    0x00, 0x40, 0x00, 0x05, 0x00, 0x3A, 0x00, 0x2F, 0x00, 0x39, 0x00, 0x7E, 0x00, 0xAC, 0x00, 0xB4,
    0x01, 0x13, 0x01, 0x37, 0x01, 0x3E, 0x01, 0x48, 0x01, 0x65, 0x01, 0x7E, 0x01, 0x8F, 0x01, 0xE7,
    0x02, 0x1B, 0x02, 0x37, 0x02, 0x59, 0x02, 0xC7, 0x02, 0xDD, 0x03, 0x04, 0x03, 0x08, 0x03, 0x0C,
    0x03, 0x12, 0x03, 0x28, 0x0E, 0x3F, 0x1E, 0x21, 0x1E, 0x85, 0x1E, 0x9E, 0x1E, 0xBD, 0x1E, 0xF3,
    0x1E, 0xF9, 0x20, 0x14, 0x20, 0x1A, 0x20, 0x1E, 0x20, 0x22, 0x20, 0x26, 0x20, 0x29, 0x20, 0x30,
    0x20, 0x3A, 0x20, 0x44, 0x20, 0x70, 0x20, 0x79, 0x20, 0x89, 0x20, 0xAA, 0x20, 0xAC, 0x20, 0xB4,
    0x20, 0xB9, 0x20, 0xBD, 0x21, 0x22, 0x21, 0x5E, 0x21, 0x99, 0x22, 0x02, 0x22, 0x0F, 0x22, 0x12,
    0x22, 0x1A, 0x22, 0x1E, 0x22, 0x2B, 0x22, 0x48, 0x22, 0x60, 0x22, 0x65, 0xA7, 0x8C, 0xFF, 0xFF,
    0x00, 0x00, 0x00, 0x20, 0x00, 0x30, 0x00, 0x3A, 0x00, 0xA0, 0x00, 0xAE, 0x00, 0xB6, 0x01, 0x16,
    0x01, 0x39, 0x01, 0x41, 0x01, 0x4C, 0x01, 0x68, 0x01, 0x8F, 0x01, 0xE6, 0x02, 0x18, 0x02, 0x37,
    0x02, 0x59, 0x02, 0xC6, 0x02, 0xD8, 0x03, 0x00, 0x03, 0x06, 0x03, 0x0A, 0x03, 0x12, 0x03, 0x26,
    0x0E, 0x3F, 0x1E, 0x20, 0x1E, 0x80, 0x1E, 0x9E, 0x1E, 0xBC, 0x1E, 0xF2, 0x1E, 0xF8, 0x20, 0x13,
    0x20, 0x18, 0x20, 0x1C, 0x20, 0x20, 0x20, 0x26, 0x20, 0x28, 0x20, 0x30, 0x20, 0x39, 0x20, 0x44,
    0x20, 0x70, 0x20, 0x74, 0x20, 0x80, 0x20, 0xA9, 0x20, 0xAC, 0x20, 0xB4, 0x20, 0xB9, 0x20, 0xBD,
    0x21, 0x22, 0x21, 0x5B, 0x21, 0x90, 0x22, 0x02, 0x22, 0x0F, 0x22, 0x11, 0x22, 0x1A, 0x22, 0x1E,
    0x22, 0x2B, 0x22, 0x48, 0x22, 0x60, 0x22, 0x64, 0xA7, 0x8B, 0xFF, 0xFF, 0x00, 0x00, 0x01, 0x04,
    0x00, 0x00, 0x00, 0x00, 0x00, 0x00, 0x00, 0x00, 0x00, 0x00, 0x00, 0x00, 0x00, 0x00, 0x00, 0x00,
    0x00, 0x00, 0xFE, 0x92, 0x00, 0x00, 0x00, 0x00, 0xFE, 0x8D, 0xFE, 0x52, 0xFF, 0x3A, 0x00, 0x00,
    0x00, 0x00, 0x00, 0x00, 0x00, 0x00, 0xFE, 0xE0, 0xFE, 0xCD, 0xF3, 0x6D, 0x00, 0x00, 0x00, 0x00,
    0xE1, 0xC2, 0x00, 0x00, 0x00, 0x00, 0x00, 0x00, 0xE1, 0x6D, 0x00, 0x00, 0x00, 0x00, 0x00, 0x00,
    0xE1, 0x79, 0xE1, 0x55, 0xE1, 0x9E, 0xE1, 0x5E, 0xE1, 0x1B, 0xE1, 0x01, 0xE1, 0x01, 0xE0, 0xE7,
    0x00, 0x00, 0xE1, 0x04, 0xE0, 0xFD, 0xE0, 0xFA, 0xE0, 0xF5, 0xE0, 0xBD, 0xE0, 0x08, 0x00, 0x00,
    0xDF, 0xCA, 0xDF, 0xBA, 0x00, 0x00, 0xDF, 0xB1, 0xDF, 0xA9, 0xDF, 0x9D, 0xDF, 0x7B, 0xDF, 0x5D,
    0x00, 0x00, 0x00, 0x00, 0x00, 0x01, 0x00, 0x7A, 0x00, 0x00, 0x00, 0x96, 0x01, 0x1E, 0x01, 0x36,
    0x01, 0x42, 0x01, 0xFC, 0x02, 0x3E, 0x02, 0x48, 0x02, 0x56, 0x02, 0x88, 0x00, 0x00, 0x02, 0xB2,
    0x02, 0xB4, 0x00, 0x00, 0x00, 0x00, 0x00, 0x00, 0x02, 0xB4, 0x02, 0xBE, 0x02, 0xC6, 0x02, 0xCA,
    0x00, 0x00, 0x00, 0x00, 0x00, 0x00, 0x02, 0xC8, 0x02, 0xCA, 0x00, 0x00, 0x02, 0xD2, 0x02, 0xD4,
    0x02, 0xD6, 0x00, 0x00, 0x02, 0xD6, 0x02, 0xDA, 0x02, 0xDE, 0x00, 0x00, 0x00, 0x00, 0x00, 0x00,
    0x00, 0x00, 0x00, 0x00, 0x00, 0x00, 0x00, 0x00, 0x00, 0x00, 0x02, 0xD2, 0x00, 0x00, 0x00, 0x00,
    0x00, 0x00, 0x00, 0x00, 0x00, 0x00, 0x00, 0x00, 0x02, 0xC8, 0x00, 0x00, 0x00, 0x00, 0x02, 0xD6,
    0x00, 0x00, 0x00, 0x00, 0x00, 0x00, 0x00, 0x00, 0x00, 0x00, 0x02, 0xCE, 0x02, 0xD0, 0x00, 0x00,
    0x01, 0x7B, 0x01, 0xA0, 0x01, 0x99, 0x01, 0xA7, 0x01, 0xAF, 0x01, 0xCD, 0x01, 0xDA, 0x01, 0x9A,
    0x01, 0x83, 0x01, 0x84, 0x01, 0xA6, 0x01, 0xB8, 0x01, 0x9C, 0x01, 0x7F, 0x01, 0x9B, 0x01, 0xA8,
    0x01, 0x9D, 0x01, 0x9E, 0x01, 0xBF, 0x01, 0xBC, 0x01, 0xBE, 0x01, 0xA2, 0x01, 0xD9, 0x00, 0x01,
    0x00, 0x0C, 0x00, 0x0D, 0x00, 0x13, 0x00, 0x17, 0x00, 0x22, 0x00, 0x23, 0x00, 0x2A, 0x00, 0x2D,
    0x00, 0x38, 0x00, 0x3B, 0x00, 0x3D, 0x00, 0x42, 0x00, 0x43, 0x00, 0x48, 0x00, 0x53, 0x00, 0x55,
    0x00, 0x56, 0x00, 0x5A, 0x00, 0x61, 0x00, 0x65, 0x00, 0x70, 0x00, 0x71, 0x00, 0x76, 0x00, 0x77,
    0x00, 0x7D, 0x01, 0x87, 0x01, 0xA9, 0x01, 0x88, 0x01, 0xC6, 0x01, 0x82, 0x01, 0xFD, 0x00, 0x8B,
    0x00, 0x96, 0x00, 0x97, 0x00, 0x9D, 0x00, 0xA1, 0x00, 0xAC, 0x00, 0xAD, 0x00, 0xB4, 0x00, 0xB7,
    0x00, 0xC3, 0x00, 0xC7, 0x00, 0xC9, 0x00, 0xCE, 0x00, 0xCF, 0x00, 0xD4, 0x00, 0xDF, 0x00, 0xE1,
    0x00, 0xE2, 0x00, 0xE6, 0x00, 0xED, 0x00, 0xF1, 0x00, 0xFC, 0x00, 0xFD, 0x01, 0x02, 0x01, 0x03,
    0x01, 0x09, 0x01, 0x85, 0x01, 0xE1, 0x01, 0x86, 0x01, 0xC4, 0x01, 0x7C, 0x01, 0xA1, 0x01, 0xAD,
    0x01, 0xB5, 0x01, 0xAE, 0x01, 0xB7, 0x01, 0xE2, 0x01, 0xDC, 0x01, 0xFB, 0x01, 0xDD, 0x01, 0x32,
    0x01, 0x95, 0x01, 0xC5, 0x01, 0xDE, 0x02, 0x05, 0x01, 0xE0, 0x01, 0xC2, 0x01, 0x73, 0x01, 0x74,
    0x01, 0xFE, 0x01, 0xDB, 0x01, 0xA4, 0x02, 0x06, 0x01, 0x72, 0x01, 0x33, 0x01, 0x96, 0x01, 0x61,
    0x01, 0x60, 0x01, 0x62, 0x01, 0xA3, 0x00, 0x06, 0x00, 0x02, 0x00, 0x04, 0x00, 0x0A, 0x00, 0x05,
    0x00, 0x09, 0x00, 0x0B, 0x00, 0x10, 0x00, 0x1D, 0x00, 0x18, 0x00, 0x1A, 0x00, 0x1B, 0x00, 0x34,
    0x00, 0x2F, 0x00, 0x31, 0x00, 0x32, 0x00, 0x16, 0x00, 0x47, 0x00, 0x4D, 0x00, 0x49, 0x00, 0x4B,
    0x00, 0x51, 0x00, 0x4C, 0x01, 0xBA, 0x00, 0x50, 0x00, 0x6A, 0x00, 0x66, 0x00, 0x68, 0x00, 0x69,
    0x00, 0x78, 0x00, 0x54, 0x00, 0xEC, 0x00, 0x90, 0x00, 0x8C, 0x00, 0x8E, 0x00, 0x94, 0x00, 0x8F,
    0x00, 0x93, 0x00, 0x95, 0x00, 0x9A, 0x00, 0xA7, 0x00, 0xA2, 0x00, 0xA4, 0x00, 0xA5, 0x00, 0xBE,
    0x00, 0xB9, 0x00, 0xBB, 0x00, 0xBC, 0x00, 0xA0, 0x00, 0xD3, 0x00, 0xD9, 0x00, 0xD5, 0x00, 0xD7,
    0x00, 0xDD, 0x00, 0xD8, 0x01, 0xBB, 0x00, 0xDC, 0x00, 0xF6, 0x00, 0xF2, 0x00, 0xF4, 0x00, 0xF5,
    0x01, 0x04, 0x00, 0xE0, 0x01, 0x06, 0x00, 0x07, 0x00, 0x91, 0x00, 0x03, 0x00, 0x8D, 0x00, 0x08,
    0x00, 0x92, 0x00, 0x0E, 0x00, 0x98, 0x00, 0x11, 0x00, 0x9B, 0x00, 0x12, 0x00, 0x9C, 0x00, 0x0F,
    0x00, 0x99, 0x00, 0x14, 0x00, 0x9E, 0x00, 0x15, 0x00, 0x9F, 0x00, 0x1E, 0x00, 0xA8, 0x00, 0x1C,
    0x00, 0xA6, 0x00, 0x1F, 0x00, 0xA9, 0x00, 0x19, 0x00, 0xA3, 0x00, 0x26, 0x00, 0xB0, 0x00, 0x24,
    0x00, 0xAE, 0x00, 0x28, 0x00, 0xB2, 0x00, 0x27, 0x00, 0xB1, 0x00, 0x2C, 0x00, 0xB6, 0x00, 0x2B,
    0x00, 0xB5, 0x00, 0x37, 0x00, 0xC1, 0x00, 0x35, 0x00, 0xBF, 0x00, 0x30, 0x00, 0xBA, 0x00, 0x36,
    0x00, 0xC0, 0x00, 0x33, 0x00, 0xB8, 0x00, 0x2E, 0x00, 0xC2, 0x00, 0x3A, 0x00, 0xC6, 0x00, 0x3C,
    0x00, 0xC8, 0x00, 0x3E, 0x00, 0xCA, 0x00, 0x40, 0x00, 0xCC, 0x00, 0x3F, 0x00, 0xCB, 0x00, 0x41,
    0x00, 0xCD, 0x00, 0x44, 0x00, 0xD0, 0x00, 0x46, 0x00, 0xD2, 0x00, 0x45, 0x00, 0xD1, 0x00, 0x4F,
    0x00, 0xDB, 0x00, 0x4A, 0x00, 0xD6, 0x00, 0x4E, 0x00, 0xDA, 0x00, 0x52, 0x00, 0xDE, 0x00, 0x57,
    0x00, 0xE3, 0x00, 0x59, 0x00, 0xE5, 0x00, 0x58, 0x00, 0xE4, 0x00, 0x5B, 0x00, 0xE7, 0x00, 0x5E,
    0x00, 0xEA, 0x00, 0x5D, 0x00, 0xE9, 0x00, 0x5C, 0x00, 0xE8, 0x00, 0x63, 0x00, 0xEF, 0x00, 0x62,
    0x00, 0xEE, 0x00, 0x6F, 0x00, 0xFB, 0x00, 0x6C, 0x00, 0xF8, 0x00, 0x67, 0x00, 0xF3, 0x00, 0x6E,
    0x00, 0xFA, 0x00, 0x6B, 0x00, 0xF7, 0x00, 0x6D, 0x00, 0xF9, 0x00, 0x73, 0x00, 0xFF, 0x00, 0x79,
    0x01, 0x05, 0x00, 0x7A, 0x00, 0x7E, 0x01, 0x0A, 0x00, 0x80, 0x01, 0x0C, 0x00, 0x7F, 0x01, 0x0B,
    0x00, 0x25, 0x00, 0xAF, 0x00, 0x5F, 0x00, 0xEB, 0x00, 0x64, 0x00, 0xF0, 0x02, 0x02, 0x01, 0xFC,
    0x02, 0x03, 0x02, 0x07, 0x02, 0x04, 0x01, 0xFF, 0x01, 0xE8, 0x01, 0xE9, 0x01, 0xEC, 0x01, 0xF0,
    0x01, 0xF1, 0x01, 0xEE, 0x01, 0xE7, 0x01, 0xE6, 0x01, 0xEF, 0x01, 0xEA, 0x01, 0xED, 0x00, 0x29,
    0x00, 0xB3, 0x00, 0x75, 0x01, 0x01, 0x00, 0x72, 0x00, 0xFE, 0x00, 0x74, 0x01, 0x00, 0x00, 0x20,
    0x00, 0xAA, 0x00, 0x7B, 0x01, 0x07, 0x00, 0x7C, 0x01, 0x08, 0x01, 0x93, 0x01, 0x94, 0x01, 0x8F,
    0x01, 0x91, 0x01, 0x92, 0x01, 0x90, 0x01, 0xE3, 0x01, 0xE4, 0x01, 0xA5, 0x01, 0xB6, 0x01, 0xB4,
    0x01, 0xD5, 0x01, 0xCF, 0x01, 0xD1, 0x01, 0xD3, 0x01, 0xD7, 0x01, 0xD8, 0x01, 0xD6, 0x01, 0xD0,
    0x01, 0xD2, 0x01, 0xD4, 0x01, 0xCA, 0x01, 0xB9, 0x01, 0xC1, 0x01, 0xC0, 0x00, 0x81, 0x01, 0x0D,
    0x00, 0x00, 0x00, 0x1B, 0x01, 0x4A, 0x00, 0x03, 0x00, 0x01, 0x04, 0x09, 0x00, 0x00, 0x00, 0xB8,
    0x04, 0x34, 0x00, 0x03, 0x00, 0x01, 0x04, 0x09, 0x00, 0x01, 0x00, 0x26, 0x04, 0x0E, 0x00, 0x03,
    0x00, 0x01, 0x04, 0x09, 0x00, 0x02, 0x00, 0x08, 0x04, 0x06, 0x00, 0x03, 0x00, 0x01, 0x04, 0x09,
    0x00, 0x03, 0x00, 0x42, 0x03, 0xC4, 0x00, 0x03, 0x00, 0x01, 0x04, 0x09, 0x00, 0x04, 0x00, 0x30,
    0x03, 0x94, 0x00, 0x03, 0x00, 0x01, 0x04, 0x09, 0x00, 0x05, 0x00, 0x1A, 0x03, 0x7A, 0x00, 0x03,
    0x00, 0x01, 0x04, 0x09, 0x00, 0x06, 0x00, 0x2C, 0x03, 0x4E, 0x00, 0x03, 0x00, 0x01, 0x04, 0x09,
    0x00, 0x08, 0x00, 0x08, 0x03, 0x46, 0x00, 0x03, 0x00, 0x01, 0x04, 0x09, 0x00, 0x09, 0x00, 0x22,
    0x03, 0x24, 0x00, 0x03, 0x00, 0x01, 0x04, 0x09, 0x00, 0x0B, 0x00, 0x28, 0x02, 0xFC, 0x00, 0x03,
    0x00, 0x01, 0x04, 0x09, 0x00, 0x0D, 0x01, 0x22, 0x01, 0xDA, 0x00, 0x03, 0x00, 0x01, 0x04, 0x09,
    0x00, 0x0E, 0x00, 0x36, 0x01, 0xA4, 0x00, 0x03, 0x00, 0x01, 0x04, 0x09, 0x00, 0x19, 0x00, 0x22,
    0x01, 0x82, 0x00, 0x03, 0x00, 0x01, 0x04, 0x09, 0x01, 0x00, 0x00, 0x0C, 0x01, 0x76, 0x00, 0x03,
    0x00, 0x01, 0x04, 0x09, 0x01, 0x07, 0x00, 0x32, 0x01, 0x44, 0x00, 0x03, 0x00, 0x01, 0x04, 0x09,
    0x01, 0x08, 0x00, 0x14, 0x01, 0x30, 0x00, 0x03, 0x00, 0x01, 0x04, 0x09, 0x01, 0x09, 0x00, 0x38,
    0x00, 0xF8, 0x00, 0x03, 0x00, 0x01, 0x04, 0x09, 0x01, 0x0A, 0x00, 0x0A, 0x00, 0xEE, 0x00, 0x03,
    0x00, 0x01, 0x04, 0x09, 0x01, 0x0B, 0x00, 0x2E, 0x00, 0xC0, 0x00, 0x03, 0x00, 0x01, 0x04, 0x09,
    0x01, 0x0C, 0x00, 0x0E, 0x00, 0xB2, 0x00, 0x03, 0x00, 0x01, 0x04, 0x09, 0x01, 0x0D, 0x00, 0x32,
    0x00, 0x80, 0x00, 0x03, 0x00, 0x01, 0x04, 0x09, 0x01, 0x0E, 0x00, 0x0C, 0x00, 0x74, 0x00, 0x03,
    0x00, 0x01, 0x04, 0x09, 0x01, 0x0F, 0x00, 0x30, 0x00, 0x44, 0x00, 0x03, 0x00, 0x01, 0x04, 0x09,
    0x01, 0x10, 0x00, 0x10, 0x00, 0x34, 0x00, 0x03, 0x00, 0x01, 0x04, 0x09, 0x01, 0x11, 0x00, 0x34,
    0x00, 0x00, 0x00, 0x03, 0x00, 0x01, 0x04, 0x09, 0x01, 0x12, 0x00, 0x08, 0x04, 0x06, 0x00, 0x03,
    0x00, 0x01, 0x04, 0x09, 0x01, 0x13, 0x00, 0x2C, 0x03, 0x4E, 0x00, 0x53, 0x00, 0x74, 0x00, 0x61,
    0x00, 0x63, 0x00, 0x6B, 0x00, 0x53, 0x00, 0x61, 0x00, 0x6E, 0x00, 0x73, 0x00, 0x48, 0x00, 0x65,
    0x00, 0x61, 0x00, 0x64, 0x00, 0x6C, 0x00, 0x69, 0x00, 0x6E, 0x00, 0x65, 0x00, 0x2D, 0x00, 0x53,
    0x00, 0x65, 0x00, 0x6D, 0x00, 0x69, 0x00, 0x42, 0x00, 0x6F, 0x00, 0x6C, 0x00, 0x64, 0x00, 0x53,
    0x00, 0x65, 0x00, 0x6D, 0x00, 0x69, 0x00, 0x42, 0x00, 0x6F, 0x00, 0x6C, 0x00, 0x64, 0x00, 0x53,
    0x00, 0x74, 0x00, 0x61, 0x00, 0x63, 0x00, 0x6B, 0x00, 0x53, 0x00, 0x61, 0x00, 0x6E, 0x00, 0x73,
    0x00, 0x48, 0x00, 0x65, 0x00, 0x61, 0x00, 0x64, 0x00, 0x6C, 0x00, 0x69, 0x00, 0x6E, 0x00, 0x65,
    0x00, 0x2D, 0x00, 0x4D, 0x00, 0x65, 0x00, 0x64, 0x00, 0x69, 0x00, 0x75, 0x00, 0x6D, 0x00, 0x4D,
    0x00, 0x65, 0x00, 0x64, 0x00, 0x69, 0x00, 0x75, 0x00, 0x6D, 0x00, 0x53, 0x00, 0x74, 0x00, 0x61,
    0x00, 0x63, 0x00, 0x6B, 0x00, 0x53, 0x00, 0x61, 0x00, 0x6E, 0x00, 0x73, 0x00, 0x48, 0x00, 0x65,
    0x00, 0x61, 0x00, 0x64, 0x00, 0x6C, 0x00, 0x69, 0x00, 0x6E, 0x00, 0x65, 0x00, 0x2D, 0x00, 0x52,
    0x00, 0x65, 0x00, 0x67, 0x00, 0x75, 0x00, 0x6C, 0x00, 0x61, 0x00, 0x72, 0x00, 0x52, 0x00, 0x65,
    0x00, 0x67, 0x00, 0x75, 0x00, 0x6C, 0x00, 0x61, 0x00, 0x72, 0x00, 0x53, 0x00, 0x74, 0x00, 0x61,
    0x00, 0x63, 0x00, 0x6B, 0x00, 0x53, 0x00, 0x61, 0x00, 0x6E, 0x00, 0x73, 0x00, 0x48, 0x00, 0x65,
    0x00, 0x61, 0x00, 0x64, 0x00, 0x6C, 0x00, 0x69, 0x00, 0x6E, 0x00, 0x65, 0x00, 0x2D, 0x00, 0x4C,
    0x00, 0x69, 0x00, 0x67, 0x00, 0x68, 0x00, 0x74, 0x00, 0x4C, 0x00, 0x69, 0x00, 0x67, 0x00, 0x68,
    0x00, 0x74, 0x00, 0x53, 0x00, 0x74, 0x00, 0x61, 0x00, 0x63, 0x00, 0x6B, 0x00, 0x53, 0x00, 0x61,
    0x00, 0x6E, 0x00, 0x73, 0x00, 0x48, 0x00, 0x65, 0x00, 0x61, 0x00, 0x64, 0x00, 0x6C, 0x00, 0x69,
    0x00, 0x6E, 0x00, 0x65, 0x00, 0x2D, 0x00, 0x45, 0x00, 0x78, 0x00, 0x74, 0x00, 0x72, 0x00, 0x61,
    0x00, 0x4C, 0x00, 0x69, 0x00, 0x67, 0x00, 0x68, 0x00, 0x74, 0x00, 0x45, 0x00, 0x78, 0x00, 0x74,
    0x00, 0x72, 0x00, 0x61, 0x00, 0x4C, 0x00, 0x69, 0x00, 0x67, 0x00, 0x68, 0x00, 0x74, 0x00, 0x53,
    0x00, 0x74, 0x00, 0x61, 0x00, 0x63, 0x00, 0x6B, 0x00, 0x20, 0x00, 0x4E, 0x00, 0x6F, 0x00, 0x74,
    0x00, 0x63, 0x00, 0x68, 0x00, 0x20, 0x00, 0x53, 0x00, 0x74, 0x00, 0x79, 0x00, 0x6C, 0x00, 0x69,
    0x00, 0x73, 0x00, 0x74, 0x00, 0x69, 0x00, 0x63, 0x00, 0x20, 0x00, 0x53, 0x00, 0x65, 0x00, 0x74,
    0x00, 0x57, 0x00, 0x65, 0x00, 0x69, 0x00, 0x67, 0x00, 0x68, 0x00, 0x74, 0x00, 0x53, 0x00, 0x74,
    0x00, 0x61, 0x00, 0x63, 0x00, 0x6B, 0x00, 0x53, 0x00, 0x61, 0x00, 0x6E, 0x00, 0x73, 0x00, 0x48,
    0x00, 0x65, 0x00, 0x61, 0x00, 0x64, 0x00, 0x6C, 0x00, 0x69, 0x00, 0x6E, 0x00, 0x65, 0x00, 0x68,
    0x00, 0x74, 0x00, 0x74, 0x00, 0x70, 0x00, 0x73, 0x00, 0x3A, 0x00, 0x2F, 0x00, 0x2F, 0x00, 0x6F,
    0x00, 0x70, 0x00, 0x65, 0x00, 0x6E, 0x00, 0x66, 0x00, 0x6F, 0x00, 0x6E, 0x00, 0x74, 0x00, 0x6C,
    0x00, 0x69, 0x00, 0x63, 0x00, 0x65, 0x00, 0x6E, 0x00, 0x73, 0x00, 0x65, 0x00, 0x2E, 0x00, 0x6F,
    0x00, 0x72, 0x00, 0x67, 0x00, 0x54, 0x00, 0x68, 0x00, 0x69, 0x00, 0x73, 0x00, 0x20, 0x00, 0x46,
    0x00, 0x6F, 0x00, 0x6E, 0x00, 0x74, 0x00, 0x20, 0x00, 0x53, 0x00, 0x6F, 0x00, 0x66, 0x00, 0x74,
    0x00, 0x77, 0x00, 0x61, 0x00, 0x72, 0x00, 0x65, 0x00, 0x20, 0x00, 0x69, 0x00, 0x73, 0x00, 0x20,
    0x00, 0x6C, 0x00, 0x69, 0x00, 0x63, 0x00, 0x65, 0x00, 0x6E, 0x00, 0x73, 0x00, 0x65, 0x00, 0x64,
    0x00, 0x20, 0x00, 0x75, 0x00, 0x6E, 0x00, 0x64, 0x00, 0x65, 0x00, 0x72, 0x00, 0x20, 0x00, 0x74,
    0x00, 0x68, 0x00, 0x65, 0x00, 0x20, 0x00, 0x53, 0x00, 0x49, 0x00, 0x4C, 0x00, 0x20, 0x00, 0x4F,
    0x00, 0x70, 0x00, 0x65, 0x00, 0x6E, 0x00, 0x20, 0x00, 0x46, 0x00, 0x6F, 0x00, 0x6E, 0x00, 0x74,
    0x00, 0x20, 0x00, 0x4C, 0x00, 0x69, 0x00, 0x63, 0x00, 0x65, 0x00, 0x6E, 0x00, 0x73, 0x00, 0x65,
    0x00, 0x2C, 0x00, 0x20, 0x00, 0x56, 0x00, 0x65, 0x00, 0x72, 0x00, 0x73, 0x00, 0x69, 0x00, 0x6F,
    0x00, 0x6E, 0x00, 0x20, 0x00, 0x31, 0x00, 0x2E, 0x00, 0x31, 0x00, 0x2E, 0x00, 0x20, 0x00, 0x54,
    0x00, 0x68, 0x00, 0x69, 0x00, 0x73, 0x00, 0x20, 0x00, 0x6C, 0x00, 0x69, 0x00, 0x63, 0x00, 0x65,
    0x00, 0x6E, 0x00, 0x73, 0x00, 0x65, 0x00, 0x20, 0x00, 0x69, 0x00, 0x73, 0x00, 0x20, 0x00, 0x61,
    0x00, 0x76, 0x00, 0x61, 0x00, 0x69, 0x00, 0x6C, 0x00, 0x61, 0x00, 0x62, 0x00, 0x6C, 0x00, 0x65,
    0x00, 0x20, 0x00, 0x77, 0x00, 0x69, 0x00, 0x74, 0x00, 0x68, 0x00, 0x20, 0x00, 0x61, 0x00, 0x20,
    0x00, 0x46, 0x00, 0x41, 0x00, 0x51, 0x00, 0x20, 0x00, 0x61, 0x00, 0x74, 0x00, 0x3A, 0x00, 0x20,
    0x00, 0x68, 0x00, 0x74, 0x00, 0x74, 0x00, 0x70, 0x00, 0x73, 0x00, 0x3A, 0x00, 0x2F, 0x00, 0x2F,
    0x00, 0x6F, 0x00, 0x70, 0x00, 0x65, 0x00, 0x6E, 0x00, 0x66, 0x00, 0x6F, 0x00, 0x6E, 0x00, 0x74,
    0x00, 0x6C, 0x00, 0x69, 0x00, 0x63, 0x00, 0x65, 0x00, 0x6E, 0x00, 0x73, 0x00, 0x65, 0x00, 0x2E,
    0x00, 0x6F, 0x00, 0x72, 0x00, 0x67, 0x00, 0x68, 0x00, 0x74, 0x00, 0x74, 0x00, 0x70, 0x00, 0x73,
    0x00, 0x3A, 0x00, 0x2F, 0x00, 0x2F, 0x00, 0x6B, 0x00, 0x6F, 0x00, 0x74, 0x00, 0x6F, 0x00, 0x2E,
    0x00, 0x73, 0x00, 0x74, 0x00, 0x75, 0x00, 0x64, 0x00, 0x69, 0x00, 0x6F, 0x00, 0x2F, 0x00, 0x4B,
    0x00, 0x6F, 0x00, 0x74, 0x00, 0x6F, 0x00, 0x2C, 0x00, 0x20, 0x00, 0x44, 0x00, 0x79, 0x00, 0x6C,
    0x00, 0x61, 0x00, 0x6E, 0x00, 0x20, 0x00, 0x59, 0x00, 0x6F, 0x00, 0x75, 0x00, 0x6E, 0x00, 0x67,
    0x00, 0x4B, 0x00, 0x6F, 0x00, 0x74, 0x00, 0x6F, 0x00, 0x53, 0x00, 0x74, 0x00, 0x61, 0x00, 0x63,
    0x00, 0x6B, 0x00, 0x53, 0x00, 0x61, 0x00, 0x6E, 0x00, 0x73, 0x00, 0x48, 0x00, 0x65, 0x00, 0x61,
    0x00, 0x64, 0x00, 0x6C, 0x00, 0x69, 0x00, 0x6E, 0x00, 0x65, 0x00, 0x2D, 0x00, 0x42, 0x00, 0x6F,
    0x00, 0x6C, 0x00, 0x64, 0x00, 0x56, 0x00, 0x65, 0x00, 0x72, 0x00, 0x73, 0x00, 0x69, 0x00, 0x6F,
    0x00, 0x6E, 0x00, 0x20, 0x00, 0x31, 0x00, 0x2E, 0x00, 0x30, 0x00, 0x30, 0x00, 0x30, 0x00, 0x53,
    0x00, 0x74, 0x00, 0x61, 0x00, 0x63, 0x00, 0x6B, 0x00, 0x20, 0x00, 0x53, 0x00, 0x61, 0x00, 0x6E,
    0x00, 0x73, 0x00, 0x20, 0x00, 0x48, 0x00, 0x65, 0x00, 0x61, 0x00, 0x64, 0x00, 0x6C, 0x00, 0x69,
    0x00, 0x6E, 0x00, 0x65, 0x00, 0x20, 0x00, 0x42, 0x00, 0x6F, 0x00, 0x6C, 0x00, 0x64, 0x00, 0x31,
    0x00, 0x2E, 0x00, 0x30, 0x00, 0x30, 0x00, 0x30, 0x00, 0x3B, 0x00, 0x4E, 0x00, 0x4F, 0x00, 0x4E,
    0x00, 0x45, 0x00, 0x3B, 0x00, 0x53, 0x00, 0x74, 0x00, 0x61, 0x00, 0x63, 0x00, 0x6B, 0x00, 0x53,
    0x00, 0x61, 0x00, 0x6E, 0x00, 0x73, 0x00, 0x48, 0x00, 0x65, 0x00, 0x61, 0x00, 0x64, 0x00, 0x6C,
    0x00, 0x69, 0x00, 0x6E, 0x00, 0x65, 0x00, 0x2D, 0x00, 0x42, 0x00, 0x6F, 0x00, 0x6C, 0x00, 0x64,
    0x00, 0x42, 0x00, 0x6F, 0x00, 0x6C, 0x00, 0x64, 0x00, 0x53, 0x00, 0x74, 0x00, 0x61, 0x00, 0x63,
    0x00, 0x6B, 0x00, 0x20, 0x00, 0x53, 0x00, 0x61, 0x00, 0x6E, 0x00, 0x73, 0x00, 0x20, 0x00, 0x48,
    0x00, 0x65, 0x00, 0x61, 0x00, 0x64, 0x00, 0x6C, 0x00, 0x69, 0x00, 0x6E, 0x00, 0x65, 0x00, 0x43,
    0x00, 0x6F, 0x00, 0x70, 0x00, 0x79, 0x00, 0x72, 0x00, 0x69, 0x00, 0x67, 0x00, 0x68, 0x00, 0x74,
    0x00, 0x20, 0x00, 0x32, 0x00, 0x30, 0x00, 0x32, 0x00, 0x35, 0x00, 0x20, 0x00, 0x54, 0x00, 0x68,
    0x00, 0x65, 0x00, 0x20, 0x00, 0x53, 0x00, 0x74, 0x00, 0x61, 0x00, 0x63, 0x00, 0x6B, 0x00, 0x20,
    0x00, 0x53, 0x00, 0x61, 0x00, 0x6E, 0x00, 0x73, 0x00, 0x20, 0x00, 0x50, 0x00, 0x72, 0x00, 0x6F,
    0x00, 0x6A, 0x00, 0x65, 0x00, 0x63, 0x00, 0x74, 0x00, 0x20, 0x00, 0x41, 0x00, 0x75, 0x00, 0x74,
    0x00, 0x68, 0x00, 0x6F, 0x00, 0x72, 0x00, 0x73, 0x00, 0x20, 0x00, 0x28, 0x00, 0x68, 0x00, 0x74,
    0x00, 0x74, 0x00, 0x70, 0x00, 0x73, 0x00, 0x3A, 0x00, 0x2F, 0x00, 0x2F, 0x00, 0x67, 0x00, 0x69,
    0x00, 0x74, 0x00, 0x68, 0x00, 0x75, 0x00, 0x62, 0x00, 0x2E, 0x00, 0x63, 0x00, 0x6F, 0x00, 0x6D,
    0x00, 0x2F, 0x00, 0x44, 0x00, 0x79, 0x00, 0x6C, 0x00, 0x61, 0x00, 0x6E, 0x00, 0x59, 0x00, 0x6F,
    0x00, 0x75, 0x00, 0x6E, 0x00, 0x67, 0x00, 0x4B, 0x00, 0x6F, 0x00, 0x74, 0x00, 0x6F, 0x00, 0x2F,
    0x00, 0x53, 0x00, 0x74, 0x00, 0x61, 0x00, 0x63, 0x00, 0x6B, 0x00, 0x2D, 0x00, 0x53, 0x00, 0x61,
    0x00, 0x6E, 0x00, 0x73, 0x00, 0x29, 0x00, 0x00, 0x03, 0x20, 0x00, 0x32, 0x02, 0x9B, 0x00, 0x14,
    0x02, 0x9B, 0x00, 0x14, 0x02, 0x9B, 0x00, 0x14, 0x02, 0x9B, 0x00, 0x14, 0x02, 0x9B, 0x00, 0x14,
    0x02, 0x9B, 0x00, 0x14, 0x02, 0x9B, 0x00, 0x14, 0x02, 0x9B, 0x00, 0x14, 0x02, 0x9B, 0x00, 0x14,
    0x02, 0x9B, 0x00, 0x14, 0x03, 0xA9, 0x00, 0x14, 0x02, 0x66, 0x00, 0x34, 0x02, 0xD2, 0x00, 0x1C,
    0x02, 0xD2, 0x00, 0x1C, 0x02, 0xD2, 0x00, 0x1C, 0x02, 0xD2, 0x00, 0x1C, 0x02, 0xD2, 0x00, 0x1C,
    0x02, 0xD2, 0x00, 0x1C, 0x02, 0xAF, 0x00, 0x34, 0x02, 0xAF, 0x00, 0x34, 0x02, 0xFF, 0x00, 0x2A,
    0x02, 0xFF, 0x00, 0x2A, 0x02, 0x49, 0x00, 0x34, 0x02, 0x49, 0x00, 0x34, 0x02, 0x49, 0x00, 0x34,
    0x02, 0x49, 0x00, 0x34, 0x02, 0x49, 0x00, 0x34, 0x02, 0x49, 0x00, 0x34, 0x02, 0x49, 0x00, 0x34,
    0x02, 0x49, 0x00, 0x34, 0x02, 0x49, 0x00, 0x34, 0x02, 0x49, 0x00, 0x34, 0x02, 0xD9, 0x00, 0x13,
    0x02, 0x3B, 0x00, 0x34, 0x02, 0xD3, 0x00, 0x1C, 0x02, 0xD3, 0x00, 0x1C, 0x02, 0xD3, 0x00, 0x1C,
    0x02, 0xD3, 0x00, 0x1C, 0x02, 0xD3, 0x00, 0x1C, 0x02, 0xD3, 0x00, 0x1C, 0x02, 0xD3, 0x00, 0x1C,
    0x02, 0xA1, 0x00, 0x34, 0x03, 0x4B, 0x00, 0x2F, 0x02, 0xA1, 0x00, 0x34, 0x00, 0xF9, 0x00, 0x34,
    0x02, 0x56, 0x00, 0x34, 0x00, 0xF9, 0x00, 0x34, 0x00, 0xF9, 0xFF, 0xF6, 0x00, 0xF9, 0xFF, 0xFE,
    0x00, 0xF9, 0xFF, 0xE9, 0x00, 0xF9, 0x00, 0x34, 0x00, 0xF9, 0xFF, 0xD6, 0x00, 0xF9, 0xFF, 0xE5,
    0x00, 0xF9, 0x00, 0x18, 0x00, 0xF9, 0xFF, 0xDC, 0x01, 0x5D, 0x00, 0x1E, 0x01, 0x5D, 0x00, 0x1E,
    0x01, 0x5D, 0x00, 0x1E, 0x02, 0x81, 0x00, 0x34, 0x02, 0x81, 0x00, 0x34, 0x01, 0xF7, 0x00, 0x34,
    0x01, 0xF7, 0x00, 0x34, 0x01, 0xF7, 0x00, 0x34, 0x01, 0xF7, 0x00, 0x34, 0x02, 0x44, 0x00, 0x2F,
    0x03, 0x4B, 0x00, 0x34, 0x02, 0xB7, 0x00, 0x34, 0x02, 0xB7, 0x00, 0x34, 0x02, 0xB7, 0x00, 0x34,
    0x02, 0xB7, 0x00, 0x34, 0x02, 0xB7, 0x00, 0x34, 0x02, 0xEB, 0x00, 0x1C, 0x02, 0xEB, 0x00, 0x1C,
    0x02, 0xEB, 0x00, 0x1C, 0x02, 0xEB, 0x00, 0x1C, 0x02, 0xEB, 0x00, 0x1C, 0x02, 0xEB, 0x00, 0x1C,
    0x02, 0xEB, 0x00, 0x1C, 0x02, 0xEB, 0x00, 0x1C, 0x02, 0xEB, 0x00, 0x1C, 0x02, 0xEB, 0x00, 0x1C,
    0x04, 0x3A, 0x00, 0x1C, 0x02, 0x79, 0x00, 0x34, 0x02, 0x58, 0x00, 0x2A, 0x02, 0xEB, 0x00, 0x1C,
    0x02, 0x82, 0x00, 0x34, 0x02, 0x82, 0x00, 0x34, 0x02, 0x82, 0x00, 0x34, 0x02, 0x82, 0x00, 0x34,
    0x02, 0x7C, 0x00, 0x23, 0x02, 0x7C, 0x00, 0x23, 0x02, 0x7C, 0x00, 0x23, 0x02, 0x7C, 0x00, 0x23,
    0x02, 0x7C, 0x00, 0x23, 0x02, 0x7C, 0x00, 0x23, 0x02, 0x94, 0x00, 0x34, 0x02, 0x6D, 0x00, 0x14,
    0x02, 0x6D, 0x00, 0x14, 0x02, 0x6D, 0x00, 0x14, 0x02, 0x6D, 0x00, 0x14, 0x02, 0xA1, 0x00, 0x2F,
    0x02, 0xA1, 0x00, 0x2F, 0x02, 0xA1, 0x00, 0x2F, 0x02, 0xA1, 0x00, 0x2F, 0x02, 0xA1, 0x00, 0x2F,
    0x02, 0xA1, 0x00, 0x2F, 0x02, 0xA1, 0x00, 0x2F, 0x02, 0xA1, 0x00, 0x2F, 0x02, 0xA1, 0x00, 0x2F,
    0x02, 0xA1, 0x00, 0x2F, 0x02, 0xA1, 0x00, 0x2F, 0x02, 0x9B, 0x00, 0x14, 0x04, 0x02, 0x00, 0x14,
    0x04, 0x02, 0x00, 0x14, 0x04, 0x02, 0x00, 0x14, 0x04, 0x02, 0x00, 0x14, 0x04, 0x02, 0x00, 0x14,
    0x02, 0x9D, 0x00, 0x14, 0x02, 0x73, 0x00, 0x14, 0x02, 0x73, 0x00, 0x14, 0x02, 0x73, 0x00, 0x14,
    0x02, 0x73, 0x00, 0x14, 0x02, 0x73, 0x00, 0x14, 0x02, 0x73, 0x00, 0x14, 0x02, 0x5D, 0x00, 0x1E,
    0x02, 0x5D, 0x00, 0x1E, 0x02, 0x5D, 0x00, 0x1E, 0x02, 0x5D, 0x00, 0x1E, 0x01, 0x09, 0x00, 0x32,
    0x01, 0xF7, 0x00, 0x34, 0x02, 0xB7, 0x00, 0x34, 0x02, 0x66, 0x00, 0x34, 0x02, 0xAF, 0x00, 0x34,
    0x02, 0x49, 0x00, 0x34, 0x02, 0x3B, 0x00, 0x34, 0x02, 0x79, 0x00, 0x34, 0x02, 0xEB, 0x00, 0x1C,
    0x02, 0x82, 0x00, 0x34, 0x02, 0x40, 0x00, 0x23, 0x02, 0x40, 0x00, 0x23, 0x02, 0x40, 0x00, 0x23,
    0x02, 0x40, 0x00, 0x23, 0x02, 0x40, 0x00, 0x23, 0x02, 0x40, 0x00, 0x23, 0x02, 0x40, 0x00, 0x23,
    0x02, 0x40, 0x00, 0x23, 0x02, 0x40, 0x00, 0x23, 0x02, 0x40, 0x00, 0x23, 0x03, 0xBE, 0x00, 0x23,
    0x02, 0x74, 0x00, 0x30, 0x02, 0x57, 0x00, 0x19, 0x02, 0x57, 0x00, 0x19, 0x02, 0x57, 0x00, 0x19,
    0x02, 0x57, 0x00, 0x19, 0x02, 0x57, 0x00, 0x19, 0x02, 0x57, 0x00, 0x19, 0x02, 0x74, 0x00, 0x19,
    0x02, 0x74, 0x00, 0x19, 0x02, 0xBF, 0x00, 0x19, 0x02, 0x56, 0x00, 0x19, 0x02, 0x53, 0x00, 0x19,
    0x02, 0x53, 0x00, 0x19, 0x02, 0x53, 0x00, 0x19, 0x02, 0x53, 0x00, 0x19, 0x02, 0x53, 0x00, 0x19,
    0x02, 0x53, 0x00, 0x19, 0x02, 0x53, 0x00, 0x19, 0x02, 0x53, 0x00, 0x19, 0x02, 0x53, 0x00, 0x19,
    0x02, 0x53, 0x00, 0x19, 0x02, 0x53, 0x00, 0x11, 0x01, 0x69, 0x00, 0x14, 0x02, 0x72, 0x00, 0x19,
    0x02, 0x72, 0x00, 0x19, 0x02, 0x72, 0x00, 0x19, 0x02, 0x72, 0x00, 0x19, 0x02, 0x72, 0x00, 0x19,
    0x02, 0x72, 0x00, 0x19, 0x02, 0x72, 0x00, 0x19, 0x02, 0x56, 0x00, 0x30, 0x02, 0xA1, 0x00, 0x2B,
    0x02, 0x56, 0x00, 0x30, 0x00, 0xF9, 0x00, 0x30, 0x00, 0xEF, 0x00, 0x30, 0x00, 0xEF, 0x00, 0x30,
    0x00, 0xEF, 0xFF, 0xF1, 0x00, 0xEF, 0xFF, 0xF9, 0x00, 0xEF, 0xFF, 0xE4, 0x00, 0xEF, 0x00, 0x30,
    0x00, 0xEF, 0xFF, 0xD1, 0x00, 0xEF, 0x00, 0x08, 0x00, 0xEF, 0x00, 0x12, 0x00, 0xEF, 0xFF, 0xD7,
    0x01, 0xF1, 0x00, 0x30, 0x00, 0xF8, 0xFF, 0xB8, 0x00, 0xFD, 0xFF, 0xB8, 0x00, 0xFD, 0xFF, 0xB8,
    0x00, 0xFD, 0xFF, 0xB8, 0x02, 0x2C, 0x00, 0x30, 0x02, 0x2C, 0x00, 0x30, 0x00, 0xEF, 0x00, 0x30,
    0x00, 0xEF, 0x00, 0x30, 0x00, 0xEF, 0x00, 0x30, 0x00, 0xEF, 0x00, 0x30, 0x01, 0x99, 0x00, 0x2B,
    0x03, 0x83, 0x00, 0x2E, 0x02, 0x54, 0x00, 0x2E, 0x02, 0x54, 0x00, 0x2E, 0x02, 0x54, 0x00, 0x2E,
    0x02, 0x54, 0x00, 0x2E, 0x02, 0x54, 0x00, 0x2E, 0x02, 0x6E, 0x00, 0x19, 0x02, 0x6E, 0x00, 0x19,
    0x02, 0x6E, 0x00, 0x19, 0x02, 0x6E, 0x00, 0x19, 0x02, 0x6E, 0x00, 0x19, 0x02, 0x6E, 0x00, 0x19,
    0x02, 0x6E, 0x00, 0x19, 0x02, 0x6E, 0x00, 0x19, 0x02, 0x6E, 0x00, 0x19, 0x02, 0x6E, 0x00, 0x19,
    0x03, 0xFD, 0x00, 0x19, 0x02, 0x74, 0x00, 0x30, 0x02, 0x74, 0x00, 0x30, 0x02, 0x74, 0x00, 0x19,
    0x01, 0x82, 0x00, 0x2E, 0x01, 0x82, 0x00, 0x2E, 0x01, 0x82, 0x00, 0x14, 0x01, 0x82, 0x00, 0x2E,
    0x02, 0x10, 0x00, 0x19, 0x02, 0x10, 0x00, 0x19, 0x02, 0x10, 0x00, 0x19, 0x02, 0x10, 0x00, 0x19,
    0x02, 0x10, 0x00, 0x19, 0x02, 0x10, 0x00, 0x19, 0x02, 0x99, 0x00, 0x34, 0x01, 0x6A, 0x00, 0x15,
    0x01, 0x6A, 0x00, 0x15, 0x01, 0x6A, 0x00, 0x15, 0x01, 0x6A, 0x00, 0x15, 0x02, 0x54, 0x00, 0x2C,
    0x02, 0x54, 0x00, 0x2C, 0x02, 0x54, 0x00, 0x2C, 0x02, 0x54, 0x00, 0x2C, 0x02, 0x54, 0x00, 0x2C,
    0x02, 0x54, 0x00, 0x2C, 0x02, 0x54, 0x00, 0x2C, 0x02, 0x54, 0x00, 0x2C, 0x02, 0x54, 0x00, 0x2C,
    0x02, 0x54, 0x00, 0x2C, 0x02, 0x54, 0x00, 0x2C, 0x02, 0x39, 0x00, 0x12, 0x03, 0x2B, 0x00, 0x12,
    0x03, 0x2B, 0x00, 0x12, 0x03, 0x2B, 0x00, 0x12, 0x03, 0x2B, 0x00, 0x12, 0x03, 0x2B, 0x00, 0x12,
    0x02, 0x37, 0x00, 0x14, 0x02, 0x39, 0x00, 0x12, 0x02, 0x39, 0x00, 0x12, 0x02, 0x39, 0x00, 0x12,
    0x02, 0x39, 0x00, 0x12, 0x02, 0x39, 0x00, 0x12, 0x02, 0x39, 0x00, 0x12, 0x01, 0xEE, 0x00, 0x18,
    0x01, 0xEE, 0x00, 0x18, 0x01, 0xEE, 0x00, 0x18, 0x01, 0xEE, 0x00, 0x18, 0x01, 0x09, 0x00, 0x32,
    0x00, 0xEF, 0x00, 0x30, 0x02, 0x54, 0x00, 0x2E, 0x02, 0x40, 0x00, 0x23, 0x02, 0x40, 0x00, 0x23,
    0x02, 0x40, 0x00, 0x23, 0x02, 0x40, 0x00, 0x23, 0x02, 0x40, 0x00, 0x23, 0x02, 0x40, 0x00, 0x23,
    0x02, 0x40, 0x00, 0x23, 0x02, 0x40, 0x00, 0x23, 0x02, 0x40, 0x00, 0x23, 0x02, 0x40, 0x00, 0x23,
    0x02, 0x53, 0x00, 0x19, 0x02, 0x53, 0x00, 0x19, 0x02, 0x53, 0x00, 0x19, 0x02, 0x53, 0x00, 0x19,
    0x02, 0x53, 0x00, 0x19, 0x02, 0x53, 0x00, 0x19, 0x02, 0x53, 0x00, 0x19, 0x02, 0x53, 0x00, 0x19,
    0x02, 0x53, 0x00, 0x19, 0x02, 0x53, 0x00, 0x19, 0x01, 0x6D, 0x00, 0x14, 0x01, 0x1C, 0x00, 0x30,
    0x00, 0xF8, 0xFF, 0xB8, 0x01, 0x7E, 0x00, 0x15, 0x01, 0x7E, 0x00, 0x15, 0x01, 0x7E, 0x00, 0x15,
    0x01, 0x7E, 0x00, 0x15, 0x02, 0x39, 0x00, 0x12, 0x02, 0x39, 0x00, 0x12, 0x02, 0x39, 0x00, 0x12,
    0x02, 0x39, 0x00, 0x12, 0x02, 0x39, 0x00, 0x12, 0x02, 0x39, 0x00, 0x12, 0x03, 0x67, 0x00, 0x1E,
    0x01, 0x6A, 0x00, 0x1E, 0x01, 0x93, 0x00, 0x1E, 0x02, 0x87, 0x00, 0x1C, 0x02, 0x09, 0x00, 0x14,
    0x02, 0x43, 0x00, 0x0F, 0x02, 0x5D, 0x00, 0x1E, 0x02, 0x45, 0x00, 0x1E, 0x02, 0x55, 0x00, 0x1E,
    0x02, 0x5B, 0x00, 0x1C, 0x02, 0x0D, 0x00, 0x14, 0x02, 0x4E, 0x00, 0x1C, 0x02, 0x5B, 0x00, 0x1C,
    0x02, 0x09, 0x00, 0x14, 0x02, 0x3D, 0x00, 0x0F, 0x02, 0x0D, 0x00, 0x14, 0x02, 0x76, 0x00, 0x14,
    0x02, 0x76, 0x00, 0x23, 0x02, 0x76, 0x00, 0x2E, 0x02, 0x76, 0x00, 0x2A, 0x02, 0x76, 0x00, 0x19,
    0x02, 0x76, 0x00, 0x2A, 0x02, 0x76, 0x00, 0x2A, 0x02, 0x76, 0x00, 0x26, 0x02, 0x76, 0x00, 0x30,
    0x02, 0x76, 0x00, 0x2A, 0x01, 0x5F, 0x00, 0x1C, 0x01, 0x27, 0x00, 0x0A, 0x01, 0x2B, 0x00, 0x08,
    0x01, 0x3C, 0x00, 0x0F, 0x01, 0x33, 0x00, 0x07, 0x01, 0x2F, 0x00, 0x0F, 0x01, 0x44, 0x00, 0x15,
    0x01, 0x0C, 0x00, 0x0A, 0x01, 0x43, 0x00, 0x1C, 0x01, 0x3D, 0x00, 0x0E, 0x01, 0x5F, 0x00, 0x1C,
    0x01, 0x27, 0x00, 0x0A, 0x01, 0x2B, 0x00, 0x08, 0x01, 0x3C, 0x00, 0x0F, 0x01, 0x33, 0x00, 0x07,
    0x01, 0x2F, 0x00, 0x0F, 0x01, 0x44, 0x00, 0x15, 0x01, 0x0C, 0x00, 0x0A, 0x01, 0x43, 0x00, 0x1C,
    0x01, 0x3D, 0x00, 0x0E, 0x00, 0x90, 0xFF, 0x6A, 0x02, 0xE2, 0x00, 0x0A, 0x02, 0xEA, 0x00, 0x0A,
    0x02, 0xF8, 0x00, 0x0F, 0x02, 0xFA, 0x00, 0x0A, 0x03, 0x08, 0x00, 0x0F, 0x03, 0x02, 0x00, 0x0F,
    0x02, 0xBC, 0x00, 0x0A, 0x01, 0x5F, 0x00, 0x1C, 0x01, 0x27, 0x00, 0x0A, 0x01, 0x2B, 0x00, 0x08,
    0x01, 0x3C, 0x00, 0x0F, 0x01, 0x33, 0x00, 0x07, 0x01, 0x2F, 0x00, 0x0F, 0x01, 0x44, 0x00, 0x15,
    0x01, 0x0C, 0x00, 0x0A, 0x01, 0x43, 0x00, 0x1C, 0x01, 0x3D, 0x00, 0x0E, 0x01, 0x5F, 0x00, 0x1C,
    0x01, 0x27, 0x00, 0x0A, 0x01, 0x2B, 0x00, 0x08, 0x01, 0x3C, 0x00, 0x0F, 0x01, 0x33, 0x00, 0x07,
    0x01, 0x2F, 0x00, 0x0F, 0x01, 0x44, 0x00, 0x15, 0x01, 0x0C, 0x00, 0x0A, 0x01, 0x43, 0x00, 0x1C,
    0x01, 0x3D, 0x00, 0x0E, 0x00, 0xC8, 0x00, 0x00, 0x00, 0xC8, 0x00, 0x00, 0x02, 0x58, 0x00, 0x00,
    0x02, 0x58, 0x00, 0x00, 0x01, 0x8C, 0x00, 0x29, 0x02, 0x3B, 0x00, 0x29, 0x02, 0xCF, 0x00, 0x29,
    0x02, 0x3B, 0x00, 0x29, 0x01, 0x08, 0x00, 0x1C, 0x01, 0x08, 0x00, 0x14, 0x01, 0x5C, 0x00, 0x0F,
    0x01, 0x5C, 0x00, 0x14, 0x01, 0x69, 0x00, 0x34, 0x01, 0x69, 0x00, 0x14, 0x01, 0x08, 0x00, 0x1C,
    0x01, 0x08, 0x00, 0x14, 0x01, 0x5C, 0x00, 0x0F, 0x01, 0x5C, 0x00, 0x14, 0x01, 0x69, 0x00, 0x34,
    0x01, 0x69, 0x00, 0x14, 0x00, 0xD5, 0x00, 0x1E, 0x01, 0x96, 0x00, 0x1E, 0x01, 0x96, 0x00, 0x1E,
    0x01, 0x96, 0x00, 0x1E, 0x00, 0xD5, 0x00, 0x1E, 0x00, 0xD5, 0x00, 0x1E, 0x02, 0x63, 0x00, 0x1E,
    0x02, 0x63, 0x00, 0x23, 0x01, 0x72, 0x00, 0x1E, 0x01, 0x72, 0x00, 0x23, 0x01, 0x96, 0x00, 0x1E,
    0x00, 0xD5, 0x00, 0x1E, 0x00, 0xD5, 0x00, 0x1E, 0x00, 0xD5, 0x00, 0x1E, 0x00, 0xDF, 0x00, 0x23,
    0x00, 0xDF, 0x00, 0x23, 0x02, 0x8D, 0x00, 0x1E, 0x00, 0xF9, 0x00, 0x30, 0x00, 0xF9, 0x00, 0x30,
    0x02, 0x13, 0x00, 0x14, 0x02, 0x27, 0x00, 0x1E, 0x00, 0xD5, 0x00, 0x1E, 0x01, 0x04, 0x00, 0x1E,
    0x01, 0x8E, 0x00, 0x22, 0x02, 0x90, 0x00, 0x14, 0x01, 0x7E, 0x00, 0x14, 0x01, 0x7E, 0x00, 0x14,
    0x00, 0xD5, 0x00, 0x1E, 0x00, 0xD5, 0x00, 0x1E, 0x02, 0x66, 0x00, 0x34, 0x02, 0x58, 0x00, 0x19,
    0x01, 0xC8, 0x00, 0x0F, 0x02, 0x79, 0x00, 0x23, 0x03, 0x0C, 0x00, 0x17, 0x02, 0xB0, 0x00, 0x23,
    0x02, 0xCE, 0x00, 0x2F, 0x02, 0x6A, 0x00, 0x22, 0x02, 0xF5, 0x00, 0x34, 0x02, 0x61, 0x00, 0x34,
    0x04, 0x48, 0x00, 0x1E, 0x02, 0x87, 0x00, 0x1E, 0x02, 0x3B, 0x00, 0x29, 0x02, 0x3B, 0x00, 0x29,
    0x01, 0xEE, 0x00, 0x1E, 0x02, 0x3B, 0x00, 0x29, 0x02, 0x3B, 0x00, 0x29, 0x02, 0x3B, 0x00, 0x29,
    0x02, 0x80, 0x00, 0x28, 0x02, 0x80, 0x00, 0x28, 0x02, 0x80, 0x00, 0x28, 0x02, 0x85, 0x00, 0x2D,
    0x02, 0x81, 0x00, 0x29, 0x02, 0x48, 0x00, 0x28, 0x02, 0x48, 0x00, 0x28, 0x02, 0x3B, 0x00, 0x29,
    0x01, 0xB5, 0x00, 0x1E, 0x03, 0x46, 0x00, 0x1E, 0x01, 0x75, 0x00, 0x0F, 0x02, 0xC5, 0x00, 0x14,
    0x02, 0x49, 0x00, 0x34, 0x02, 0xAB, 0x00, 0x12, 0x02, 0x56, 0x00, 0x19, 0x03, 0xC0, 0x00, 0x23,
    0x05, 0x4B, 0x00, 0x23, 0x02, 0x5E, 0x00, 0x28, 0x02, 0x7D, 0x00, 0x27, 0x03, 0x1B, 0x00, 0x29,
    0x02, 0x7E, 0x00, 0x28, 0x02, 0x5E, 0x00, 0x28, 0x02, 0x7E, 0x00, 0x28, 0x03, 0x1B, 0x00, 0x27,
    0x02, 0x7D, 0x00, 0x28, 0x03, 0x71, 0x00, 0x28, 0x02, 0x5E, 0x00, 0x28, 0x03, 0x5F, 0x00, 0x1C,
    0x02, 0xA0, 0x00, 0x24, 0x02, 0xE6, 0x00, 0x22, 0x02, 0x10, 0x00, 0x19, 0x03, 0x14, 0x00, 0x1C,
    0x03, 0x14, 0x00, 0x1C, 0x03, 0x24, 0x00, 0x1E, 0x01, 0x56, 0x00, 0x1E, 0x00, 0xF9, 0x00, 0x34,
    0x00, 0xF9, 0x00, 0x34, 0x01, 0xBD, 0x00, 0x0F, 0x01, 0xBD, 0x00, 0x0F, 0x02, 0xA5, 0x00, 0x24,
    0x00, 0x00, 0x00, 0x0F, 0x00, 0x00, 0x00, 0x0D, 0x00, 0x00, 0x00, 0x12, 0x00, 0x00, 0x00, 0x0F,
    0x00, 0x00, 0x00, 0x0D, 0x00, 0x00, 0x00, 0x38, 0x00, 0x00, 0x00, 0x13, 0x00, 0x00, 0x00, 0x13,
    0x00, 0x00, 0x00, 0x1E, 0x00, 0x00, 0x00, 0x0B, 0x00, 0x00, 0x00, 0x14, 0x00, 0x00, 0x00, 0x0F,
    0x00, 0x00, 0x00, 0x25, 0x00, 0x00, 0x00, 0x24, 0x00, 0x00, 0x00, 0x37, 0x00, 0x00, 0x00, 0x1E,
    0x00, 0x00, 0x00, 0x23, 0x00, 0x00, 0x00, 0x23, 0x00, 0x00, 0x00, 0x1E, 0x00, 0x00, 0x00, 0x14,
    0x00, 0x00, 0x00, 0x37, 0x01, 0x6D, 0x00, 0x0F, 0x00, 0xA0, 0x00, 0x0D, 0x00, 0xE6, 0x00, 0x12,
    0x00, 0xE6, 0x00, 0x0F, 0x01, 0x94, 0x00, 0x0D, 0x01, 0x61, 0x00, 0x13, 0x01, 0x61, 0x00, 0x13,
    0x01, 0x86, 0x00, 0x1E, 0x00, 0xEA, 0x00, 0x0B, 0x01, 0xA5, 0x00, 0x14, 0x01, 0x6E, 0x00, 0x0F,
    0x01, 0x30, 0x00, 0x37, 0x00, 0xE0, 0x00, 0x1E, 0x00, 0x01, 0x00, 0x00, 0x00, 0x0A, 0x01, 0x32,
    0x02, 0x22, 0x00, 0x02, 0x44, 0x46, 0x4C, 0x54, 0x01, 0x02, 0x6C, 0x61, 0x74, 0x6E, 0x00, 0x0E,
    0x00, 0xF8, 0x00, 0x0A, 0x41, 0x5A, 0x45, 0x20, 0x00, 0xD0, 0x43, 0x41, 0x54, 0x20, 0x00, 0xAC,
    0x43, 0x52, 0x54, 0x20, 0x00, 0xD0, 0x4B, 0x41, 0x5A, 0x20, 0x00, 0xD0, 0x4D, 0x41, 0x48, 0x20,
    0x00, 0x88, 0x4D, 0x4F, 0x4C, 0x20, 0x00, 0x64, 0x4E, 0x4C, 0x44, 0x20, 0x00, 0x40, 0x52, 0x4F,
    0x4D, 0x20, 0x00, 0x64, 0x54, 0x41, 0x54, 0x20, 0x00, 0xD0, 0x54, 0x52, 0x4B, 0x20, 0x00, 0xD0,
    0x00, 0x00, 0xFF, 0xFF, 0x00, 0x0F, 0x00, 0x00, 0x00, 0x01, 0x00, 0x02, 0x00, 0x03, 0x00, 0x04,
    0x00, 0x05, 0x00, 0x0A, 0x00, 0x0B, 0x00, 0x0C, 0x00, 0x0D, 0x00, 0x0E, 0x00, 0x0F, 0x00, 0x10,
    0x00, 0x11, 0x00, 0x12, 0x00, 0x00, 0xFF, 0xFF, 0x00, 0x0F, 0x00, 0x00, 0x00, 0x01, 0x00, 0x02,
    0x00, 0x03, 0x00, 0x04, 0x00, 0x05, 0x00, 0x09, 0x00, 0x0B, 0x00, 0x0C, 0x00, 0x0D, 0x00, 0x0E,
    0x00, 0x0F, 0x00, 0x10, 0x00, 0x11, 0x00, 0x12, 0x00, 0x00, 0xFF, 0xFF, 0x00, 0x0F, 0x00, 0x00,
    0x00, 0x01, 0x00, 0x02, 0x00, 0x03, 0x00, 0x04, 0x00, 0x05, 0x00, 0x08, 0x00, 0x0B, 0x00, 0x0C,
    0x00, 0x0D, 0x00, 0x0E, 0x00, 0x0F, 0x00, 0x10, 0x00, 0x11, 0x00, 0x12, 0x00, 0x00, 0xFF, 0xFF,
    0x00, 0x0F, 0x00, 0x00, 0x00, 0x01, 0x00, 0x02, 0x00, 0x03, 0x00, 0x04, 0x00, 0x05, 0x00, 0x07,
    0x00, 0x0B, 0x00, 0x0C, 0x00, 0x0D, 0x00, 0x0E, 0x00, 0x0F, 0x00, 0x10, 0x00, 0x11, 0x00, 0x12,
    0x00, 0x00, 0xFF, 0xFF, 0x00, 0x0F, 0x00, 0x00, 0x00, 0x01, 0x00, 0x02, 0x00, 0x03, 0x00, 0x04,
    0x00, 0x05, 0x00, 0x06, 0x00, 0x0B, 0x00, 0x0C, 0x00, 0x0D, 0x00, 0x0E, 0x00, 0x0F, 0x00, 0x10,
    0x00, 0x11, 0x00, 0x12, 0x00, 0x04, 0x00, 0x00, 0x00, 0x00, 0xFF, 0xFF, 0x00, 0x0E, 0x00, 0x00,
    0x00, 0x01, 0x00, 0x02, 0x00, 0x03, 0x00, 0x04, 0x00, 0x05, 0x00, 0x0B, 0x00, 0x0C, 0x00, 0x0D,
    0x00, 0x0E, 0x00, 0x0F, 0x00, 0x10, 0x00, 0x11, 0x00, 0x12, 0x00, 0x13, 0x61, 0x61, 0x6C, 0x74,
    0x00, 0xE8, 0x63, 0x61, 0x73, 0x65, 0x00, 0xE2, 0x63, 0x63, 0x6D, 0x70, 0x00, 0xDC, 0x64, 0x6E,
    0x6F, 0x6D, 0x00, 0xD6, 0x66, 0x72, 0x61, 0x63, 0x00, 0xCC, 0x6C, 0x69, 0x67, 0x61, 0x00, 0xC6,
    0x6C, 0x6F, 0x63, 0x6C, 0x00, 0xC0, 0x6C, 0x6F, 0x63, 0x6C, 0x00, 0xBA, 0x6C, 0x6F, 0x63, 0x6C,
    0x00, 0xB4, 0x6C, 0x6F, 0x63, 0x6C, 0x00, 0xAE, 0x6C, 0x6F, 0x63, 0x6C, 0x00, 0xA8, 0x6E, 0x75,
    0x6D, 0x72, 0x00, 0xA2, 0x6F, 0x72, 0x64, 0x6E, 0x00, 0x9C, 0x70, 0x6E, 0x75, 0x6D, 0x00, 0x96,
    0x73, 0x69, 0x6E, 0x66, 0x00, 0x90, 0x73, 0x73, 0x30, 0x31, 0x00, 0x86, 0x73, 0x75, 0x62, 0x73,
    0x00, 0x80, 0x73, 0x75, 0x70, 0x73, 0x00, 0x7A, 0x74, 0x6E, 0x75, 0x6D, 0x00, 0x74, 0x00, 0x00,
    0x00, 0x01, 0x00, 0x18, 0x00, 0x00, 0x00, 0x01, 0x00, 0x0E, 0x00, 0x00, 0x00, 0x01, 0x00, 0x0C,
    0x00, 0x06, 0x00, 0x01, 0x00, 0x1B, 0x00, 0x00, 0x01, 0x07, 0x00, 0x00, 0x00, 0x01, 0x00, 0x0D,
    0x00, 0x00, 0x00, 0x01, 0x00, 0x17, 0x00, 0x00, 0x00, 0x01, 0x00, 0x15, 0x00, 0x00, 0x00, 0x01,
    0x00, 0x0F, 0x00, 0x00, 0x00, 0x01, 0x00, 0x0A, 0x00, 0x00, 0x00, 0x01, 0x00, 0x05, 0x00, 0x00,
    0x00, 0x01, 0x00, 0x06, 0x00, 0x00, 0x00, 0x01, 0x00, 0x07, 0x00, 0x00, 0x00, 0x01, 0x00, 0x04,
    0x00, 0x00, 0x00, 0x01, 0x00, 0x1A, 0x00, 0x00, 0x00, 0x03, 0x00, 0x11, 0x00, 0x12, 0x00, 0x13,
    0x00, 0x00, 0x00, 0x01, 0x00, 0x10, 0x00, 0x00, 0x00, 0x01, 0x00, 0x02, 0x00, 0x00, 0x00, 0x01,
    0x00, 0x19, 0x00, 0x00, 0x00, 0x02, 0x00, 0x00, 0x00, 0x01, 0x00, 0x1C, 0x04, 0xCA, 0x03, 0xE0,
    0x03, 0x94, 0x03, 0x7C, 0x03, 0x6E, 0x03, 0x4C, 0x03, 0x2A, 0x02, 0xEE, 0x02, 0xE0, 0x02, 0xD2,
    0x02, 0x94, 0x02, 0x82, 0x02, 0x6A, 0x02, 0x6A, 0x02, 0x5C, 0x02, 0x4E, 0x02, 0x40, 0x02, 0x2C,
    0x02, 0x4E, 0x01, 0xE4, 0x01, 0xD6, 0x01, 0x98, 0x01, 0x76, 0x01, 0x5E, 0x01, 0x50, 0x01, 0x24,
    0x00, 0xFC, 0x00, 0x3A, 0x00, 0x01, 0x00, 0x00, 0x00, 0x01, 0x00, 0x08, 0x00, 0x02, 0x00, 0x5E,
    0x00, 0x2C, 0x00, 0x84, 0x00, 0x85, 0x00, 0x86, 0x00, 0x87, 0x00, 0x88, 0x00, 0x89, 0x00, 0x8A,
    0x01, 0x10, 0x01, 0x11, 0x01, 0x12, 0x01, 0x13, 0x01, 0x14, 0x01, 0x15, 0x01, 0x16, 0x01, 0x17,
    0x01, 0x18, 0x01, 0x19, 0x01, 0x1A, 0x01, 0x1B, 0x01, 0x1C, 0x01, 0x1D, 0x01, 0x1E, 0x01, 0x1F,
    0x01, 0x20, 0x01, 0x21, 0x01, 0x22, 0x01, 0x23, 0x01, 0x24, 0x01, 0x25, 0x01, 0x26, 0x01, 0x27,
    0x01, 0x28, 0x01, 0x29, 0x01, 0x2A, 0x01, 0x2B, 0x01, 0x2C, 0x01, 0x2D, 0x01, 0x2E, 0x01, 0x2F,
    0x01, 0x30, 0x01, 0x3E, 0x01, 0x3F, 0x01, 0x40, 0x01, 0xE5, 0x00, 0x01, 0x00, 0x2C, 0x00, 0x0C,
    0x00, 0x13, 0x00, 0x17, 0x00, 0x22, 0x00, 0x53, 0x00, 0x55, 0x00, 0x56, 0x00, 0x8B, 0x00, 0x8C,
    0x00, 0x8D, 0x00, 0x8E, 0x00, 0x8F, 0x00, 0x90, 0x00, 0x91, 0x00, 0x92, 0x00, 0x93, 0x00, 0x94,
    0x00, 0xA1, 0x00, 0xA2, 0x00, 0xA3, 0x00, 0xA4, 0x00, 0xA5, 0x00, 0xA6, 0x00, 0xA7, 0x00, 0xA8,
    0x00, 0xA9, 0x00, 0xAA, 0x00, 0xAC, 0x00, 0xB7, 0x00, 0xC3, 0x00, 0xED, 0x00, 0xEE, 0x00, 0xEF,
    0x00, 0xF0, 0x01, 0x03, 0x01, 0x04, 0x01, 0x05, 0x01, 0x06, 0x01, 0x07, 0x01, 0x08, 0x01, 0x35,
    0x01, 0x36, 0x01, 0x3B, 0x01, 0xDA, 0x00, 0x04, 0x00, 0x08, 0x00, 0x01, 0x00, 0x08, 0x00, 0x01,
    0x00, 0x1A, 0x00, 0x01, 0x00, 0x08, 0x00, 0x01, 0x00, 0x04, 0x01, 0x31, 0x00, 0x06, 0x00, 0xED,
    0x00, 0x8B, 0x00, 0x97, 0x00, 0xC7, 0x01, 0x03, 0x00, 0x01, 0x00, 0x01, 0x00, 0xE6, 0x00, 0x01,
    0x00, 0x00, 0x00, 0x01, 0x00, 0x08, 0x00, 0x02, 0x00, 0x14, 0x00, 0x07, 0x01, 0x89, 0x01, 0x8A,
    0x01, 0x8B, 0x01, 0x8C, 0x01, 0x8D, 0x01, 0x8E, 0x01, 0xAB, 0x00, 0x02, 0x00, 0x02, 0x01, 0x83,
    0x01, 0x88, 0x00, 0x00, 0x01, 0xAA, 0x01, 0xAA, 0x00, 0x06, 0x00, 0x01, 0x00, 0x00, 0x00, 0x01,
    0x00, 0x08, 0x00, 0x01, 0x01, 0x20, 0x00, 0x0D, 0x00, 0x01, 0x00, 0x00, 0x00, 0x01, 0x00, 0x08,
    0x00, 0x01, 0x00, 0x06, 0xFF, 0xF3, 0x00, 0x02, 0x00, 0x01, 0x01, 0x41, 0x01, 0x4A, 0x00, 0x00,
    0x00, 0x01, 0x00, 0x00, 0x00, 0x01, 0x00, 0x08, 0x00, 0x02, 0x00, 0x0E, 0x00, 0x04, 0x01, 0x32,
    0x01, 0x33, 0x01, 0x32, 0x01, 0x33, 0x00, 0x01, 0x00, 0x04, 0x00, 0x01, 0x00, 0x48, 0x00, 0x8B,
    0x00, 0xD4, 0x00, 0x06, 0x00, 0x00, 0x00, 0x02, 0x00, 0x24, 0x00, 0x0A, 0x00, 0x03, 0x00, 0x01,
    0x00, 0xD6, 0x00, 0x01, 0x00, 0x12, 0x00, 0x00, 0x00, 0x01, 0x00, 0x00, 0x00, 0x16, 0x00, 0x01,
    0x00, 0x02, 0x00, 0x48, 0x00, 0xD4, 0x00, 0x03, 0x00, 0x01, 0x00, 0xBC, 0x00, 0x01, 0x00, 0x12,
    0x00, 0x00, 0x00, 0x01, 0x00, 0x00, 0x00, 0x16, 0x00, 0x01, 0x00, 0x02, 0x00, 0x01, 0x00, 0x8B,
    0x00, 0x01, 0x00, 0x00, 0x00, 0x01, 0x00, 0x08, 0x00, 0x01, 0x00, 0x3E, 0xFF, 0xF6, 0x00, 0x06,
    0x00, 0x00, 0x00, 0x02, 0x00, 0x26, 0x00, 0x0A, 0x00, 0x03, 0x00, 0x01, 0x00, 0x12, 0x00, 0x01,
    0x00, 0x2E, 0x00, 0x00, 0x00, 0x01, 0x00, 0x00, 0x00, 0x14, 0x00, 0x02, 0x00, 0x01, 0x01, 0x4B,
    0x01, 0x54, 0x00, 0x00, 0x00, 0x03, 0x00, 0x01, 0x00, 0x1C, 0x00, 0x01, 0x00, 0x12, 0x00, 0x00,
    0x00, 0x01, 0x00, 0x00, 0x00, 0x14, 0x00, 0x02, 0x00, 0x01, 0x01, 0x55, 0x01, 0x5E, 0x00, 0x00,
    0x00, 0x01, 0x00, 0x01, 0x01, 0x5F, 0x00, 0x01, 0x00, 0x00, 0x00, 0x01, 0x00, 0x08, 0x00, 0x01,
    0x00, 0x06, 0xFF, 0xB7, 0x00, 0x01, 0x00, 0x01, 0x01, 0xA8, 0x00, 0x01, 0x00, 0x00, 0x00, 0x01,
    0x00, 0x08, 0x00, 0x01, 0x00, 0x30, 0x00, 0x17, 0x00, 0x01, 0x00, 0x00, 0x00, 0x01, 0x00, 0x08,
    0x00, 0x01, 0x00, 0x22, 0x00, 0x21, 0x00, 0x01, 0x00, 0x00, 0x00, 0x01, 0x00, 0x08, 0x00, 0x01,
    0x00, 0x14, 0x00, 0x3D, 0x00, 0x01, 0x00, 0x00, 0x00, 0x01, 0x00, 0x08, 0x00, 0x01, 0x00, 0x06,
    0x00, 0x33, 0x00, 0x02, 0x00, 0x01, 0x01, 0x34, 0x01, 0x3D, 0x00, 0x00, 0x00, 0x01, 0x00, 0x00,
    0x00, 0x01, 0x00, 0x08, 0x00, 0x02, 0x00, 0x1C, 0x00, 0x02, 0x00, 0x39, 0x00, 0xC5, 0x00, 0x06,
    0x00, 0x00, 0x00, 0x01, 0x00, 0x08, 0x00, 0x01, 0x00, 0x0A, 0x00, 0x02, 0x00, 0x24, 0x00, 0x12,
    0x00, 0x01, 0x00, 0x02, 0x00, 0x38, 0x00, 0xC3, 0x00, 0x01, 0x00, 0x04, 0x00, 0x01, 0x00, 0xB9,
    0x00, 0x01, 0x00, 0x00, 0x00, 0x01, 0x00, 0x00, 0x00, 0x0B, 0x00, 0x01, 0x00, 0x04, 0x00, 0x01,
    0x00, 0x2F, 0x00, 0x01, 0x00, 0x00, 0x00, 0x01, 0x00, 0x00, 0x00, 0x0B, 0x00, 0x01, 0x00, 0x00,
    0x00, 0x01, 0x00, 0x08, 0x00, 0x01, 0x00, 0x24, 0x00, 0x07, 0x00, 0x01, 0x00, 0x00, 0x00, 0x01,
    0x00, 0x08, 0x00, 0x01, 0x00, 0x16, 0x00, 0x06, 0x00, 0x06, 0x00, 0x00, 0x00, 0x01, 0x00, 0x08,
    0x00, 0x01, 0x00, 0x08, 0x00, 0x01, 0x00, 0x0E, 0x00, 0x01, 0x00, 0x01, 0x01, 0xA4, 0x00, 0x02,
    0x00, 0x16, 0x00, 0x06, 0x00, 0x01, 0x00, 0x3D, 0x00, 0x01, 0x00, 0x01, 0x00, 0x3D, 0x00, 0x01,
    0x00, 0x00, 0x00, 0x09, 0x00, 0x01, 0x00, 0xC9, 0x00, 0x01, 0x00, 0x01, 0x00, 0xC9, 0x00, 0x01,
    0x00, 0x00, 0x00, 0x08, 0x00, 0x01, 0x00, 0x00, 0x00, 0x01, 0x00, 0x08, 0x00, 0x02, 0x00, 0x0E,
    0x00, 0x04, 0x00, 0x82, 0x00, 0x83, 0x01, 0x0E, 0x01, 0x0F, 0x00, 0x01, 0x00, 0x04, 0x00, 0x40,
    0x00, 0x46, 0x00, 0xCC, 0x00, 0xD2, 0x00, 0x01, 0x00, 0x00, 0x00, 0x01, 0x00, 0x08, 0x00, 0x02,
    0x00, 0x0E, 0x00, 0x04, 0x00, 0x5F, 0x00, 0x64, 0x00, 0xEB, 0x00, 0xF0, 0x00, 0x01, 0x00, 0x04,
    0x00, 0x5D, 0x00, 0x63, 0x00, 0xE9, 0x00, 0xEF, 0x00, 0x01, 0x00, 0x00, 0x00, 0x01, 0x00, 0x08,
    0x00, 0x01, 0x00, 0x64, 0x00, 0x06, 0x00, 0x01, 0x00, 0x10, 0x00, 0x01, 0x00, 0x0A, 0x00, 0x00,
    0x00, 0x01, 0x00, 0x06, 0x00, 0x01, 0x00, 0x01, 0x00, 0x02, 0x00, 0xB7, 0x00, 0xC3, 0x00, 0x06,
    0x00, 0x10, 0x00, 0x02, 0x00, 0x24, 0x00, 0x0C, 0x00, 0x00, 0x00, 0x03, 0x00, 0x00, 0x00, 0x01,
    0x00, 0x12, 0x00, 0x01, 0x00, 0x2A, 0x00, 0x01, 0x00, 0x00, 0x00, 0x03, 0x00, 0x01, 0x00, 0x01,
    0x00, 0xC3, 0x00, 0x03, 0x00, 0x00, 0x00, 0x01, 0x00, 0x22, 0x00, 0x01, 0x00, 0x12, 0x00, 0x01,
    0x00, 0x00, 0x00, 0x03, 0x00, 0x02, 0x00, 0x02, 0x01, 0xE6, 0x01, 0xEA, 0x00, 0x00, 0x01, 0xEC,
    0x01, 0xF2, 0x00, 0x05, 0x00, 0x01, 0x00, 0x01, 0x00, 0xB7, 0x00, 0x03, 0x00, 0x00, 0x00, 0x01,
    0x00, 0x08, 0x00, 0x01, 0x00, 0x24, 0x00, 0x0F, 0x00, 0xDC, 0x00, 0xD6, 0x00, 0xD0, 0x00, 0xCA,
    0x00, 0xBE, 0x00, 0xB0, 0x00, 0xA2, 0x00, 0x96, 0x00, 0x8A, 0x00, 0x7E, 0x00, 0x72, 0x00, 0x64,
    0x00, 0x58, 0x00, 0x4C, 0x00, 0x46, 0x00, 0x01, 0x00, 0x0F, 0x00, 0x8B, 0x00, 0xB7, 0x00, 0xC3,
    0x00, 0xEF, 0x01, 0x34, 0x01, 0x35, 0x01, 0x36, 0x01, 0x37, 0x01, 0x38, 0x01, 0x39, 0x01, 0x3A,
    0x01, 0x3B, 0x01, 0x3C, 0x01, 0x3D, 0x01, 0xA4, 0x00, 0x02, 0x01, 0xAA, 0x01, 0xAB, 0x00, 0x05,
    0x01, 0x70, 0x01, 0x7A, 0x01, 0x5E, 0x01, 0x54, 0x01, 0x4A, 0x00, 0x05, 0x01, 0x6F, 0x01, 0x79,
    0x01, 0x5D, 0x01, 0x53, 0x01, 0x49, 0x00, 0x06, 0x01, 0x6E, 0x01, 0x78, 0x01, 0x5C, 0x01, 0x52,
    0x01, 0x48, 0x01, 0x40, 0x00, 0x05, 0x01, 0x6D, 0x01, 0x77, 0x01, 0x5B, 0x01, 0x51, 0x01, 0x47,
    0x00, 0x05, 0x01, 0x6C, 0x01, 0x76, 0x01, 0x5A, 0x01, 0x50, 0x01, 0x46, 0x00, 0x05, 0x01, 0x6B,
    0x01, 0x75, 0x01, 0x59, 0x01, 0x4F, 0x01, 0x45, 0x00, 0x05, 0x01, 0x6A, 0x01, 0x74, 0x01, 0x58,
    0x01, 0x4E, 0x01, 0x44, 0x00, 0x06, 0x01, 0x69, 0x01, 0x73, 0x01, 0x57, 0x01, 0x4D, 0x01, 0x43,
    0x01, 0x3F, 0x00, 0x06, 0x01, 0x68, 0x01, 0x72, 0x01, 0x56, 0x01, 0x4C, 0x01, 0x42, 0x01, 0x3E,
    0x00, 0x05, 0x01, 0x67, 0x01, 0x71, 0x01, 0x55, 0x01, 0x4B, 0x01, 0x41, 0x00, 0x02, 0x00, 0xF0,
    0x01, 0x29, 0x00, 0x02, 0x00, 0xC5, 0x01, 0x26, 0x00, 0x02, 0x00, 0xBD, 0x01, 0x25, 0x00, 0x02,
    0x01, 0x32, 0x01, 0x10, 0x00, 0x01, 0x00, 0x00, 0x00, 0x01, 0x00, 0x08, 0x00, 0x02, 0x00, 0x9E,
    0x00, 0x4C, 0x01, 0x32, 0x00, 0x84, 0x00, 0x85, 0x00, 0x86, 0x00, 0x87, 0x00, 0x39, 0x00, 0x82,
    0x00, 0x83, 0x01, 0x33, 0x00, 0x88, 0x00, 0x89, 0x00, 0x8A, 0x00, 0x5F, 0x00, 0x64, 0x01, 0x11,
    0x01, 0x12, 0x01, 0x13, 0x01, 0x14, 0x01, 0x15, 0x01, 0x16, 0x01, 0x17, 0x01, 0x18, 0x01, 0x19,
    0x01, 0x1A, 0x01, 0x1B, 0x01, 0x1C, 0x01, 0x1D, 0x01, 0x1E, 0x01, 0x1F, 0x01, 0x20, 0x01, 0x21,
    0x01, 0x22, 0x01, 0x23, 0x01, 0x24, 0x01, 0x0E, 0x01, 0x0F, 0x01, 0x33, 0x00, 0xEB, 0x01, 0x27,
    0x01, 0x28, 0x01, 0x2A, 0x01, 0x2B, 0x01, 0x2C, 0x01, 0x2D, 0x01, 0x2E, 0x01, 0x2F, 0x01, 0x30,
    0x01, 0x34, 0x01, 0x35, 0x01, 0x36, 0x01, 0x37, 0x01, 0x38, 0x01, 0x39, 0x01, 0x3A, 0x01, 0x3B,
    0x01, 0x3C, 0x01, 0x3D, 0x01, 0x4B, 0x01, 0x4C, 0x01, 0x4D, 0x01, 0x4E, 0x01, 0x4F, 0x01, 0x50,
    0x01, 0x51, 0x01, 0x52, 0x01, 0x53, 0x01, 0x54, 0x01, 0x89, 0x01, 0x8A, 0x01, 0x8B, 0x01, 0x8C,
    0x01, 0x8D, 0x01, 0x8E, 0x01, 0x5F, 0x01, 0xAB, 0x01, 0xE5, 0x00, 0x01, 0x00, 0x4C, 0x00, 0x01,
    0x00, 0x0C, 0x00, 0x13, 0x00, 0x17, 0x00, 0x22, 0x00, 0x38, 0x00, 0x40, 0x00, 0x46, 0x00, 0x48,
    0x00, 0x53, 0x00, 0x55, 0x00, 0x56, 0x00, 0x5D, 0x00, 0x63, 0x00, 0x8C, 0x00, 0x8D, 0x00, 0x8E,
    0x00, 0x8F, 0x00, 0x90, 0x00, 0x91, 0x00, 0x92, 0x00, 0x93, 0x00, 0x94, 0x00, 0xA1, 0x00, 0xA2,
    0x00, 0xA3, 0x00, 0xA4, 0x00, 0xA5, 0x00, 0xA6, 0x00, 0xA7, 0x00, 0xA8, 0x00, 0xA9, 0x00, 0xAA,
    0x00, 0xAC, 0x00, 0xCC, 0x00, 0xD2, 0x00, 0xD4, 0x00, 0xE9, 0x00, 0xED, 0x00, 0xEE, 0x00, 0xF0,
    0x01, 0x03, 0x01, 0x04, 0x01, 0x05, 0x01, 0x06, 0x01, 0x07, 0x01, 0x08, 0x01, 0x41, 0x01, 0x42,
    0x01, 0x43, 0x01, 0x44, 0x01, 0x45, 0x01, 0x46, 0x01, 0x47, 0x01, 0x48, 0x01, 0x49, 0x01, 0x4A,
    0x01, 0x55, 0x01, 0x56, 0x01, 0x57, 0x01, 0x58, 0x01, 0x59, 0x01, 0x5A, 0x01, 0x5B, 0x01, 0x5C,
    0x01, 0x5D, 0x01, 0x5E, 0x01, 0x83, 0x01, 0x84, 0x01, 0x85, 0x01, 0x86, 0x01, 0x87, 0x01, 0x88,
    0x01, 0xA8, 0x01, 0xAA, 0x01, 0xDA, 0x00, 0x00, 0x00, 0x02, 0x00, 0x00, 0x00, 0x00, 0x00, 0x00,
    0xFF, 0x9C, 0x00, 0x32, 0x00, 0x00, 0x00, 0x00, 0x00, 0x00, 0x00, 0x00, 0x00, 0x00, 0x00, 0x00,
    0x00, 0x00, 0x00, 0x00, 0x00, 0x00, 0x00, 0x00, 0x02, 0x08, 0x00, 0x00, 0x00, 0x24, 0x00, 0xC9,
    0x01, 0x02, 0x00, 0xC7, 0x00, 0x62, 0x00, 0xAD, 0x01, 0x03, 0x01, 0x04, 0x00, 0x63, 0x00, 0xAE,
    0x00, 0x90, 0x00, 0x25, 0x00, 0x26, 0x00, 0xFD, 0x00, 0xFF, 0x00, 0x64, 0x01, 0x05, 0x01, 0x06,
    0x00, 0x27, 0x01, 0x07, 0x01, 0x08, 0x00, 0xE9, 0x00, 0x28, 0x00, 0x65, 0x01, 0x09, 0x00, 0xC8,
    0x00, 0xCA, 0x01, 0x0A, 0x00, 0xCB, 0x01, 0x0B, 0x01, 0x0C, 0x01, 0x0D, 0x01, 0x0E, 0x00, 0x29,
    0x00, 0x2A, 0x00, 0xF8, 0x01, 0x0F, 0x01, 0x10, 0x01, 0x11, 0x01, 0x12, 0x01, 0x13, 0x00, 0x2B,
    0x01, 0x14, 0x01, 0x15, 0x00, 0x2C, 0x01, 0x16, 0x00, 0xCC, 0x01, 0x17, 0x00, 0xCD, 0x00, 0xCE,
    0x00, 0xFA, 0x00, 0xCF, 0x01, 0x18, 0x01, 0x19, 0x01, 0x1A, 0x00, 0x2D, 0x01, 0x1B, 0x01, 0x1C,
    0x00, 0x2E, 0x01, 0x1D, 0x00, 0x2F, 0x01, 0x1E, 0x01, 0x1F, 0x01, 0x20, 0x00, 0xE2, 0x00, 0x30,
    0x00, 0x31, 0x01, 0x21, 0x01, 0x22, 0x01, 0x23, 0x00, 0x66, 0x00, 0x32, 0x00, 0xD0, 0x01, 0x24,
    0x00, 0xD1, 0x00, 0x67, 0x00, 0xD3, 0x01, 0x25, 0x01, 0x26, 0x00, 0x91, 0x00, 0xAF, 0x00, 0xB0,
    0x00, 0x33, 0x00, 0xED, 0x00, 0x34, 0x00, 0x35, 0x01, 0x27, 0x01, 0x28, 0x01, 0x29, 0x00, 0x36,
    0x01, 0x2A, 0x00, 0xE4, 0x00, 0xFB, 0x01, 0x2B, 0x01, 0x2C, 0x01, 0x2D, 0x00, 0x37, 0x01, 0x2E,
    0x01, 0x2F, 0x01, 0x30, 0x00, 0x38, 0x00, 0xD4, 0x01, 0x31, 0x00, 0xD5, 0x00, 0x68, 0x00, 0xD6,
    0x01, 0x32, 0x01, 0x33, 0x01, 0x34, 0x01, 0x35, 0x01, 0x36, 0x00, 0x39, 0x00, 0x3A, 0x01, 0x37,
    0x01, 0x38, 0x01, 0x39, 0x01, 0x3A, 0x00, 0x3B, 0x00, 0x3C, 0x00, 0xEB, 0x01, 0x3B, 0x00, 0xBB,
    0x01, 0x3C, 0x01, 0x3D, 0x00, 0x3D, 0x01, 0x3E, 0x00, 0xE6, 0x01, 0x3F, 0x01, 0x40, 0x01, 0x41,
    0x01, 0x42, 0x01, 0x43, 0x01, 0x44, 0x01, 0x45, 0x01, 0x46, 0x01, 0x47, 0x01, 0x48, 0x01, 0x49,
    0x00, 0x44, 0x00, 0x69, 0x01, 0x4A, 0x00, 0x6B, 0x00, 0x6C, 0x00, 0x6A, 0x01, 0x4B, 0x01, 0x4C,
    0x00, 0x6E, 0x00, 0x6D, 0x00, 0xA0, 0x00, 0x45, 0x00, 0x46, 0x00, 0xFE, 0x01, 0x00, 0x00, 0x6F,
    0x01, 0x4D, 0x01, 0x4E, 0x00, 0x47, 0x01, 0x4F, 0x01, 0x01, 0x00, 0xEA, 0x00, 0x48, 0x00, 0x70,
    0x01, 0x50, 0x00, 0x72, 0x00, 0x73, 0x01, 0x51, 0x00, 0x71, 0x01, 0x52, 0x01, 0x53, 0x01, 0x54,
    0x01, 0x55, 0x00, 0x49, 0x00, 0x4A, 0x00, 0xF9, 0x01, 0x56, 0x01, 0x57, 0x01, 0x58, 0x01, 0x59,
    0x01, 0x5A, 0x00, 0x4B, 0x01, 0x5B, 0x01, 0x5C, 0x00, 0x4C, 0x00, 0xD7, 0x00, 0x74, 0x01, 0x5D,
    0x00, 0x76, 0x00, 0x77, 0x01, 0x5E, 0x00, 0x75, 0x01, 0x5F, 0x01, 0x60, 0x01, 0x61, 0x01, 0x62,
    0x00, 0x4D, 0x01, 0x63, 0x01, 0x64, 0x01, 0x65, 0x00, 0x4E, 0x01, 0x66, 0x00, 0x4F, 0x01, 0x67,
    0x01, 0x68, 0x01, 0x69, 0x00, 0xE3, 0x00, 0x50, 0x00, 0x51, 0x01, 0x6A, 0x01, 0x6B, 0x01, 0x6C,
    0x00, 0x78, 0x00, 0x52, 0x00, 0x79, 0x01, 0x6D, 0x00, 0x7B, 0x00, 0x7C, 0x00, 0x7A, 0x01, 0x6E,
    0x01, 0x6F, 0x00, 0xA1, 0x00, 0x7D, 0x00, 0xB1, 0x00, 0x53, 0x00, 0xEE, 0x00, 0x54, 0x00, 0x55,
    0x01, 0x70, 0x01, 0x71, 0x01, 0x72, 0x00, 0x56, 0x01, 0x73, 0x00, 0xE5, 0x00, 0xFC, 0x01, 0x74,
    0x01, 0x75, 0x00, 0x89, 0x00, 0x57, 0x01, 0x76, 0x01, 0x77, 0x01, 0x78, 0x00, 0x58, 0x00, 0x7E,
    0x01, 0x79, 0x00, 0x80, 0x00, 0x81, 0x00, 0x7F, 0x01, 0x7A, 0x01, 0x7B, 0x01, 0x7C, 0x01, 0x7D,
    0x01, 0x7E, 0x00, 0x59, 0x00, 0x5A, 0x01, 0x7F, 0x01, 0x80, 0x01, 0x81, 0x01, 0x82, 0x00, 0x5B,
    0x00, 0x5C, 0x00, 0xEC, 0x01, 0x83, 0x00, 0xBA, 0x01, 0x84, 0x01, 0x85, 0x00, 0x5D, 0x01, 0x86,
    0x00, 0xE7, 0x01, 0x87, 0x01, 0x88, 0x01, 0x89, 0x01, 0x8A, 0x01, 0x8B, 0x01, 0x8C, 0x01, 0x8D,
    0x01, 0x8E, 0x01, 0x8F, 0x01, 0x90, 0x01, 0x91, 0x01, 0x92, 0x01, 0x93, 0x01, 0x94, 0x01, 0x95,
    0x01, 0x96, 0x01, 0x97, 0x01, 0x98, 0x01, 0x99, 0x01, 0x9A, 0x01, 0x9B, 0x01, 0x9C, 0x01, 0x9D,
    0x01, 0x9E, 0x01, 0x9F, 0x01, 0xA0, 0x01, 0xA1, 0x01, 0xA2, 0x01, 0xA3, 0x01, 0xA4, 0x01, 0xA5,
    0x01, 0xA6, 0x01, 0xA7, 0x01, 0xA8, 0x01, 0xA9, 0x01, 0xAA, 0x01, 0xAB, 0x01, 0xAC, 0x00, 0x9D,
    0x00, 0x9E, 0x00, 0x13, 0x00, 0x14, 0x00, 0x15, 0x00, 0x16, 0x00, 0x17, 0x00, 0x18, 0x00, 0x19,
    0x00, 0x1A, 0x00, 0x1B, 0x00, 0x1C, 0x01, 0xAD, 0x01, 0xAE, 0x01, 0xAF, 0x01, 0xB0, 0x01, 0xB1,
    0x01, 0xB2, 0x01, 0xB3, 0x01, 0xB4, 0x01, 0xB5, 0x01, 0xB6, 0x01, 0xB7, 0x01, 0xB8, 0x01, 0xB9,
    0x01, 0xBA, 0x01, 0xBB, 0x01, 0xBC, 0x01, 0xBD, 0x01, 0xBE, 0x01, 0xBF, 0x01, 0xC0, 0x01, 0xC1,
    0x01, 0xC2, 0x01, 0xC3, 0x01, 0xC4, 0x01, 0xC5, 0x01, 0xC6, 0x01, 0xC7, 0x01, 0xC8, 0x01, 0xC9,
    0x01, 0xCA, 0x01, 0xCB, 0x01, 0xCC, 0x01, 0xCD, 0x00, 0xBC, 0x00, 0xF4, 0x00, 0xF5, 0x00, 0xF6,
    0x01, 0xCE, 0x01, 0xCF, 0x01, 0xD0, 0x01, 0xD1, 0x01, 0xD2, 0x01, 0xD3, 0x01, 0xD4, 0x01, 0xD5,
    0x01, 0xD6, 0x01, 0xD7, 0x01, 0xD8, 0x01, 0xD9, 0x01, 0xDA, 0x01, 0xDB, 0x01, 0xDC, 0x01, 0xDD,
    0x01, 0xDE, 0x01, 0xDF, 0x01, 0xE0, 0x01, 0xE1, 0x01, 0xE2, 0x01, 0xE3, 0x01, 0xE4, 0x01, 0xE5,
    0x00, 0x03, 0x01, 0xE6, 0x01, 0xE7, 0x01, 0xE8, 0x00, 0x10, 0x00, 0xB2, 0x00, 0xB3, 0x00, 0x42,
    0x00, 0x0B, 0x00, 0x0C, 0x00, 0x5E, 0x00, 0x60, 0x00, 0x3E, 0x00, 0x40, 0x01, 0xE9, 0x01, 0xEA,
    0x01, 0xEB, 0x01, 0xEC, 0x01, 0xED, 0x01, 0xEE, 0x00, 0xC4, 0x00, 0xC5, 0x00, 0xB4, 0x00, 0xB5,
    0x00, 0xB6, 0x00, 0xB7, 0x00, 0xA9, 0x00, 0xAA, 0x00, 0xBE, 0x00, 0xBF, 0x00, 0x05, 0x00, 0x0A,
    0x00, 0x11, 0x00, 0x0F, 0x00, 0x1D, 0x00, 0x1E, 0x00, 0xAB, 0x00, 0x04, 0x00, 0xA3, 0x00, 0x22,
    0x00, 0xA2, 0x00, 0xC3, 0x00, 0x87, 0x00, 0x0D, 0x00, 0x06, 0x00, 0x12, 0x00, 0x3F, 0x01, 0xEF,
    0x01, 0xF0, 0x01, 0xF1, 0x00, 0x84, 0x00, 0xBD, 0x00, 0x07, 0x01, 0xF2, 0x01, 0xF3, 0x01, 0xF4,
    0x01, 0xF5, 0x01, 0xF6, 0x00, 0x85, 0x01, 0xF7, 0x00, 0x96, 0x00, 0x0E, 0x00, 0xEF, 0x00, 0xF0,
    0x00, 0xB8, 0x00, 0x20, 0x00, 0x8F, 0x00, 0x21, 0x00, 0x1F, 0x00, 0x95, 0x00, 0x94, 0x00, 0x93,
    0x00, 0xA7, 0x00, 0x61, 0x00, 0xA4, 0x00, 0x41, 0x00, 0x92, 0x00, 0x9C, 0x00, 0x9A, 0x00, 0x99,
    0x00, 0xA5, 0x00, 0x98, 0x00, 0x08, 0x00, 0xC6, 0x01, 0xF8, 0x01, 0xF9, 0x01, 0xFA, 0x01, 0xFB,
    0x01, 0xFC, 0x01, 0xFD, 0x01, 0xFE, 0x01, 0xFF, 0x02, 0x00, 0x02, 0x01, 0x00, 0x23, 0x00, 0x09,
    0x00, 0x88, 0x00, 0x86, 0x00, 0x8B, 0x00, 0x8A, 0x00, 0x8C, 0x00, 0x83, 0x00, 0x5F, 0x00, 0xE8,
    0x00, 0x82, 0x00, 0xC2, 0x02, 0x02, 0x02, 0x03, 0x02, 0x04, 0x02, 0x05, 0x02, 0x06, 0x02, 0x07,
    0x02, 0x08, 0x02, 0x09, 0x02, 0x0A, 0x02, 0x0B, 0x02, 0x0C, 0x02, 0x0D, 0x02, 0x0E, 0x02, 0x0F,
    0x02, 0x10, 0x02, 0x11, 0x02, 0x12, 0x02, 0x13, 0x02, 0x14, 0x02, 0x15, 0x02, 0x16, 0x02, 0x17,
    0x00, 0x8E, 0x00, 0xDC, 0x00, 0x43, 0x00, 0x8D, 0x00, 0xDF, 0x00, 0xD8, 0x00, 0xE1, 0x00, 0xDB,
    0x00, 0xDD, 0x00, 0xD9, 0x00, 0xDA, 0x00, 0xDE, 0x00, 0xE0, 0x06, 0x41, 0x62, 0x72, 0x65, 0x76,
    0x65, 0x07, 0x41, 0x6D, 0x61, 0x63, 0x72, 0x6F, 0x6E, 0x07, 0x41, 0x6F, 0x67, 0x6F, 0x6E, 0x65,
    0x6B, 0x0B, 0x43, 0x63, 0x69, 0x72, 0x63, 0x75, 0x6D, 0x66, 0x6C, 0x65, 0x78, 0x0A, 0x43, 0x64,
    0x6F, 0x74, 0x61, 0x63, 0x63, 0x65, 0x6E, 0x74, 0x06, 0x44, 0x63, 0x61, 0x72, 0x6F, 0x6E, 0x06,
    0x44, 0x63, 0x72, 0x6F, 0x61, 0x74, 0x06, 0x45, 0x63, 0x61, 0x72, 0x6F, 0x6E, 0x0A, 0x45, 0x64,
    0x6F, 0x74, 0x61, 0x63, 0x63, 0x65, 0x6E, 0x74, 0x07, 0x45, 0x6D, 0x61, 0x63, 0x72, 0x6F, 0x6E,
    0x07, 0x45, 0x6F, 0x67, 0x6F, 0x6E, 0x65, 0x6B, 0x07, 0x75, 0x6E, 0x69, 0x31, 0x45, 0x42, 0x43,
    0x07, 0x75, 0x6E, 0x69, 0x30, 0x31, 0x38, 0x46, 0x06, 0x47, 0x63, 0x61, 0x72, 0x6F, 0x6E, 0x0B,
    0x47, 0x63, 0x69, 0x72, 0x63, 0x75, 0x6D, 0x66, 0x6C, 0x65, 0x78, 0x07, 0x75, 0x6E, 0x69, 0x30,
    0x31, 0x32, 0x32, 0x0A, 0x47, 0x64, 0x6F, 0x74, 0x61, 0x63, 0x63, 0x65, 0x6E, 0x74, 0x07, 0x75,
    0x6E, 0x69, 0x31, 0x45, 0x32, 0x30, 0x04, 0x48, 0x62, 0x61, 0x72, 0x0B, 0x48, 0x63, 0x69, 0x72,
    0x63, 0x75, 0x6D, 0x66, 0x6C, 0x65, 0x78, 0x02, 0x49, 0x4A, 0x06, 0x49, 0x62, 0x72, 0x65, 0x76,
    0x65, 0x07, 0x49, 0x6D, 0x61, 0x63, 0x72, 0x6F, 0x6E, 0x07, 0x49, 0x6F, 0x67, 0x6F, 0x6E, 0x65,
    0x6B, 0x06, 0x49, 0x74, 0x69, 0x6C, 0x64, 0x65, 0x0B, 0x75, 0x6E, 0x69, 0x30, 0x30, 0x34, 0x41,
    0x30, 0x33, 0x30, 0x31, 0x0B, 0x4A, 0x63, 0x69, 0x72, 0x63, 0x75, 0x6D, 0x66, 0x6C, 0x65, 0x78,
    0x07, 0x75, 0x6E, 0x69, 0x30, 0x31, 0x33, 0x36, 0x06, 0x4C, 0x61, 0x63, 0x75, 0x74, 0x65, 0x06,
    0x4C, 0x63, 0x61, 0x72, 0x6F, 0x6E, 0x07, 0x75, 0x6E, 0x69, 0x30, 0x31, 0x33, 0x42, 0x06, 0x4E,
    0x61, 0x63, 0x75, 0x74, 0x65, 0x06, 0x4E, 0x63, 0x61, 0x72, 0x6F, 0x6E, 0x07, 0x75, 0x6E, 0x69,
    0x30, 0x31, 0x34, 0x35, 0x06, 0x4F, 0x62, 0x72, 0x65, 0x76, 0x65, 0x0D, 0x4F, 0x68, 0x75, 0x6E,
    0x67, 0x61, 0x72, 0x75, 0x6D, 0x6C, 0x61, 0x75, 0x74, 0x07, 0x4F, 0x6D, 0x61, 0x63, 0x72, 0x6F,
    0x6E, 0x06, 0x52, 0x61, 0x63, 0x75, 0x74, 0x65, 0x06, 0x52, 0x63, 0x61, 0x72, 0x6F, 0x6E, 0x07,
    0x75, 0x6E, 0x69, 0x30, 0x31, 0x35, 0x36, 0x06, 0x53, 0x61, 0x63, 0x75, 0x74, 0x65, 0x0B, 0x53,
    0x63, 0x69, 0x72, 0x63, 0x75, 0x6D, 0x66, 0x6C, 0x65, 0x78, 0x07, 0x75, 0x6E, 0x69, 0x30, 0x32,
    0x31, 0x38, 0x07, 0x75, 0x6E, 0x69, 0x31, 0x45, 0x39, 0x45, 0x06, 0x54, 0x63, 0x61, 0x72, 0x6F,
    0x6E, 0x07, 0x75, 0x6E, 0x69, 0x30, 0x31, 0x36, 0x32, 0x07, 0x75, 0x6E, 0x69, 0x30, 0x32, 0x31,
    0x41, 0x06, 0x55, 0x62, 0x72, 0x65, 0x76, 0x65, 0x0D, 0x55, 0x68, 0x75, 0x6E, 0x67, 0x61, 0x72,
    0x75, 0x6D, 0x6C, 0x61, 0x75, 0x74, 0x07, 0x55, 0x6D, 0x61, 0x63, 0x72, 0x6F, 0x6E, 0x07, 0x55,
    0x6F, 0x67, 0x6F, 0x6E, 0x65, 0x6B, 0x05, 0x55, 0x72, 0x69, 0x6E, 0x67, 0x06, 0x55, 0x74, 0x69,
    0x6C, 0x64, 0x65, 0x06, 0x57, 0x61, 0x63, 0x75, 0x74, 0x65, 0x0B, 0x57, 0x63, 0x69, 0x72, 0x63,
    0x75, 0x6D, 0x66, 0x6C, 0x65, 0x78, 0x09, 0x57, 0x64, 0x69, 0x65, 0x72, 0x65, 0x73, 0x69, 0x73,
    0x06, 0x57, 0x67, 0x72, 0x61, 0x76, 0x65, 0x0B, 0x59, 0x63, 0x69, 0x72, 0x63, 0x75, 0x6D, 0x66,
    0x6C, 0x65, 0x78, 0x06, 0x59, 0x67, 0x72, 0x61, 0x76, 0x65, 0x07, 0x75, 0x6E, 0x69, 0x31, 0x45,
    0x46, 0x38, 0x06, 0x5A, 0x61, 0x63, 0x75, 0x74, 0x65, 0x0A, 0x5A, 0x64, 0x6F, 0x74, 0x61, 0x63,
    0x63, 0x65, 0x6E, 0x74, 0x07, 0x75, 0x6E, 0x69, 0x41, 0x37, 0x38, 0x42, 0x0F, 0x75, 0x6E, 0x69,
    0x30, 0x31, 0x33, 0x42, 0x2E, 0x6C, 0x6F, 0x63, 0x6C, 0x4D, 0x41, 0x48, 0x0F, 0x75, 0x6E, 0x69,
    0x30, 0x31, 0x34, 0x35, 0x2E, 0x6C, 0x6F, 0x63, 0x6C, 0x4D, 0x41, 0x48, 0x06, 0x42, 0x2E, 0x73,
    0x73, 0x30, 0x31, 0x06, 0x44, 0x2E, 0x73, 0x73, 0x30, 0x31, 0x06, 0x45, 0x2E, 0x73, 0x73, 0x30,
    0x31, 0x06, 0x46, 0x2E, 0x73, 0x73, 0x30, 0x31, 0x06, 0x50, 0x2E, 0x73, 0x73, 0x30, 0x31, 0x06,
    0x51, 0x2E, 0x73, 0x73, 0x30, 0x31, 0x06, 0x52, 0x2E, 0x73, 0x73, 0x30, 0x31, 0x06, 0x61, 0x62,
    0x72, 0x65, 0x76, 0x65, 0x07, 0x61, 0x6D, 0x61, 0x63, 0x72, 0x6F, 0x6E, 0x07, 0x61, 0x6F, 0x67,
    0x6F, 0x6E, 0x65, 0x6B, 0x0B, 0x63, 0x63, 0x69, 0x72, 0x63, 0x75, 0x6D, 0x66, 0x6C, 0x65, 0x78,
    0x0A, 0x63, 0x64, 0x6F, 0x74, 0x61, 0x63, 0x63, 0x65, 0x6E, 0x74, 0x06, 0x64, 0x63, 0x61, 0x72,
    0x6F, 0x6E, 0x06, 0x65, 0x63, 0x61, 0x72, 0x6F, 0x6E, 0x0A, 0x65, 0x64, 0x6F, 0x74, 0x61, 0x63,
    0x63, 0x65, 0x6E, 0x74, 0x07, 0x65, 0x6D, 0x61, 0x63, 0x72, 0x6F, 0x6E, 0x07, 0x65, 0x6F, 0x67,
    0x6F, 0x6E, 0x65, 0x6B, 0x07, 0x75, 0x6E, 0x69, 0x31, 0x45, 0x42, 0x44, 0x07, 0x75, 0x6E, 0x69,
    0x30, 0x32, 0x35, 0x39, 0x06, 0x67, 0x63, 0x61, 0x72, 0x6F, 0x6E, 0x0B, 0x67, 0x63, 0x69, 0x72,
    0x63, 0x75, 0x6D, 0x66, 0x6C, 0x65, 0x78, 0x07, 0x75, 0x6E, 0x69, 0x30, 0x31, 0x32, 0x33, 0x0A,
    0x67, 0x64, 0x6F, 0x74, 0x61, 0x63, 0x63, 0x65, 0x6E, 0x74, 0x07, 0x75, 0x6E, 0x69, 0x31, 0x45,
    0x32, 0x31, 0x04, 0x68, 0x62, 0x61, 0x72, 0x0B, 0x68, 0x63, 0x69, 0x72, 0x63, 0x75, 0x6D, 0x66,
    0x6C, 0x65, 0x78, 0x06, 0x69, 0x62, 0x72, 0x65, 0x76, 0x65, 0x09, 0x69, 0x2E, 0x6C, 0x6F, 0x63,
    0x6C, 0x54, 0x52, 0x4B, 0x07, 0x69, 0x6D, 0x61, 0x63, 0x72, 0x6F, 0x6E, 0x07, 0x69, 0x6F, 0x67,
    0x6F, 0x6E, 0x65, 0x6B, 0x06, 0x69, 0x74, 0x69, 0x6C, 0x64, 0x65, 0x02, 0x69, 0x6A, 0x07, 0x75,
    0x6E, 0x69, 0x30, 0x32, 0x33, 0x37, 0x0B, 0x75, 0x6E, 0x69, 0x30, 0x30, 0x36, 0x41, 0x30, 0x33,
    0x30, 0x31, 0x0B, 0x6A, 0x63, 0x69, 0x72, 0x63, 0x75, 0x6D, 0x66, 0x6C, 0x65, 0x78, 0x07, 0x75,
    0x6E, 0x69, 0x30, 0x31, 0x33, 0x37, 0x06, 0x6C, 0x61, 0x63, 0x75, 0x74, 0x65, 0x06, 0x6C, 0x63,
    0x61, 0x72, 0x6F, 0x6E, 0x07, 0x75, 0x6E, 0x69, 0x30, 0x31, 0x33, 0x43, 0x06, 0x6E, 0x61, 0x63,
    0x75, 0x74, 0x65, 0x06, 0x6E, 0x63, 0x61, 0x72, 0x6F, 0x6E, 0x07, 0x75, 0x6E, 0x69, 0x30, 0x31,
    0x34, 0x36, 0x06, 0x6F, 0x62, 0x72, 0x65, 0x76, 0x65, 0x0D, 0x6F, 0x68, 0x75, 0x6E, 0x67, 0x61,
    0x72, 0x75, 0x6D, 0x6C, 0x61, 0x75, 0x74, 0x07, 0x6F, 0x6D, 0x61, 0x63, 0x72, 0x6F, 0x6E, 0x06,
    0x72, 0x61, 0x63, 0x75, 0x74, 0x65, 0x06, 0x72, 0x63, 0x61, 0x72, 0x6F, 0x6E, 0x07, 0x75, 0x6E,
    0x69, 0x30, 0x31, 0x35, 0x37, 0x06, 0x73, 0x61, 0x63, 0x75, 0x74, 0x65, 0x0B, 0x73, 0x63, 0x69,
    0x72, 0x63, 0x75, 0x6D, 0x66, 0x6C, 0x65, 0x78, 0x07, 0x75, 0x6E, 0x69, 0x30, 0x32, 0x31, 0x39,
    0x06, 0x74, 0x63, 0x61, 0x72, 0x6F, 0x6E, 0x07, 0x75, 0x6E, 0x69, 0x30, 0x31, 0x36, 0x33, 0x07,
    0x75, 0x6E, 0x69, 0x30, 0x32, 0x31, 0x42, 0x06, 0x75, 0x62, 0x72, 0x65, 0x76, 0x65, 0x0D, 0x75,
    0x68, 0x75, 0x6E, 0x67, 0x61, 0x72, 0x75, 0x6D, 0x6C, 0x61, 0x75, 0x74, 0x07, 0x75, 0x6D, 0x61,
    0x63, 0x72, 0x6F, 0x6E, 0x07, 0x75, 0x6F, 0x67, 0x6F, 0x6E, 0x65, 0x6B, 0x05, 0x75, 0x72, 0x69,
    0x6E, 0x67, 0x06, 0x75, 0x74, 0x69, 0x6C, 0x64, 0x65, 0x06, 0x77, 0x61, 0x63, 0x75, 0x74, 0x65,
    0x0B, 0x77, 0x63, 0x69, 0x72, 0x63, 0x75, 0x6D, 0x66, 0x6C, 0x65, 0x78, 0x09, 0x77, 0x64, 0x69,
    0x65, 0x72, 0x65, 0x73, 0x69, 0x73, 0x06, 0x77, 0x67, 0x72, 0x61, 0x76, 0x65, 0x0B, 0x79, 0x63,
    0x69, 0x72, 0x63, 0x75, 0x6D, 0x66, 0x6C, 0x65, 0x78, 0x06, 0x79, 0x67, 0x72, 0x61, 0x76, 0x65,
    0x07, 0x75, 0x6E, 0x69, 0x31, 0x45, 0x46, 0x39, 0x06, 0x7A, 0x61, 0x63, 0x75, 0x74, 0x65, 0x0A,
    0x7A, 0x64, 0x6F, 0x74, 0x61, 0x63, 0x63, 0x65, 0x6E, 0x74, 0x07, 0x75, 0x6E, 0x69, 0x41, 0x37,
    0x38, 0x43, 0x0F, 0x75, 0x6E, 0x69, 0x30, 0x31, 0x33, 0x43, 0x2E, 0x6C, 0x6F, 0x63, 0x6C, 0x4D,
    0x41, 0x48, 0x0F, 0x75, 0x6E, 0x69, 0x30, 0x31, 0x34, 0x36, 0x2E, 0x6C, 0x6F, 0x63, 0x6C, 0x4D,
    0x41, 0x48, 0x06, 0x61, 0x2E, 0x73, 0x73, 0x30, 0x31, 0x0B, 0x61, 0x61, 0x63, 0x75, 0x74, 0x65,
    0x2E, 0x73, 0x73, 0x30, 0x31, 0x0B, 0x61, 0x62, 0x72, 0x65, 0x76, 0x65, 0x2E, 0x73, 0x73, 0x30,
    0x31, 0x10, 0x61, 0x63, 0x69, 0x72, 0x63, 0x75, 0x6D, 0x66, 0x6C, 0x65, 0x78, 0x2E, 0x73, 0x73,
    0x30, 0x31, 0x0E, 0x61, 0x64, 0x69, 0x65, 0x72, 0x65, 0x73, 0x69, 0x73, 0x2E, 0x73, 0x73, 0x30,
    0x31, 0x0B, 0x61, 0x67, 0x72, 0x61, 0x76, 0x65, 0x2E, 0x73, 0x73, 0x30, 0x31, 0x0C, 0x61, 0x6D,
    0x61, 0x63, 0x72, 0x6F, 0x6E, 0x2E, 0x73, 0x73, 0x30, 0x31, 0x0C, 0x61, 0x6F, 0x67, 0x6F, 0x6E,
    0x65, 0x6B, 0x2E, 0x73, 0x73, 0x30, 0x31, 0x0A, 0x61, 0x72, 0x69, 0x6E, 0x67, 0x2E, 0x73, 0x73,
    0x30, 0x31, 0x0B, 0x61, 0x74, 0x69, 0x6C, 0x64, 0x65, 0x2E, 0x73, 0x73, 0x30, 0x31, 0x06, 0x65,
    0x2E, 0x73, 0x73, 0x30, 0x31, 0x0B, 0x65, 0x61, 0x63, 0x75, 0x74, 0x65, 0x2E, 0x73, 0x73, 0x30,
    0x31, 0x0B, 0x65, 0x63, 0x61, 0x72, 0x6F, 0x6E, 0x2E, 0x73, 0x73, 0x30, 0x31, 0x10, 0x65, 0x63,
    0x69, 0x72, 0x63, 0x75, 0x6D, 0x66, 0x6C, 0x65, 0x78, 0x2E, 0x73, 0x73, 0x30, 0x31, 0x0E, 0x65,
    0x64, 0x69, 0x65, 0x72, 0x65, 0x73, 0x69, 0x73, 0x2E, 0x73, 0x73, 0x30, 0x31, 0x0F, 0x65, 0x64,
    0x6F, 0x74, 0x61, 0x63, 0x63, 0x65, 0x6E, 0x74, 0x2E, 0x73, 0x73, 0x30, 0x31, 0x0B, 0x65, 0x67,
    0x72, 0x61, 0x76, 0x65, 0x2E, 0x73, 0x73, 0x30, 0x31, 0x0C, 0x65, 0x6D, 0x61, 0x63, 0x72, 0x6F,
    0x6E, 0x2E, 0x73, 0x73, 0x30, 0x31, 0x0C, 0x65, 0x6F, 0x67, 0x6F, 0x6E, 0x65, 0x6B, 0x2E, 0x73,
    0x73, 0x30, 0x31, 0x0C, 0x75, 0x6E, 0x69, 0x31, 0x45, 0x42, 0x44, 0x2E, 0x73, 0x73, 0x30, 0x31,
    0x06, 0x66, 0x2E, 0x73, 0x73, 0x30, 0x31, 0x06, 0x69, 0x2E, 0x73, 0x73, 0x30, 0x31, 0x06, 0x6A,
    0x2E, 0x73, 0x73, 0x30, 0x31, 0x06, 0x74, 0x2E, 0x73, 0x73, 0x30, 0x31, 0x0B, 0x74, 0x63, 0x61,
    0x72, 0x6F, 0x6E, 0x2E, 0x73, 0x73, 0x30, 0x31, 0x0C, 0x75, 0x6E, 0x69, 0x30, 0x31, 0x36, 0x33,
    0x2E, 0x73, 0x73, 0x30, 0x31, 0x0C, 0x75, 0x6E, 0x69, 0x30, 0x32, 0x31, 0x42, 0x2E, 0x73, 0x73,
    0x30, 0x31, 0x06, 0x79, 0x2E, 0x73, 0x73, 0x30, 0x31, 0x0B, 0x79, 0x61, 0x63, 0x75, 0x74, 0x65,
    0x2E, 0x73, 0x73, 0x30, 0x31, 0x10, 0x79, 0x63, 0x69, 0x72, 0x63, 0x75, 0x6D, 0x66, 0x6C, 0x65,
    0x78, 0x2E, 0x73, 0x73, 0x30, 0x31, 0x0E, 0x79, 0x64, 0x69, 0x65, 0x72, 0x65, 0x73, 0x69, 0x73,
    0x2E, 0x73, 0x73, 0x30, 0x31, 0x0B, 0x79, 0x67, 0x72, 0x61, 0x76, 0x65, 0x2E, 0x73, 0x73, 0x30,
    0x31, 0x0C, 0x75, 0x6E, 0x69, 0x31, 0x45, 0x46, 0x39, 0x2E, 0x73, 0x73, 0x30, 0x31, 0x10, 0x73,
    0x5F, 0x74, 0x5F, 0x61, 0x5F, 0x63, 0x5F, 0x6B, 0x5F, 0x79, 0x2E, 0x6C, 0x69, 0x67, 0x61, 0x08,
    0x6F, 0x6E, 0x65, 0x2E, 0x73, 0x73, 0x30, 0x31, 0x08, 0x74, 0x77, 0x6F, 0x2E, 0x73, 0x73, 0x30,
    0x31, 0x0A, 0x73, 0x65, 0x76, 0x65, 0x6E, 0x2E, 0x73, 0x73, 0x30, 0x31, 0x07, 0x7A, 0x65, 0x72,
    0x6F, 0x2E, 0x74, 0x66, 0x06, 0x6F, 0x6E, 0x65, 0x2E, 0x74, 0x66, 0x06, 0x74, 0x77, 0x6F, 0x2E,
    0x74, 0x66, 0x08, 0x74, 0x68, 0x72, 0x65, 0x65, 0x2E, 0x74, 0x66, 0x07, 0x66, 0x6F, 0x75, 0x72,
    0x2E, 0x74, 0x66, 0x07, 0x66, 0x69, 0x76, 0x65, 0x2E, 0x74, 0x66, 0x06, 0x73, 0x69, 0x78, 0x2E,
    0x74, 0x66, 0x08, 0x73, 0x65, 0x76, 0x65, 0x6E, 0x2E, 0x74, 0x66, 0x08, 0x65, 0x69, 0x67, 0x68,
    0x74, 0x2E, 0x74, 0x66, 0x07, 0x6E, 0x69, 0x6E, 0x65, 0x2E, 0x74, 0x66, 0x09, 0x7A, 0x65, 0x72,
    0x6F, 0x2E, 0x64, 0x6E, 0x6F, 0x6D, 0x08, 0x6F, 0x6E, 0x65, 0x2E, 0x64, 0x6E, 0x6F, 0x6D, 0x08,
    0x74, 0x77, 0x6F, 0x2E, 0x64, 0x6E, 0x6F, 0x6D, 0x0A, 0x74, 0x68, 0x72, 0x65, 0x65, 0x2E, 0x64,
    0x6E, 0x6F, 0x6D, 0x09, 0x66, 0x6F, 0x75, 0x72, 0x2E, 0x64, 0x6E, 0x6F, 0x6D, 0x09, 0x66, 0x69,
    0x76, 0x65, 0x2E, 0x64, 0x6E, 0x6F, 0x6D, 0x08, 0x73, 0x69, 0x78, 0x2E, 0x64, 0x6E, 0x6F, 0x6D,
    0x0A, 0x73, 0x65, 0x76, 0x65, 0x6E, 0x2E, 0x64, 0x6E, 0x6F, 0x6D, 0x0A, 0x65, 0x69, 0x67, 0x68,
    0x74, 0x2E, 0x64, 0x6E, 0x6F, 0x6D, 0x09, 0x6E, 0x69, 0x6E, 0x65, 0x2E, 0x64, 0x6E, 0x6F, 0x6D,
    0x09, 0x7A, 0x65, 0x72, 0x6F, 0x2E, 0x6E, 0x75, 0x6D, 0x72, 0x08, 0x6F, 0x6E, 0x65, 0x2E, 0x6E,
    0x75, 0x6D, 0x72, 0x08, 0x74, 0x77, 0x6F, 0x2E, 0x6E, 0x75, 0x6D, 0x72, 0x0A, 0x74, 0x68, 0x72,
    0x65, 0x65, 0x2E, 0x6E, 0x75, 0x6D, 0x72, 0x09, 0x66, 0x6F, 0x75, 0x72, 0x2E, 0x6E, 0x75, 0x6D,
    0x72, 0x09, 0x66, 0x69, 0x76, 0x65, 0x2E, 0x6E, 0x75, 0x6D, 0x72, 0x08, 0x73, 0x69, 0x78, 0x2E,
    0x6E, 0x75, 0x6D, 0x72, 0x0A, 0x73, 0x65, 0x76, 0x65, 0x6E, 0x2E, 0x6E, 0x75, 0x6D, 0x72, 0x0A,
    0x65, 0x69, 0x67, 0x68, 0x74, 0x2E, 0x6E, 0x75, 0x6D, 0x72, 0x09, 0x6E, 0x69, 0x6E, 0x65, 0x2E,
    0x6E, 0x75, 0x6D, 0x72, 0x09, 0x6F, 0x6E, 0x65, 0x65, 0x69, 0x67, 0x68, 0x74, 0x68, 0x0C, 0x74,
    0x68, 0x72, 0x65, 0x65, 0x65, 0x69, 0x67, 0x68, 0x74, 0x68, 0x73, 0x0B, 0x66, 0x69, 0x76, 0x65,
    0x65, 0x69, 0x67, 0x68, 0x74, 0x68, 0x73, 0x0C, 0x73, 0x65, 0x76, 0x65, 0x6E, 0x65, 0x69, 0x67,
    0x68, 0x74, 0x68, 0x73, 0x07, 0x75, 0x6E, 0x69, 0x32, 0x30, 0x38, 0x30, 0x07, 0x75, 0x6E, 0x69,
    0x32, 0x30, 0x38, 0x31, 0x07, 0x75, 0x6E, 0x69, 0x32, 0x30, 0x38, 0x32, 0x07, 0x75, 0x6E, 0x69,
    0x32, 0x30, 0x38, 0x33, 0x07, 0x75, 0x6E, 0x69, 0x32, 0x30, 0x38, 0x34, 0x07, 0x75, 0x6E, 0x69,
    0x32, 0x30, 0x38, 0x35, 0x07, 0x75, 0x6E, 0x69, 0x32, 0x30, 0x38, 0x36, 0x07, 0x75, 0x6E, 0x69,
    0x32, 0x30, 0x38, 0x37, 0x07, 0x75, 0x6E, 0x69, 0x32, 0x30, 0x38, 0x38, 0x07, 0x75, 0x6E, 0x69,
    0x32, 0x30, 0x38, 0x39, 0x07, 0x75, 0x6E, 0x69, 0x32, 0x30, 0x37, 0x30, 0x07, 0x75, 0x6E, 0x69,
    0x30, 0x30, 0x42, 0x39, 0x07, 0x75, 0x6E, 0x69, 0x30, 0x30, 0x42, 0x32, 0x07, 0x75, 0x6E, 0x69,
    0x30, 0x30, 0x42, 0x33, 0x07, 0x75, 0x6E, 0x69, 0x32, 0x30, 0x37, 0x34, 0x07, 0x75, 0x6E, 0x69,
    0x32, 0x30, 0x37, 0x35, 0x07, 0x75, 0x6E, 0x69, 0x32, 0x30, 0x37, 0x36, 0x07, 0x75, 0x6E, 0x69,
    0x32, 0x30, 0x37, 0x37, 0x07, 0x75, 0x6E, 0x69, 0x32, 0x30, 0x37, 0x38, 0x07, 0x75, 0x6E, 0x69,
    0x32, 0x30, 0x37, 0x39, 0x07, 0x75, 0x6E, 0x69, 0x30, 0x30, 0x41, 0x30, 0x07, 0x75, 0x6E, 0x69,
    0x32, 0x30, 0x32, 0x38, 0x07, 0x75, 0x6E, 0x69, 0x32, 0x30, 0x32, 0x39, 0x0E, 0x70, 0x61, 0x72,
    0x65, 0x6E, 0x6C, 0x65, 0x66, 0x74, 0x2E, 0x63, 0x61, 0x73, 0x65, 0x0F, 0x70, 0x61, 0x72, 0x65,
    0x6E, 0x72, 0x69, 0x67, 0x68, 0x74, 0x2E, 0x63, 0x61, 0x73, 0x65, 0x0E, 0x62, 0x72, 0x61, 0x63,
    0x65, 0x6C, 0x65, 0x66, 0x74, 0x2E, 0x63, 0x61, 0x73, 0x65, 0x0F, 0x62, 0x72, 0x61, 0x63, 0x65,
    0x72, 0x69, 0x67, 0x68, 0x74, 0x2E, 0x63, 0x61, 0x73, 0x65, 0x10, 0x62, 0x72, 0x61, 0x63, 0x6B,
    0x65, 0x74, 0x6C, 0x65, 0x66, 0x74, 0x2E, 0x63, 0x61, 0x73, 0x65, 0x11, 0x62, 0x72, 0x61, 0x63,
    0x6B, 0x65, 0x74, 0x72, 0x69, 0x67, 0x68, 0x74, 0x2E, 0x63, 0x61, 0x73, 0x65, 0x16, 0x70, 0x65,
    0x72, 0x69, 0x6F, 0x64, 0x63, 0x65, 0x6E, 0x74, 0x65, 0x72, 0x65, 0x64, 0x2E, 0x6C, 0x6F, 0x63,
    0x6C, 0x43, 0x41, 0x54, 0x1B, 0x70, 0x65, 0x72, 0x69, 0x6F, 0x64, 0x63, 0x65, 0x6E, 0x74, 0x65,
    0x72, 0x65, 0x64, 0x2E, 0x6C, 0x6F, 0x63, 0x6C, 0x43, 0x41, 0x54, 0x2E, 0x63, 0x61, 0x73, 0x65,
    0x07, 0x75, 0x6E, 0x69, 0x30, 0x45, 0x33, 0x46, 0x04, 0x45, 0x75, 0x72, 0x6F, 0x07, 0x75, 0x6E,
    0x69, 0x32, 0x30, 0x42, 0x34, 0x07, 0x75, 0x6E, 0x69, 0x32, 0x30, 0x42, 0x44, 0x07, 0x75, 0x6E,
    0x69, 0x32, 0x30, 0x42, 0x39, 0x07, 0x75, 0x6E, 0x69, 0x32, 0x30, 0x41, 0x41, 0x07, 0x75, 0x6E,
    0x69, 0x32, 0x30, 0x41, 0x39, 0x07, 0x61, 0x72, 0x72, 0x6F, 0x77, 0x75, 0x70, 0x07, 0x75, 0x6E,
    0x69, 0x32, 0x31, 0x39, 0x37, 0x0A, 0x61, 0x72, 0x72, 0x6F, 0x77, 0x72, 0x69, 0x67, 0x68, 0x74,
    0x07, 0x75, 0x6E, 0x69, 0x32, 0x31, 0x39, 0x38, 0x09, 0x61, 0x72, 0x72, 0x6F, 0x77, 0x64, 0x6F,
    0x77, 0x6E, 0x07, 0x75, 0x6E, 0x69, 0x32, 0x31, 0x39, 0x39, 0x09, 0x61, 0x72, 0x72, 0x6F, 0x77,
    0x6C, 0x65, 0x66, 0x74, 0x07, 0x75, 0x6E, 0x69, 0x32, 0x31, 0x39, 0x36, 0x09, 0x61, 0x72, 0x72,
    0x6F, 0x77, 0x62, 0x6F, 0x74, 0x68, 0x09, 0x61, 0x72, 0x72, 0x6F, 0x77, 0x75, 0x70, 0x64, 0x6E,
    0x0E, 0x61, 0x6D, 0x70, 0x65, 0x72, 0x73, 0x61, 0x6E, 0x64, 0x2E, 0x73, 0x73, 0x30, 0x31, 0x07,
    0x75, 0x6E, 0x69, 0x30, 0x33, 0x30, 0x38, 0x07, 0x75, 0x6E, 0x69, 0x30, 0x33, 0x30, 0x37, 0x09,
    0x67, 0x72, 0x61, 0x76, 0x65, 0x63, 0x6F, 0x6D, 0x62, 0x09, 0x61, 0x63, 0x75, 0x74, 0x65, 0x63,
    0x6F, 0x6D, 0x62, 0x07, 0x75, 0x6E, 0x69, 0x30, 0x33, 0x30, 0x42, 0x0B, 0x75, 0x6E, 0x69, 0x30,
    0x33, 0x30, 0x43, 0x2E, 0x61, 0x6C, 0x74, 0x07, 0x75, 0x6E, 0x69, 0x30, 0x33, 0x30, 0x32, 0x07,
    0x75, 0x6E, 0x69, 0x30, 0x33, 0x30, 0x43, 0x07, 0x75, 0x6E, 0x69, 0x30, 0x33, 0x30, 0x36, 0x07,
    0x75, 0x6E, 0x69, 0x30, 0x33, 0x30, 0x41, 0x09, 0x74, 0x69, 0x6C, 0x64, 0x65, 0x63, 0x6F, 0x6D,
    0x62, 0x07, 0x75, 0x6E, 0x69, 0x30, 0x33, 0x30, 0x34, 0x07, 0x75, 0x6E, 0x69, 0x30, 0x33, 0x31,
    0x32, 0x07, 0x75, 0x6E, 0x69, 0x30, 0x33, 0x32, 0x36, 0x07, 0x75, 0x6E, 0x69, 0x30, 0x33, 0x32,
    0x37, 0x07, 0x75, 0x6E, 0x69, 0x30, 0x33, 0x32, 0x38, 0x0E, 0x75, 0x6E, 0x69, 0x30, 0x33, 0x30,
    0x38, 0x2E, 0x6E, 0x61, 0x72, 0x72, 0x6F, 0x77, 0x0E, 0x75, 0x6E, 0x69, 0x30, 0x33, 0x30, 0x32,
    0x2E, 0x6E, 0x61, 0x72, 0x72, 0x6F, 0x77, 0x0E, 0x75, 0x6E, 0x69, 0x30, 0x33, 0x30, 0x36, 0x2E,
    0x6E, 0x61, 0x72, 0x72, 0x6F, 0x77, 0x10, 0x74, 0x69, 0x6C, 0x64, 0x65, 0x63, 0x6F, 0x6D, 0x62,
    0x2E, 0x6E, 0x61, 0x72, 0x72, 0x6F, 0x77, 0x0E, 0x75, 0x6E, 0x69, 0x30, 0x33, 0x30, 0x34, 0x2E,
    0x6E, 0x61, 0x72, 0x72, 0x6F, 0x77, 0x00, 0x00, 0x00, 0x06, 0x00, 0x32, 0x00, 0x00, 0x02, 0xEE,
    0x02, 0xBC, 0x00, 0x03, 0x00, 0x07, 0x00, 0x0B, 0x00, 0x0F, 0x00, 0x13, 0x00, 0x17, 0x00, 0x00,
    0x73, 0x11, 0x21, 0x11, 0x25, 0x21, 0x35, 0x21, 0x27, 0x33, 0x35, 0x23, 0x17, 0x35, 0x33, 0x15,
    0x17, 0x33, 0x35, 0x23, 0x17, 0x35, 0x33, 0x15, 0x32, 0x02, 0xBC, 0xFD, 0xD3, 0x01, 0x9F, 0xFE,
    0x61, 0x40, 0xDD, 0xDD, 0x55, 0x74, 0x79, 0xDD, 0xDD, 0x55, 0x74, 0x02, 0xBC, 0xFD, 0x44, 0xCD,
    0x3F, 0x50, 0x84, 0x69, 0x55, 0x55, 0x1B, 0x84, 0x69, 0x55, 0x55, 0x00, 0x00, 0x03, 0x00, 0x14,
    0x00, 0x00, 0x02, 0x87, 0x02, 0xBC, 0x00, 0x03, 0x00, 0x07, 0x00, 0x0B, 0x00, 0x00, 0x53, 0x33,
    0x03, 0x23, 0x01, 0x13, 0x23, 0x03, 0x03, 0x21, 0x15, 0x21, 0xE7, 0x8A, 0xC9, 0x94, 0x01, 0xA0,
    0xD3, 0x94, 0xC9, 0x99, 0x01, 0x79, 0xFE, 0x87, 0x02, 0xBC, 0xFD, 0x44, 0x02, 0xBC, 0xFD, 0x44,
    0x02, 0xBC, 0xFE, 0x55, 0x7E, 0x00, 0xFF, 0xFF, 0x00, 0x14, 0x00, 0x00, 0x02, 0x87, 0x03, 0x8E,
    0x04, 0x26, 0x00, 0x01, 0x00, 0x00, 0x00, 0x07, 0x01, 0xE9, 0x01, 0x09, 0x00, 0x8C, 0xFF, 0xFF,
    0x00, 0x14, 0x00, 0x00, 0x02, 0x87, 0x03, 0x8E, 0x04, 0x26, 0x00, 0x01, 0x00, 0x00, 0x00, 0x07,
    0x01, 0xEE, 0x00, 0x86, 0x00, 0x8C, 0xFF, 0xFF, 0x00, 0x14, 0x00, 0x00, 0x02, 0x87, 0x03, 0x8E,
    0x04, 0x26, 0x00, 0x01, 0x00, 0x00, 0x00, 0x07, 0x01, 0xEC, 0x00, 0x8E, 0x00, 0x8C, 0xFF, 0xFF,
    0x00, 0x14, 0x00, 0x00, 0x02, 0x87, 0x03, 0x8B, 0x04, 0x26, 0x00, 0x01, 0x00, 0x00, 0x00, 0x07,
    0x01, 0xE6, 0x00, 0x8D, 0x00, 0x8C, 0xFF, 0xFF, 0x00, 0x14, 0x00, 0x00, 0x02, 0x87, 0x03, 0x8E,
    0x04, 0x26, 0x00, 0x01, 0x00, 0x00, 0x00, 0x07, 0x01, 0xE8, 0x00, 0x95, 0x00, 0x8C, 0xFF, 0xFF,
    0x00, 0x14, 0x00, 0x00, 0x02, 0x87, 0x03, 0x80, 0x04, 0x26, 0x00, 0x01, 0x00, 0x00, 0x00, 0x07,
    0x01, 0xF1, 0x00, 0xA7, 0x00, 0x8C, 0xFF, 0xFF, 0x00, 0x14, 0xFF, 0x38, 0x02, 0xA0, 0x02, 0xBC,
    0x04, 0x26, 0x00, 0x01, 0x00, 0x00, 0x00, 0x07, 0x01, 0xF5, 0x01, 0xBC, 0x00, 0x00, 0xFF, 0xFF,
    0x00, 0x14, 0x00, 0x00, 0x02, 0x87, 0x03, 0xAB, 0x04, 0x26, 0x00, 0x01, 0x00, 0x00, 0x00, 0x07,
    0x01, 0xEF, 0x00, 0xD9, 0x00, 0x83, 0xFF, 0xFF, 0x00, 0x14, 0x00, 0x00, 0x02, 0x87, 0x03, 0x93,
    0x04, 0x26, 0x00, 0x01, 0x00, 0x00, 0x00, 0x07, 0x01, 0xF0, 0x00, 0x84, 0x00, 0x8C, 0x00, 0x06,
    0x00, 0x14, 0x00, 0x00, 0x03, 0x7F, 0x02, 0xBC, 0x00, 0x03, 0x00, 0x07, 0x00, 0x0B, 0x00, 0x0F,
    0x00, 0x13, 0x00, 0x17, 0x00, 0x00, 0x41, 0x33, 0x01, 0x23, 0x13, 0x21, 0x15, 0x21, 0x01, 0x33,
    0x11, 0x23, 0x03, 0x21, 0x15, 0x21, 0x13, 0x21, 0x15, 0x21, 0x11, 0x33, 0x15, 0x23, 0x01, 0x55,
    0x91, 0xFE, 0xC9, 0x9B, 0x98, 0x01, 0x79, 0xFE, 0x87, 0x01, 0x1A, 0x91, 0x91, 0x48, 0x01, 0xFD,
    0xFE, 0x03, 0xD9, 0x01, 0x28, 0xFE, 0xD8, 0xFC, 0xFC, 0x02, 0xBC, 0xFD, 0x44, 0x01, 0x11, 0x7E,
    0x02, 0x29, 0xFD, 0x44, 0x02, 0xBC, 0x7E, 0xFE, 0x40, 0x7E, 0x01, 0x9F, 0x7E, 0x00, 0x00, 0x02,
    0x00, 0x34, 0x00, 0x00, 0x02, 0x43, 0x02, 0xBC, 0x00, 0x03, 0x00, 0x2D, 0x00, 0x00, 0x53, 0x33,
    0x11, 0x23, 0x13, 0x33, 0x32, 0x36, 0x36, 0x35, 0x34, 0x26, 0x26, 0x23, 0x23, 0x35, 0x33, 0x32,
    0x16, 0x16, 0x15, 0x14, 0x06, 0x06, 0x07, 0x35, 0x1E, 0x02, 0x15, 0x14, 0x06, 0x06, 0x23, 0x23,
    0x35, 0x33, 0x32, 0x36, 0x36, 0x35, 0x34, 0x26, 0x26, 0x23, 0x23, 0x34, 0x91, 0x91, 0x37, 0x9E,
    0x21, 0x39, 0x22, 0x22, 0x39, 0x21, 0x9E, 0x9E, 0x4C, 0x7D, 0x4A, 0x16, 0x34, 0x2F, 0x2D, 0x49,
    0x2A, 0x4A, 0x7D, 0x4C, 0xC5, 0xC5, 0x21, 0x39, 0x22, 0x22, 0x39, 0x21, 0xC5, 0x02, 0xBC, 0xFD,
    0x44, 0x01, 0xA0, 0x0A, 0x22, 0x23, 0x23, 0x22, 0x0A, 0x7E, 0x23, 0x59, 0x51, 0x20, 0x45, 0x31,
    0x03, 0x21, 0x02, 0x2C, 0x48, 0x2E, 0x50, 0x5D, 0x26, 0x7E, 0x0D, 0x25, 0x23, 0x23, 0x22, 0x0A,
    0x00, 0x01, 0x00, 0x1C, 0xFF, 0xF0, 0x02, 0xB6, 0x02, 0xCC, 0x00, 0x23, 0x00, 0x00, 0x41, 0x0E,
    0x02, 0x23, 0x22, 0x26, 0x26, 0x35, 0x34, 0x3E, 0x02, 0x33, 0x32, 0x16, 0x17, 0x23, 0x2E, 0x03,
    0x23, 0x22, 0x06, 0x06, 0x15, 0x14, 0x16, 0x16, 0x33, 0x32, 0x3E, 0x02, 0x37, 0x02, 0xB6, 0x07,
    0x4D, 0x89, 0x63, 0x6F, 0x9B, 0x50, 0x2D, 0x58, 0x81, 0x54, 0x8D, 0x9F, 0x10, 0x9A, 0x05, 0x18,
    0x27, 0x38, 0x26, 0x44, 0x57, 0x28, 0x28, 0x57, 0x44, 0x2A, 0x3C, 0x29, 0x16, 0x03, 0x01, 0x1D,
    0x5A, 0x88, 0x4B, 0x63, 0xA6, 0x66, 0x4B, 0x85, 0x64, 0x39, 0x95, 0x7E, 0x22, 0x35, 0x25, 0x13,
    0x43, 0x6B, 0x3B, 0x3C, 0x6B, 0x44, 0x18, 0x2C, 0x3E, 0x27, 0xFF, 0xFF, 0x00, 0x1C, 0xFF, 0xF0,
    0x02, 0xB6, 0x03, 0x8E, 0x04, 0x26, 0x00, 0x0D, 0x00, 0x00, 0x00, 0x07, 0x01, 0xE9, 0x01, 0x2D,
    0x00, 0x8C, 0xFF, 0xFF, 0x00, 0x1C, 0xFF, 0xF0, 0x02, 0xB6, 0x03, 0x8E, 0x04, 0x26, 0x00, 0x0D,
    0x00, 0x00, 0x00, 0x07, 0x01, 0xED, 0x00, 0xB2, 0x00, 0x8C, 0xFF, 0xFF, 0x00, 0x1C, 0xFF, 0x38,
    0x02, 0xB6, 0x02, 0xCC, 0x04, 0x26, 0x00, 0x0D, 0x00, 0x00, 0x00, 0x07, 0x01, 0xF4, 0x01, 0x01,
    0x00, 0x00, 0xFF, 0xFF, 0x00, 0x1C, 0xFF, 0xF0, 0x02, 0xB6, 0x03, 0x8E, 0x04, 0x26, 0x00, 0x0D,
    0x00, 0x00, 0x00, 0x07, 0x01, 0xEC, 0x00, 0xB2, 0x00, 0x8C, 0xFF, 0xFF, 0x00, 0x1C, 0xFF, 0xF0,
    0x02, 0xB6, 0x03, 0x7A, 0x04, 0x26, 0x00, 0x0D, 0x00, 0x00, 0x00, 0x07, 0x01, 0xE7, 0x01, 0x22,
    0x00, 0x8C, 0x00, 0x02, 0x00, 0x34, 0x00, 0x00, 0x02, 0x93, 0x02, 0xBC, 0x00, 0x0A, 0x00, 0x15,
    0x00, 0x00, 0x73, 0x11, 0x21, 0x32, 0x16, 0x16, 0x15, 0x14, 0x06, 0x06, 0x23, 0x27, 0x33, 0x32,
    0x36, 0x36, 0x35, 0x34, 0x26, 0x26, 0x23, 0x23, 0x34, 0x01, 0x06, 0x6F, 0x9A, 0x50, 0x50, 0x9A,
    0x6F, 0x75, 0x75, 0x44, 0x56, 0x28, 0x28, 0x56, 0x44, 0x75, 0x02, 0xBC, 0x5B, 0x9D, 0x65, 0x66,
    0x9E, 0x5B, 0x7E, 0x3F, 0x66, 0x3C, 0x3B, 0x66, 0x3E, 0x00, 0xFF, 0xFF, 0x00, 0x34, 0x00, 0x00,
    0x02, 0x93, 0x03, 0x8E, 0x04, 0x26, 0x00, 0x13, 0x00, 0x00, 0x00, 0x07, 0x01, 0xED, 0x00, 0x89,
    0x00, 0x8C, 0xFF, 0xFF, 0x00, 0x2A, 0x00, 0x00, 0x02, 0xE3, 0x02, 0xBC, 0x04, 0x06, 0x00, 0x16,
    0x00, 0x00, 0x00, 0x05, 0x00, 0x2A, 0x00, 0x00, 0x02, 0xE3, 0x02, 0xBC, 0x00, 0x03, 0x00, 0x07,
    0x00, 0x19, 0x00, 0x1D, 0x00, 0x21, 0x00, 0x00, 0x53, 0x33, 0x11, 0x23, 0x37, 0x33, 0x15, 0x23,
    0x37, 0x32, 0x36, 0x36, 0x35, 0x34, 0x26, 0x26, 0x23, 0x35, 0x32, 0x16, 0x16, 0x15, 0x14, 0x06,
    0x06, 0x23, 0x03, 0x33, 0x15, 0x23, 0x07, 0x21, 0x15, 0x21, 0x84, 0x91, 0x91, 0x37, 0xCF, 0xCF,
    0xCF, 0x44, 0x56, 0x28, 0x28, 0x56, 0x44, 0x6F, 0x9A, 0x50, 0x50, 0x9A, 0x6F, 0xCF, 0xCF, 0xCF,
    0x91, 0x01, 0x77, 0xFE, 0x89, 0x02, 0xBC, 0xFD, 0x44, 0x7E, 0x7E, 0x7E, 0x3F, 0x66, 0x3C, 0x3B,
    0x66, 0x3E, 0x7E, 0x5B, 0x9D, 0x65, 0x66, 0x9E, 0x5B, 0x02, 0xBC, 0x7E, 0x9F, 0x7E, 0x00, 0x01,
    0x00, 0x34, 0x00, 0x00, 0x02, 0x1F, 0x02, 0xBC, 0x00, 0x0B, 0x00, 0x00, 0x73, 0x11, 0x21, 0x15,
    0x21, 0x15, 0x21, 0x15, 0x21, 0x15, 0x21, 0x15, 0x34, 0x01, 0xE7, 0xFE, 0xAA, 0x01, 0x2E, 0xFE,
    0xD2, 0x01, 0x5A, 0x02, 0xBC, 0x7E, 0x9F, 0x7E, 0xA3, 0x7E, 0xFF, 0xFF, 0x00, 0x34, 0x00, 0x00,
    0x02, 0x1F, 0x03, 0x8E, 0x04, 0x26, 0x00, 0x17, 0x00, 0x00, 0x00, 0x07, 0x01, 0xE9, 0x00, 0xE1,
    0x00, 0x8C, 0xFF, 0xFF, 0x00, 0x34, 0x00, 0x00, 0x02, 0x1F, 0x03, 0x8E, 0x04, 0x26, 0x00, 0x17,
    0x00, 0x00, 0x00, 0x07, 0x01, 0xED, 0x00, 0x66, 0x00, 0x8C, 0xFF, 0xFF, 0x00, 0x34, 0x00, 0x00,
    0x02, 0x1F, 0x03, 0x8E, 0x04, 0x26, 0x00, 0x17, 0x00, 0x00, 0x00, 0x07, 0x01, 0xEC, 0x00, 0x66,
    0x00, 0x8C, 0xFF, 0xFF, 0x00, 0x34, 0x00, 0x00, 0x02, 0x1F, 0x03, 0x8B, 0x04, 0x26, 0x00, 0x17,
    0x00, 0x00, 0x00, 0x07, 0x01, 0xE6, 0x00, 0x65, 0x00, 0x8C, 0xFF, 0xFF, 0x00, 0x34, 0x00, 0x00,
    0x02, 0x1F, 0x03, 0x7A, 0x04, 0x26, 0x00, 0x17, 0x00, 0x00, 0x00, 0x07, 0x01, 0xE7, 0x00, 0xD6,
    0x00, 0x8C, 0xFF, 0xFF, 0x00, 0x34, 0x00, 0x00, 0x02, 0x1F, 0x03, 0x8E, 0x04, 0x26, 0x00, 0x17,
    0x00, 0x00, 0x00, 0x07, 0x01, 0xE8, 0x00, 0x6D, 0x00, 0x8C, 0xFF, 0xFF, 0x00, 0x34, 0x00, 0x00,
    0x02, 0x1F, 0x03, 0x80, 0x04, 0x26, 0x00, 0x17, 0x00, 0x00, 0x00, 0x07, 0x01, 0xF1, 0x00, 0x7F,
    0x00, 0x8C, 0xFF, 0xFF, 0x00, 0x34, 0xFF, 0x38, 0x02, 0x38, 0x02, 0xBC, 0x04, 0x26, 0x00, 0x17,
    0x00, 0x00, 0x00, 0x07, 0x01, 0xF5, 0x01, 0x54, 0x00, 0x00, 0xFF, 0xFF, 0x00, 0x34, 0x00, 0x00,
    0x02, 0x1F, 0x03, 0x93, 0x04, 0x26, 0x00, 0x17, 0x00, 0x00, 0x00, 0x07, 0x01, 0xF0, 0x00, 0x5C,
    0x00, 0x8C, 0x00, 0x01, 0x00, 0x13, 0xFF, 0xF0, 0x02, 0xBD, 0x02, 0xCC, 0x00, 0x26, 0x00, 0x00,
    0x45, 0x22, 0x2E, 0x02, 0x37, 0x21, 0x15, 0x21, 0x37, 0x06, 0x1E, 0x02, 0x33, 0x32, 0x36, 0x36,
    0x35, 0x34, 0x26, 0x26, 0x23, 0x22, 0x06, 0x06, 0x07, 0x23, 0x3E, 0x02, 0x33, 0x32, 0x16, 0x16,
    0x15, 0x14, 0x06, 0x06, 0x01, 0x5C, 0x46, 0x7E, 0x5C, 0x29, 0x0E, 0x02, 0x51, 0xFE, 0x13, 0x2F,
    0x05, 0x0F, 0x28, 0x45, 0x31, 0x4A, 0x58, 0x28, 0x28, 0x58, 0x4A, 0x30, 0x43, 0x27, 0x07, 0x9C,
    0x0F, 0x56, 0x84, 0x54, 0x6B, 0x9F, 0x57, 0x57, 0x9F, 0x10, 0x38, 0x6E, 0x9E, 0x66, 0x7E, 0x18,
    0x1C, 0x45, 0x3D, 0x28, 0x40, 0x6D, 0x44, 0x44, 0x6C, 0x3F, 0x23, 0x34, 0x1B, 0x47, 0x6C, 0x3D,
    0x5D, 0xA5, 0x6B, 0x6C, 0xA5, 0x5E, 0x00, 0x03, 0x00, 0x34, 0x00, 0x00, 0x02, 0x11, 0x02, 0xBC,
    0x00, 0x03, 0x00, 0x07, 0x00, 0x0B, 0x00, 0x00, 0x53, 0x33, 0x11, 0x23, 0x13, 0x21, 0x15, 0x21,
    0x03, 0x21, 0x15, 0x21, 0x34, 0x91, 0x91, 0x91, 0x01, 0x24, 0xFE, 0xDC, 0x5A, 0x01, 0xA6, 0xFE,
    0x5A, 0x02, 0xBC, 0xFD, 0x44, 0x01, 0x8B, 0x7E, 0x01, 0xAF, 0x7E, 0x00, 0x00, 0x01, 0x00, 0x1C,
    0xFF, 0xF0, 0x02, 0xBF, 0x02, 0xCC, 0x00, 0x26, 0x00, 0x00, 0x45, 0x22, 0x26, 0x26, 0x35, 0x34,
    0x3E, 0x02, 0x33, 0x32, 0x16, 0x17, 0x23, 0x2E, 0x03, 0x23, 0x22, 0x06, 0x06, 0x15, 0x14, 0x16,
    0x16, 0x33, 0x32, 0x3E, 0x02, 0x27, 0x17, 0x23, 0x35, 0x21, 0x16, 0x06, 0x06, 0x01, 0x76, 0x6F,
    0x9B, 0x50, 0x2D, 0x58, 0x81, 0x54, 0x8D, 0x9F, 0x10, 0x9A, 0x05, 0x18, 0x27, 0x38, 0x26, 0x44,
    0x57, 0x28, 0x28, 0x57, 0x44, 0x2C, 0x43, 0x2B, 0x13, 0x04, 0x2E, 0xD7, 0x01, 0x3F, 0x0A, 0x46,
    0x95, 0x10, 0x63, 0xA6, 0x66, 0x4B, 0x85, 0x64, 0x39, 0x95, 0x7E, 0x22, 0x35, 0x25, 0x13, 0x43,
    0x6B, 0x3B, 0x3C, 0x6B, 0x44, 0x19, 0x2E, 0x43, 0x2A, 0x22, 0x7E, 0x81, 0xB5, 0x5E, 0xFF, 0xFF,
    0x00, 0x1C, 0xFF, 0xF0, 0x02, 0xBF, 0x03, 0x8E, 0x04, 0x26, 0x00, 0x23, 0x00, 0x00, 0x00, 0x07,
    0x01, 0xEE, 0x00, 0xAE, 0x00, 0x8C, 0xFF, 0xFF, 0x00, 0x1C, 0xFF, 0xF0, 0x02, 0xBF, 0x03, 0x8E,
    0x04, 0x26, 0x00, 0x23, 0x00, 0x00, 0x00, 0x07, 0x01, 0xED, 0x00, 0xB6, 0x00, 0x8C, 0xFF, 0xFF,
    0x00, 0x1C, 0xFF, 0xF0, 0x02, 0xBF, 0x03, 0x8E, 0x04, 0x26, 0x00, 0x23, 0x00, 0x00, 0x00, 0x07,
    0x01, 0xEC, 0x00, 0xB6, 0x00, 0x8C, 0xFF, 0xFF, 0x00, 0x1C, 0xFE, 0xEF, 0x02, 0xBF, 0x02, 0xCC,
    0x04, 0x26, 0x00, 0x23, 0x00, 0x00, 0x00, 0x07, 0x01, 0xF3, 0x01, 0x0C, 0x00, 0x00, 0xFF, 0xFF,
    0x00, 0x1C, 0xFF, 0xF0, 0x02, 0xBF, 0x03, 0x7A, 0x04, 0x26, 0x00, 0x23, 0x00, 0x00, 0x00, 0x07,
    0x01, 0xE7, 0x01, 0x26, 0x00, 0x8C, 0xFF, 0xFF, 0x00, 0x1C, 0xFF, 0xF0, 0x02, 0xBF, 0x03, 0x80,
    0x04, 0x26, 0x00, 0x23, 0x00, 0x00, 0x00, 0x07, 0x01, 0xF1, 0x00, 0xCF, 0x00, 0x8C, 0x00, 0x03,
    0x00, 0x34, 0x00, 0x00, 0x02, 0x6D, 0x02, 0xBC, 0x00, 0x03, 0x00, 0x07, 0x00, 0x0B, 0x00, 0x00,
    0x53, 0x33, 0x11, 0x23, 0x01, 0x33, 0x11, 0x23, 0x01, 0x21, 0x15, 0x21, 0x34, 0x91, 0x91, 0x01,
    0xA8, 0x91, 0x91, 0xFE, 0x8F, 0x01, 0xEC, 0xFE, 0x14, 0x02, 0xBC, 0xFD, 0x44, 0x02, 0xBC, 0xFD,
    0x44, 0x01, 0x9F, 0x7E, 0x00, 0x04, 0x00, 0x2F, 0x00, 0x00, 0x03, 0x1C, 0x02, 0xBC, 0x00, 0x03,
    0x00, 0x07, 0x00, 0x0B, 0x00, 0x0F, 0x00, 0x00, 0x53, 0x33, 0x11, 0x23, 0x01, 0x33, 0x11, 0x23,
    0x01, 0x21, 0x15, 0x21, 0x03, 0x21, 0x15, 0x21, 0x89, 0x91, 0x91, 0x01, 0xA8, 0x91, 0x91, 0xFE,
    0x8F, 0x01, 0xEC, 0xFE, 0x14, 0x91, 0x02, 0xED, 0xFD, 0x13, 0x02, 0xBC, 0xFD, 0x44, 0x02, 0xBC,
    0xFD, 0x44, 0x01, 0x9F, 0x7E, 0x01, 0x4B, 0x7E, 0xFF, 0xFF, 0x00, 0x34, 0x00, 0x00, 0x02, 0x6D,
    0x03, 0x8E, 0x04, 0x26, 0x00, 0x2A, 0x00, 0x00, 0x00, 0x07, 0x01, 0xEC, 0x00, 0x91, 0x00, 0x8C,
    0x00, 0x01, 0x00, 0x34, 0x00, 0x00, 0x00, 0xC5, 0x02, 0xBC, 0x00, 0x03, 0x00, 0x00, 0x53, 0x33,
    0x11, 0x23, 0x34, 0x91, 0x91, 0x02, 0xBC, 0xFD, 0x44, 0x00, 0xFF, 0xFF, 0x00, 0x34, 0x00, 0x00,
    0x02, 0x22, 0x02, 0xBC, 0x04, 0x26, 0x00, 0x2D, 0x00, 0x00, 0x00, 0x07, 0x00, 0x38, 0x00, 0xF9,
    0x00, 0x00, 0xFF, 0xFF, 0x00, 0x34, 0x00, 0x00, 0x01, 0x23, 0x03, 0x8E, 0x04, 0x26, 0x00, 0x2D,
    0x00, 0x00, 0x00, 0x07, 0x01, 0xE9, 0x00, 0x38, 0x00, 0x8C, 0xFF, 0xFF, 0xFF, 0xF6, 0x00, 0x00,
    0x01, 0x04, 0x03, 0x8F, 0x04, 0x26, 0x00, 0x2D, 0x00, 0x00, 0x00, 0x07, 0x01, 0xF8, 0xFF, 0xD8,
    0x00, 0x8C, 0xFF, 0xFF, 0xFF, 0xFE, 0x00, 0x00, 0x00, 0xFB, 0x03, 0x8E, 0x04, 0x26, 0x00, 0x2D,
    0x00, 0x00, 0x00, 0x07, 0x01, 0xF7, 0xFF, 0xDB, 0x00, 0x8C, 0xFF, 0xFF, 0xFF, 0xE9, 0x00, 0x00,
    0x01, 0x10, 0x03, 0x84, 0x04, 0x26, 0x00, 0x2D, 0x00, 0x00, 0x00, 0x07, 0x01, 0xF6, 0xFF, 0xC6,
    0x00, 0x8C, 0xFF, 0xFF, 0x00, 0x34, 0x00, 0x00, 0x00, 0xC5, 0x03, 0x7A, 0x04, 0x26, 0x00, 0x2D,
    0x00, 0x00, 0x00, 0x07, 0x01, 0xE7, 0x00, 0x2D, 0x00, 0x8C, 0xFF, 0xFF, 0xFF, 0xD6, 0x00, 0x00,
    0x00, 0xC5, 0x03, 0x8E, 0x04, 0x26, 0x00, 0x2D, 0x00, 0x00, 0x00, 0x07, 0x01, 0xE8, 0xFF, 0xC4,
    0x00, 0x8C, 0xFF, 0xFF, 0xFF, 0xE5, 0x00, 0x00, 0x01, 0x16, 0x03, 0x80, 0x04, 0x26, 0x00, 0x2D,
    0x00, 0x00, 0x00, 0x07, 0x01, 0xF1, 0xFF, 0xD6, 0x00, 0x8C, 0xFF, 0xFF, 0x00, 0x18, 0xFF, 0x38,
    0x00, 0xDE, 0x02, 0xBC, 0x04, 0x26, 0x00, 0x2D, 0x00, 0x00, 0x00, 0x06, 0x01, 0xF5, 0xFA, 0x00,
    0xFF, 0xFF, 0xFF, 0xDC, 0x00, 0x00, 0x01, 0x1D, 0x03, 0x8D, 0x04, 0x26, 0x00, 0x2D, 0x00, 0x00,
    0x00, 0x07, 0x01, 0xF9, 0xFF, 0xC8, 0x00, 0x8C, 0x00, 0x01, 0x00, 0x1E, 0x00, 0x00, 0x01, 0x29,
    0x02, 0xBC, 0x00, 0x0B, 0x00, 0x00, 0x41, 0x11, 0x14, 0x06, 0x23, 0x23, 0x35, 0x33, 0x32, 0x36,
    0x35, 0x11, 0x01, 0x29, 0x62, 0x62, 0x47, 0x46, 0x1B, 0x19, 0x02, 0xBC, 0xFD, 0xF0, 0x56, 0x56,
    0x7E, 0x19, 0x19, 0x02, 0x0C, 0x00, 0xFF, 0xFF, 0x00, 0x1E, 0x00, 0x00, 0x01, 0x86, 0x03, 0x8E,
    0x04, 0x26, 0x00, 0x38, 0x00, 0x00, 0x00, 0x07, 0x01, 0xE9, 0x00, 0x9B, 0x00, 0x8C, 0xFF, 0xFF,
    0x00, 0x1E, 0x00, 0x00, 0x01, 0x5E, 0x03, 0x8E, 0x04, 0x26, 0x00, 0x38, 0x00, 0x00, 0x00, 0x07,
    0x01, 0xF7, 0x00, 0x3E, 0x00, 0x8C, 0x00, 0x03, 0x00, 0x34, 0x00, 0x00, 0x02, 0x67, 0x02, 0xBC,
    0x00, 0x03, 0x00, 0x07, 0x00, 0x0B, 0x00, 0x00, 0x53, 0x33, 0x11, 0x23, 0x01, 0x01, 0x27, 0x01,
    0x07, 0x01, 0x23, 0x03, 0x34, 0x8F, 0x8F, 0x02, 0x1F, 0xFE, 0x3A, 0x51, 0x01, 0x65, 0x67, 0x01,
    0x2D, 0xB2, 0xD2, 0x02, 0xBC, 0xFD, 0x44, 0x02, 0xBC, 0xFD, 0xC2, 0x79, 0x01, 0xC5, 0xFC, 0xFE,
    0x40, 0x01, 0x4F, 0x00, 0xFF, 0xFF, 0x00, 0x34, 0xFE, 0xEF, 0x02, 0x67, 0x02, 0xBC, 0x04, 0x26,
    0x00, 0x3B, 0x00, 0x00, 0x00, 0x07, 0x01, 0xF3, 0x00, 0xD9, 0x00, 0x00, 0x00, 0x02, 0x00, 0x34,
    0x00, 0x00, 0x01, 0xE3, 0x02, 0xBC, 0x00, 0x03, 0x00, 0x07, 0x00, 0x00, 0x53, 0x33, 0x11, 0x23,
    0x37, 0x21, 0x15, 0x21, 0x34, 0x91, 0x91, 0x91, 0x01, 0x1E, 0xFE, 0xE2, 0x02, 0xBC, 0xFD, 0x44,
    0x7E, 0x7E, 0xFF, 0xFF, 0x00, 0x34, 0x00, 0x00, 0x01, 0xE3, 0x03, 0x8E, 0x04, 0x26, 0x00, 0x3D,
    0x00, 0x00, 0x00, 0x07, 0x01, 0xE9, 0x00, 0x31, 0x00, 0x8C, 0xFF, 0xFF, 0x00, 0x34, 0x00, 0x00,
    0x01, 0xE3, 0x02, 0xBC, 0x04, 0x26, 0x00, 0x3D, 0x00, 0x00, 0x00, 0x07, 0x01, 0xEB, 0x00, 0xDE,
    0xFF, 0xCE, 0xFF, 0xFF, 0x00, 0x34, 0xFE, 0xEF, 0x01, 0xE3, 0x02, 0xBC, 0x04, 0x26, 0x00, 0x3D,
    0x00, 0x00, 0x00, 0x07, 0x01, 0xF3, 0x00, 0x97, 0x00, 0x00, 0x00, 0x03, 0x00, 0x2F, 0x00, 0x00,
    0x02, 0x30, 0x02, 0xBC, 0x00, 0x03, 0x00, 0x07, 0x00, 0x0B, 0x00, 0x00, 0x53, 0x33, 0x11, 0x23,
    0x37, 0x21, 0x15, 0x21, 0x03, 0x25, 0x15, 0x05, 0x81, 0x91, 0x91, 0x91, 0x01, 0x1E, 0xFE, 0xE2,
    0xE3, 0x01, 0x50, 0xFE, 0xB0, 0x02, 0xBC, 0xFD, 0x44, 0x7E, 0x7E, 0x01, 0x8B, 0x78, 0x78, 0x78,
    0x00, 0x04, 0x00, 0x34, 0x00, 0x00, 0x03, 0x17, 0x02, 0xBC, 0x00, 0x03, 0x00, 0x07, 0x00, 0x0B,
    0x00, 0x0F, 0x00, 0x00, 0x61, 0x03, 0x33, 0x13, 0x33, 0x23, 0x13, 0x33, 0x21, 0x33, 0x11, 0x23,
    0x01, 0x33, 0x11, 0x23, 0x01, 0x3F, 0xB5, 0x94, 0xAB, 0x43, 0x8A, 0xAB, 0x94, 0xFD, 0x73, 0x8C,
    0x8C, 0x02, 0x57, 0x8C, 0x8C, 0x02, 0xBC, 0xFD, 0x44, 0x02, 0xBC, 0xFD, 0x44, 0x02, 0xBC, 0xFD,
    0x44, 0x00, 0x00, 0x03, 0x00, 0x34, 0x00, 0x00, 0x02, 0x83, 0x02, 0xBC, 0x00, 0x03, 0x00, 0x07,
    0x00, 0x0B, 0x00, 0x00, 0x61, 0x01, 0x33, 0x01, 0x01, 0x33, 0x11, 0x23, 0x01, 0x33, 0x11, 0x23,
    0x01, 0xAD, 0xFE, 0xBF, 0x9E, 0x01, 0x41, 0xFD, 0xE9, 0x8C, 0x8C, 0x01, 0xC3, 0x8C, 0x8C, 0x02,
    0xBC, 0xFD, 0x44, 0x02, 0xBC, 0xFD, 0x44, 0x02, 0xBC, 0xFD, 0x44, 0x00, 0xFF, 0xFF, 0x00, 0x34,
    0x00, 0x00, 0x02, 0x83, 0x03, 0x8E, 0x04, 0x26, 0x00, 0x43, 0x00, 0x00, 0x00, 0x07, 0x01, 0xE9,
    0x01, 0x17, 0x00, 0x8C, 0xFF, 0xFF, 0x00, 0x34, 0x00, 0x00, 0x02, 0x83, 0x03, 0x8E, 0x04, 0x26,
    0x00, 0x43, 0x00, 0x00, 0x00, 0x07, 0x01, 0xED, 0x00, 0x9C, 0x00, 0x8C, 0xFF, 0xFF, 0x00, 0x34,
    0xFE, 0xEF, 0x02, 0x83, 0x02, 0xBC, 0x04, 0x26, 0x00, 0x43, 0x00, 0x00, 0x00, 0x07, 0x01, 0xF3,
    0x00, 0xF2, 0x00, 0x00, 0xFF, 0xFF, 0x00, 0x34, 0x00, 0x00, 0x02, 0x83, 0x03, 0x93, 0x04, 0x26,
    0x00, 0x43, 0x00, 0x00, 0x00, 0x07, 0x01, 0xF0, 0x00, 0x92, 0x00, 0x8C, 0x00, 0x02, 0x00, 0x1C,
    0xFF, 0xF0, 0x02, 0xCF, 0x02, 0xCC, 0x00, 0x11, 0x00, 0x21, 0x00, 0x00, 0x45, 0x22, 0x26, 0x26,
    0x35, 0x34, 0x3E, 0x02, 0x33, 0x32, 0x1E, 0x02, 0x15, 0x14, 0x06, 0x06, 0x27, 0x32, 0x36, 0x36,
    0x35, 0x34, 0x26, 0x26, 0x23, 0x22, 0x06, 0x06, 0x15, 0x14, 0x16, 0x16, 0x01, 0x76, 0x6F, 0x9B,
    0x50, 0x2D, 0x58, 0x81, 0x54, 0x53, 0x81, 0x58, 0x2D, 0x50, 0x9A, 0x6F, 0x44, 0x56, 0x28, 0x28,
    0x56, 0x44, 0x44, 0x57, 0x28, 0x28, 0x57, 0x10, 0x63, 0xA6, 0x66, 0x4B, 0x85, 0x64, 0x39, 0x39,
    0x64, 0x85, 0x4B, 0x66, 0xA6, 0x63, 0x84, 0x44, 0x6B, 0x3C, 0x3B, 0x6B, 0x43, 0x43, 0x6B, 0x3B,
    0x3C, 0x6B, 0x44, 0x00, 0xFF, 0xFF, 0x00, 0x1C, 0xFF, 0xF0, 0x02, 0xCF, 0x03, 0x8E, 0x04, 0x26,
    0x00, 0x48, 0x00, 0x00, 0x00, 0x07, 0x01, 0xE9, 0x01, 0x31, 0x00, 0x8C, 0xFF, 0xFF, 0x00, 0x1C,
    0xFF, 0xF0, 0x02, 0xCF, 0x03, 0x8E, 0x04, 0x26, 0x00, 0x48, 0x00, 0x00, 0x00, 0x07, 0x01, 0xEE,
    0x00, 0xAE, 0x00, 0x8C, 0xFF, 0xFF, 0x00, 0x1C, 0xFF, 0xF0, 0x02, 0xCF, 0x03, 0x8E, 0x04, 0x26,
    0x00, 0x48, 0x00, 0x00, 0x00, 0x07, 0x01, 0xEC, 0x00, 0xB6, 0x00, 0x8C, 0xFF, 0xFF, 0x00, 0x1C,
    0xFF, 0xF0, 0x02, 0xCF, 0x03, 0x8B, 0x04, 0x26, 0x00, 0x48, 0x00, 0x00, 0x00, 0x07, 0x01, 0xE6,
    0x00, 0xB5, 0x00, 0x8C, 0xFF, 0xFF, 0x00, 0x1C, 0xFF, 0xF0, 0x02, 0xCF, 0x03, 0x8E, 0x04, 0x26,
    0x00, 0x48, 0x00, 0x00, 0x00, 0x07, 0x01, 0xE8, 0x00, 0xBD, 0x00, 0x8C, 0xFF, 0xFF, 0x00, 0x1C,
    0xFF, 0xF0, 0x02, 0xCF, 0x03, 0x8E, 0x04, 0x26, 0x00, 0x48, 0x00, 0x00, 0x00, 0x07, 0x01, 0xEA,
    0x00, 0xD0, 0x00, 0x8C, 0xFF, 0xFF, 0x00, 0x1C, 0xFF, 0xF0, 0x02, 0xCF, 0x03, 0x80, 0x04, 0x26,
    0x00, 0x48, 0x00, 0x00, 0x00, 0x07, 0x01, 0xF1, 0x00, 0xCF, 0x00, 0x8C, 0x00, 0x03, 0x00, 0x1C,
    0xFF, 0xEF, 0x02, 0xCF, 0x02, 0xDB, 0x00, 0x11, 0x00, 0x15, 0x00, 0x29, 0x00, 0x00, 0x45, 0x22,
    0x26, 0x26, 0x35, 0x34, 0x3E, 0x02, 0x33, 0x32, 0x1E, 0x02, 0x15, 0x14, 0x06, 0x06, 0x05, 0x27,
    0x01, 0x17, 0x01, 0x32, 0x3E, 0x02, 0x35, 0x34, 0x2E, 0x02, 0x23, 0x22, 0x0E, 0x02, 0x15, 0x14,
    0x1E, 0x02, 0x01, 0x76, 0x6F, 0x9B, 0x50, 0x2D, 0x58, 0x81, 0x54, 0x53, 0x81, 0x58, 0x2D, 0x50,
    0x9A, 0xFE, 0xA1, 0x6A, 0x02, 0x49, 0x6A, 0xFE, 0xA7, 0x33, 0x49, 0x30, 0x16, 0x16, 0x30, 0x49,
    0x33, 0x33, 0x4A, 0x2F, 0x17, 0x17, 0x2F, 0x4A, 0x10, 0x63, 0xA6, 0x66, 0x4B, 0x85, 0x64, 0x39,
    0x39, 0x64, 0x85, 0x4B, 0x66, 0xA6, 0x63, 0x01, 0x5E, 0x02, 0x8E, 0x5E, 0xFD, 0xF7, 0x27, 0x43,
    0x54, 0x2D, 0x2C, 0x54, 0x42, 0x27, 0x27, 0x42, 0x54, 0x2C, 0x2D, 0x54, 0x43, 0x27, 0xFF, 0xFF,
    0x00, 0x1C, 0xFF, 0xF0, 0x02, 0xCF, 0x03, 0x93, 0x04, 0x26, 0x00, 0x48, 0x00, 0x00, 0x00, 0x07,
    0x01, 0xF0, 0x00, 0xAC, 0x00, 0x8C, 0x00, 0x06, 0x00, 0x1C, 0xFF, 0xF0, 0x04, 0x10, 0x02, 0xCC,
    0x00, 0x12, 0x00, 0x26, 0x00, 0x2A, 0x00, 0x2E, 0x00, 0x32, 0x00, 0x36, 0x00, 0x00, 0x45, 0x22,
    0x26, 0x26, 0x35, 0x34, 0x3E, 0x02, 0x33, 0x32, 0x1E, 0x02, 0x15, 0x14, 0x0E, 0x02, 0x27, 0x32,
    0x3E, 0x02, 0x35, 0x34, 0x2E, 0x02, 0x23, 0x22, 0x0E, 0x02, 0x15, 0x14, 0x1E, 0x02, 0x05, 0x35,
    0x21, 0x15, 0x21, 0x11, 0x33, 0x11, 0x11, 0x35, 0x21, 0x15, 0x01, 0x35, 0x21, 0x15, 0x01, 0x76,
    0x6F, 0x9B, 0x50, 0x2D, 0x58, 0x81, 0x54, 0x53, 0x69, 0x38, 0x15, 0x15, 0x38, 0x69, 0x53, 0x33,
    0x49, 0x30, 0x16, 0x16, 0x30, 0x49, 0x33, 0x33, 0x4A, 0x2F, 0x17, 0x17, 0x2F, 0x4A, 0x01, 0x87,
    0x01, 0x46, 0xFE, 0x29, 0x91, 0x01, 0x1A, 0xFE, 0x8C, 0x01, 0x9C, 0x10, 0x63, 0xA6, 0x66, 0x4B,
    0x85, 0x64, 0x39, 0x39, 0x64, 0x85, 0x4B, 0x4C, 0x85, 0x65, 0x39, 0x84, 0x27, 0x43, 0x54, 0x2D,
    0x2C, 0x54, 0x42, 0x27, 0x27, 0x42, 0x54, 0x2C, 0x2D, 0x54, 0x43, 0x27, 0x74, 0x7E, 0x7E, 0x02,
    0xBC, 0xFD, 0x44, 0x01, 0x21, 0x7E, 0x7E, 0x01, 0x1D, 0x7E, 0x7E, 0x00, 0x00, 0x04, 0x00, 0x34,
    0x00, 0x00, 0x02, 0x57, 0x02, 0xBC, 0x00, 0x03, 0x00, 0x07, 0x00, 0x19, 0x00, 0x1D, 0x00, 0x00,
    0x53, 0x33, 0x11, 0x23, 0x13, 0x33, 0x15, 0x23, 0x37, 0x32, 0x36, 0x36, 0x35, 0x34, 0x26, 0x26,
    0x23, 0x35, 0x32, 0x16, 0x16, 0x15, 0x14, 0x06, 0x06, 0x23, 0x03, 0x33, 0x15, 0x23, 0x34, 0x91,
    0x91, 0x37, 0xBB, 0xBB, 0xBB, 0x30, 0x45, 0x25, 0x25, 0x45, 0x30, 0x5B, 0x89, 0x4D, 0x4D, 0x89,
    0x5B, 0xBB, 0xBB, 0xBB, 0x02, 0xBC, 0xFD, 0x44, 0x01, 0x64, 0x7E, 0x7E, 0x11, 0x2F, 0x2D, 0x2D,
    0x2F, 0x11, 0x7E, 0x2E, 0x67, 0x56, 0x55, 0x68, 0x2E, 0x01, 0xD6, 0x7E, 0x00, 0x04, 0x00, 0x2A,
    0x00, 0x00, 0x02, 0x4D, 0x02, 0xBC, 0x00, 0x03, 0x00, 0x07, 0x00, 0x19, 0x00, 0x1D, 0x00, 0x00,
    0x53, 0x33, 0x11, 0x23, 0x37, 0x33, 0x15, 0x23, 0x37, 0x32, 0x36, 0x36, 0x35, 0x34, 0x26, 0x26,
    0x23, 0x35, 0x32, 0x16, 0x16, 0x15, 0x14, 0x06, 0x06, 0x23, 0x03, 0x33, 0x15, 0x23, 0x2A, 0x91,
    0x91, 0x37, 0xBB, 0xBB, 0xBB, 0x30, 0x45, 0x25, 0x25, 0x45, 0x30, 0x5B, 0x89, 0x4D, 0x4D, 0x89,
    0x5B, 0xBB, 0xBB, 0xBB, 0x02, 0xBC, 0xFD, 0x44, 0xF1, 0x7E, 0x7E, 0x11, 0x2F, 0x2D, 0x2D, 0x2F,
    0x11, 0x7E, 0x2E, 0x67, 0x56, 0x55, 0x68, 0x2E, 0x01, 0xD6, 0x7E, 0x00, 0x00, 0x03, 0x00, 0x1C,
    0xFF, 0x38, 0x02, 0xCF, 0x02, 0xCC, 0x00, 0x11, 0x00, 0x17, 0x00, 0x2B, 0x00, 0x00, 0x45, 0x22,
    0x26, 0x26, 0x35, 0x34, 0x3E, 0x02, 0x33, 0x32, 0x1E, 0x02, 0x15, 0x14, 0x06, 0x06, 0x07, 0x35,
    0x33, 0x15, 0x33, 0x15, 0x03, 0x32, 0x3E, 0x02, 0x35, 0x34, 0x2E, 0x02, 0x23, 0x22, 0x0E, 0x02,
    0x15, 0x14, 0x1E, 0x02, 0x01, 0x76, 0x6F, 0x9B, 0x50, 0x2D, 0x58, 0x81, 0x54, 0x53, 0x81, 0x58,
    0x2D, 0x50, 0x9A, 0xB8, 0x91, 0x7A, 0xC2, 0x33, 0x49, 0x30, 0x16, 0x16, 0x30, 0x49, 0x33, 0x33,
    0x4A, 0x2F, 0x17, 0x17, 0x2F, 0x4A, 0x10, 0x63, 0xA6, 0x66, 0x4B, 0x85, 0x64, 0x39, 0x39, 0x64,
    0x85, 0x4B, 0x66, 0xA6, 0x63, 0xB8, 0xE8, 0x6A, 0x7E, 0x01, 0x3C, 0x27, 0x43, 0x54, 0x2D, 0x2C,
    0x54, 0x42, 0x27, 0x27, 0x42, 0x54, 0x2C, 0x2D, 0x54, 0x43, 0x27, 0x00, 0x00, 0x05, 0x00, 0x34,
    0x00, 0x00, 0x02, 0x5C, 0x02, 0xBC, 0x00, 0x03, 0x00, 0x07, 0x00, 0x19, 0x00, 0x1D, 0x00, 0x21,
    0x00, 0x00, 0x53, 0x33, 0x11, 0x23, 0x13, 0x33, 0x15, 0x23, 0x37, 0x32, 0x36, 0x36, 0x35, 0x34,
    0x26, 0x26, 0x23, 0x35, 0x32, 0x16, 0x16, 0x15, 0x14, 0x06, 0x06, 0x23, 0x03, 0x33, 0x15, 0x23,
    0x17, 0x33, 0x13, 0x23, 0x34, 0x91, 0x91, 0x37, 0xBB, 0xBB, 0xBB, 0x30, 0x45, 0x25, 0x25, 0x45,
    0x30, 0x5B, 0x89, 0x4D, 0x4D, 0x89, 0x5B, 0xBB, 0xBB, 0xBB, 0xC3, 0x91, 0x9D, 0xA5, 0x02, 0xBC,
    0xFD, 0x44, 0x01, 0x6E, 0x7E, 0x7E, 0x13, 0x2D, 0x28, 0x28, 0x2D, 0x13, 0x7E, 0x2C, 0x64, 0x56,
    0x55, 0x65, 0x2C, 0x01, 0xCC, 0x7E, 0xFB, 0xFE, 0xBD, 0x00, 0xFF, 0xFF, 0x00, 0x34, 0x00, 0x00,
    0x02, 0x5C, 0x03, 0x8E, 0x04, 0x26, 0x00, 0x56, 0x00, 0x00, 0x00, 0x07, 0x01, 0xE9, 0x00, 0xEA,
    0x00, 0x8C, 0xFF, 0xFF, 0x00, 0x34, 0x00, 0x00, 0x02, 0x5C, 0x03, 0x8E, 0x04, 0x26, 0x00, 0x56,
    0x00, 0x00, 0x00, 0x07, 0x01, 0xED, 0x00, 0x6F, 0x00, 0x8C, 0xFF, 0xFF, 0x00, 0x34, 0xFE, 0xEF,
    0x02, 0x5C, 0x02, 0xBC, 0x04, 0x26, 0x00, 0x56, 0x00, 0x00, 0x00, 0x07, 0x01, 0xF3, 0x00, 0xD3,
    0x00, 0x00, 0x00, 0x01, 0x00, 0x23, 0xFF, 0xF0, 0x02, 0x59, 0x02, 0xCC, 0x00, 0x2D, 0x00, 0x00,
    0x77, 0x1E, 0x02, 0x33, 0x32, 0x36, 0x35, 0x34, 0x2E, 0x05, 0x35, 0x34, 0x36, 0x36, 0x33, 0x32,
    0x16, 0x16, 0x15, 0x23, 0x26, 0x26, 0x23, 0x22, 0x06, 0x15, 0x14, 0x1E, 0x05, 0x15, 0x14, 0x06,
    0x23, 0x22, 0x26, 0x26, 0x27, 0xBC, 0x04, 0x26, 0x3D, 0x26, 0x33, 0x46, 0x2C, 0x49, 0x56, 0x57,
    0x49, 0x2C, 0x47, 0x7D, 0x50, 0x4E, 0x7A, 0x47, 0x98, 0x04, 0x3D, 0x3B, 0x3A, 0x3E, 0x2C, 0x49,
    0x57, 0x56, 0x49, 0x2C, 0x92, 0x84, 0x51, 0x80, 0x4C, 0x03, 0xDF, 0x21, 0x30, 0x1A, 0x23, 0x26,
    0x1B, 0x20, 0x14, 0x14, 0x1D, 0x32, 0x51, 0x3E, 0x3C, 0x5D, 0x35, 0x3E, 0x6C, 0x44, 0x32, 0x38,
    0x2A, 0x20, 0x1E, 0x22, 0x16, 0x13, 0x1C, 0x30, 0x4F, 0x3D, 0x61, 0x6C, 0x3E, 0x6C, 0x45, 0x00,
    0xFF, 0xFF, 0x00, 0x23, 0xFF, 0xF0, 0x02, 0x59, 0x03, 0x8E, 0x04, 0x26, 0x00, 0x5A, 0x00, 0x00,
    0x00, 0x07, 0x01, 0xE9, 0x00, 0xF9, 0x00, 0x8C, 0xFF, 0xFF, 0x00, 0x23, 0xFF, 0xF0, 0x02, 0x59,
    0x03, 0x8E, 0x04, 0x26, 0x00, 0x5A, 0x00, 0x00, 0x00, 0x07, 0x01, 0xED, 0x00, 0x7E, 0x00, 0x8C,
    0xFF, 0xFF, 0x00, 0x23, 0xFF, 0x38, 0x02, 0x59, 0x02, 0xCC, 0x04, 0x26, 0x00, 0x5A, 0x00, 0x00,
    0x00, 0x07, 0x01, 0xF4, 0x00, 0xD0, 0x00, 0x00, 0xFF, 0xFF, 0x00, 0x23, 0xFF, 0xF0, 0x02, 0x59,
    0x03, 0x8E, 0x04, 0x26, 0x00, 0x5A, 0x00, 0x00, 0x00, 0x07, 0x01, 0xEC, 0x00, 0x7E, 0x00, 0x8C,
    0xFF, 0xFF, 0x00, 0x23, 0xFE, 0xEF, 0x02, 0x59, 0x02, 0xCC, 0x04, 0x26, 0x00, 0x5A, 0x00, 0x00,
    0x00, 0x07, 0x01, 0xF3, 0x00, 0xD4, 0x00, 0x00, 0x00, 0x01, 0x00, 0x34, 0x00, 0x00, 0x02, 0x71,
    0x02, 0xBC, 0x00, 0x1F, 0x00, 0x00, 0x73, 0x35, 0x33, 0x32, 0x36, 0x36, 0x35, 0x34, 0x26, 0x26,
    0x23, 0x23, 0x35, 0x37, 0x17, 0x23, 0x11, 0x23, 0x11, 0x21, 0x15, 0x07, 0x27, 0x36, 0x16, 0x16,
    0x15, 0x14, 0x0E, 0x02, 0x23, 0xF3, 0x6B, 0x21, 0x39, 0x22, 0x22, 0x39, 0x21, 0x4D, 0x98, 0x15,
    0xF9, 0x91, 0x02, 0x0F, 0x95, 0x19, 0x53, 0x60, 0x29, 0x2B, 0x4B, 0x64, 0x39, 0x7E, 0x0D, 0x25,
    0x23, 0x23, 0x22, 0x0A, 0x64, 0xDE, 0x26, 0xFD, 0xC2, 0x02, 0xBC, 0x7E, 0xD5, 0x22, 0x02, 0x33,
    0x55, 0x32, 0x3C, 0x52, 0x30, 0x15, 0x00, 0x02, 0x00, 0x14, 0x00, 0x00, 0x02, 0x59, 0x02, 0xBC,
    0x00, 0x03, 0x00, 0x07, 0x00, 0x00, 0x53, 0x33, 0x11, 0x23, 0x03, 0x21, 0x15, 0x21, 0xEE, 0x91,
    0x91, 0xDA, 0x02, 0x45, 0xFD, 0xBB, 0x02, 0xBC, 0xFD, 0x44, 0x02, 0xBC, 0x7E, 0x00, 0xFF, 0xFF,
    0x00, 0x14, 0x00, 0x00, 0x02, 0x59, 0x03, 0x8E, 0x04, 0x26, 0x00, 0x61, 0x00, 0x00, 0x00, 0x07,
    0x01, 0xED, 0x00, 0x77, 0x00, 0x8C, 0xFF, 0xFF, 0x00, 0x14, 0xFF, 0x38, 0x02, 0x59, 0x02, 0xBC,
    0x04, 0x26, 0x00, 0x61, 0x00, 0x00, 0x00, 0x07, 0x01, 0xF4, 0x00, 0xB2, 0x00, 0x00, 0xFF, 0xFF,
    0x00, 0x14, 0xFE, 0xEF, 0x02, 0x59, 0x02, 0xBC, 0x04, 0x26, 0x00, 0x61, 0x00, 0x00, 0x00, 0x07,
    0x01, 0xF3, 0x00, 0xCD, 0x00, 0x00, 0x00, 0x03, 0x00, 0x2F, 0xFF, 0xF0, 0x02, 0x72, 0x02, 0xBC,
    0x00, 0x11, 0x00, 0x15, 0x00, 0x19, 0x00, 0x00, 0x41, 0x14, 0x06, 0x06, 0x23, 0x22, 0x26, 0x26,
    0x35, 0x33, 0x14, 0x16, 0x16, 0x33, 0x32, 0x36, 0x36, 0x35, 0x01, 0x33, 0x11, 0x23, 0x01, 0x33,
    0x11, 0x23, 0x02, 0x72, 0x3A, 0x7F, 0x68, 0x69, 0x7F, 0x3A, 0x91, 0x19, 0x40, 0x38, 0x38, 0x3F,
    0x19, 0xFE, 0x4E, 0x91, 0x91, 0x01, 0xB2, 0x91, 0x91, 0x01, 0x2C, 0x63, 0x8D, 0x4C, 0x4C, 0x8D,
    0x63, 0x3A, 0x53, 0x2C, 0x2C, 0x53, 0x3A, 0x01, 0x90, 0xFE, 0x70, 0x01, 0x90, 0xFE, 0x70, 0x00,
    0xFF, 0xFF, 0x00, 0x2F, 0xFF, 0xF0, 0x02, 0x72, 0x03, 0x8E, 0x04, 0x26, 0x00, 0x65, 0x00, 0x00,
    0x00, 0x07, 0x01, 0xE9, 0x01, 0x0C, 0x00, 0x8C, 0xFF, 0xFF, 0x00, 0x2F, 0xFF, 0xF0, 0x02, 0x72,
    0x03, 0x8E, 0x04, 0x26, 0x00, 0x65, 0x00, 0x00, 0x00, 0x07, 0x01, 0xEE, 0x00, 0x89, 0x00, 0x8C,
    0xFF, 0xFF, 0x00, 0x2F, 0xFF, 0xF0, 0x02, 0x72, 0x03, 0x8E, 0x04, 0x26, 0x00, 0x65, 0x00, 0x00,
    0x00, 0x07, 0x01, 0xEC, 0x00, 0x91, 0x00, 0x8C, 0xFF, 0xFF, 0x00, 0x2F, 0xFF, 0xF0, 0x02, 0x72,
    0x03, 0x8B, 0x04, 0x26, 0x00, 0x65, 0x00, 0x00, 0x00, 0x07, 0x01, 0xE6, 0x00, 0x90, 0x00, 0x8C,
    0xFF, 0xFF, 0x00, 0x2F, 0xFF, 0xF0, 0x02, 0x72, 0x03, 0x8E, 0x04, 0x26, 0x00, 0x65, 0x00, 0x00,
    0x00, 0x07, 0x01, 0xE8, 0x00, 0x98, 0x00, 0x8C, 0xFF, 0xFF, 0x00, 0x2F, 0xFF, 0xF0, 0x02, 0x72,
    0x03, 0x8E, 0x04, 0x26, 0x00, 0x65, 0x00, 0x00, 0x00, 0x07, 0x01, 0xEA, 0x00, 0xAB, 0x00, 0x8C,
    0xFF, 0xFF, 0x00, 0x2F, 0xFF, 0xF0, 0x02, 0x72, 0x03, 0x80, 0x04, 0x26, 0x00, 0x65, 0x00, 0x00,
    0x00, 0x07, 0x01, 0xF1, 0x00, 0xAA, 0x00, 0x8C, 0xFF, 0xFF, 0x00, 0x2F, 0xFF, 0x42, 0x02, 0x72,
    0x02, 0xBC, 0x04, 0x26, 0x00, 0x65, 0x00, 0x00, 0x00, 0x07, 0x01, 0xF5, 0x01, 0x16, 0x00, 0x0A,
    0xFF, 0xFF, 0x00, 0x2F, 0xFF, 0xF0, 0x02, 0x72, 0x03, 0xAB, 0x04, 0x26, 0x00, 0x65, 0x00, 0x00,
    0x00, 0x07, 0x01, 0xEF, 0x00, 0xDC, 0x00, 0x83, 0xFF, 0xFF, 0x00, 0x2F, 0xFF, 0xF0, 0x02, 0x72,
    0x03, 0x93, 0x04, 0x26, 0x00, 0x65, 0x00, 0x00, 0x00, 0x07, 0x01, 0xF0, 0x00, 0x87, 0x00, 0x8C,
    0x00, 0x02, 0x00, 0x14, 0x00, 0x00, 0x02, 0x87, 0x02, 0xBC, 0x00, 0x03, 0x00, 0x07, 0x00, 0x00,
    0x73, 0x03, 0x33, 0x13, 0x33, 0x23, 0x13, 0x33, 0xE7, 0xD3, 0x94, 0xC9, 0x43, 0x8A, 0xC9, 0x94,
    0x02, 0xBC, 0xFD, 0x44, 0x02, 0xBC, 0x00, 0x04, 0x00, 0x14, 0x00, 0x00, 0x03, 0xEE, 0x02, 0xBC,
    0x00, 0x03, 0x00, 0x07, 0x00, 0x0B, 0x00, 0x0F, 0x00, 0x00, 0x73, 0x03, 0x33, 0x13, 0x33, 0x23,
    0x13, 0x33, 0x13, 0x03, 0x33, 0x13, 0x33, 0x23, 0x13, 0x33, 0xC9, 0xB5, 0x8F, 0xAB, 0x3E, 0x85,
    0xAB, 0x8F, 0x35, 0xB5, 0x8F, 0xAB, 0x3E, 0x85, 0xAB, 0x8F, 0x02, 0xBC, 0xFD, 0x44, 0x02, 0xBC,
    0xFD, 0x44, 0x02, 0xBC, 0xFD, 0x44, 0x02, 0xBC, 0xFF, 0xFF, 0x00, 0x14, 0x00, 0x00, 0x03, 0xEE,
    0x03, 0x8E, 0x04, 0x26, 0x00, 0x71, 0x00, 0x00, 0x00, 0x07, 0x01, 0xE9, 0x01, 0xBC, 0x00, 0x8C,
    0xFF, 0xFF, 0x00, 0x14, 0x00, 0x00, 0x03, 0xEE, 0x03, 0x8E, 0x04, 0x26, 0x00, 0x71, 0x00, 0x00,
    0x00, 0x07, 0x01, 0xEC, 0x01, 0x41, 0x00, 0x8C, 0xFF, 0xFF, 0x00, 0x14, 0x00, 0x00, 0x03, 0xEE,
    0x03, 0x8B, 0x04, 0x26, 0x00, 0x71, 0x00, 0x00, 0x00, 0x07, 0x01, 0xE6, 0x01, 0x40, 0x00, 0x8C,
    0xFF, 0xFF, 0x00, 0x14, 0x00, 0x00, 0x03, 0xEE, 0x03, 0x8E, 0x04, 0x26, 0x00, 0x71, 0x00, 0x00,
    0x00, 0x07, 0x01, 0xE8, 0x01, 0x48, 0x00, 0x8C, 0x00, 0x02, 0x00, 0x14, 0x00, 0x00, 0x02, 0x89,
    0x02, 0xBC, 0x00, 0x03, 0x00, 0x07, 0x00, 0x00, 0x61, 0x01, 0x33, 0x01, 0x21, 0x23, 0x01, 0x33,
    0x01, 0xE1, 0xFE, 0x36, 0xA8, 0x01, 0xCA, 0xFE, 0x33, 0xA8, 0x01, 0xCA, 0xA8, 0x02, 0xBC, 0xFD,
    0x44, 0x02, 0xBC, 0x00, 0x00, 0x02, 0x00, 0x14, 0x00, 0x00, 0x02, 0x5F, 0x02, 0xBC, 0x00, 0x07,
    0x00, 0x0B, 0x00, 0x00, 0x65, 0x03, 0x33, 0x13, 0x23, 0x13, 0x33, 0x03, 0x27, 0x33, 0x11, 0x23,
    0x01, 0x04, 0xF0, 0x94, 0xA5, 0x26, 0xA4, 0x94, 0xF0, 0x7E, 0x91, 0x91, 0xC0, 0x01, 0xFC, 0xFE,
    0x97, 0x01, 0x69, 0xFE, 0x04, 0x9D, 0xFE, 0xA3, 0xFF, 0xFF, 0x00, 0x14, 0x00, 0x00, 0x02, 0x5F,
    0x03, 0x8E, 0x04, 0x26, 0x00, 0x77, 0x00, 0x00, 0x00, 0x07, 0x01, 0xE9, 0x00, 0xF5, 0x00, 0x8C,
    0xFF, 0xFF, 0x00, 0x14, 0x00, 0x00, 0x02, 0x5F, 0x03, 0x8E, 0x04, 0x26, 0x00, 0x77, 0x00, 0x00,
    0x00, 0x07, 0x01, 0xEC, 0x00, 0x7A, 0x00, 0x8C, 0xFF, 0xFF, 0x00, 0x14, 0x00, 0x00, 0x02, 0x5F,
    0x03, 0x8B, 0x04, 0x26, 0x00, 0x77, 0x00, 0x00, 0x00, 0x07, 0x01, 0xE6, 0x00, 0x79, 0x00, 0x8C,
    0xFF, 0xFF, 0x00, 0x14, 0x00, 0x00, 0x02, 0x5F, 0x03, 0x8E, 0x04, 0x26, 0x00, 0x77, 0x00, 0x00,
    0x00, 0x07, 0x01, 0xE8, 0x00, 0x81, 0x00, 0x8C, 0xFF, 0xFF, 0x00, 0x14, 0x00, 0x00, 0x02, 0x5F,
    0x03, 0x93, 0x04, 0x26, 0x00, 0x77, 0x00, 0x00, 0x00, 0x07, 0x01, 0xF0, 0x00, 0x70, 0x00, 0x8C,
    0x00, 0x03, 0x00, 0x1E, 0x00, 0x00, 0x02, 0x3F, 0x02, 0xBC, 0x00, 0x04, 0x00, 0x09, 0x00, 0x0E,
    0x00, 0x00, 0x53, 0x21, 0x15, 0x07, 0x21, 0x13, 0x27, 0x01, 0x33, 0x15, 0x13, 0x21, 0x35, 0x37,
    0x21, 0x28, 0x02, 0x13, 0x4E, 0xFE, 0x3B, 0x6C, 0x76, 0x01, 0xA8, 0x75, 0x04, 0xFD, 0xDF, 0x4E,
    0x01, 0xD3, 0x02, 0xBC, 0x53, 0x2B, 0xFD, 0xC2, 0x53, 0x02, 0x69, 0x53, 0xFD, 0x97, 0x53, 0x2B,
    0xFF, 0xFF, 0x00, 0x1E, 0x00, 0x00, 0x02, 0x3F, 0x03, 0x8E, 0x04, 0x26, 0x00, 0x7D, 0x00, 0x00,
    0x00, 0x07, 0x01, 0xE9, 0x00, 0xEA, 0x00, 0x8C, 0xFF, 0xFF, 0x00, 0x1E, 0x00, 0x00, 0x02, 0x3F,
    0x03, 0x8E, 0x04, 0x26, 0x00, 0x7D, 0x00, 0x00, 0x00, 0x07, 0x01, 0xED, 0x00, 0x6F, 0x00, 0x8C,
    0xFF, 0xFF, 0x00, 0x1E, 0x00, 0x00, 0x02, 0x3F, 0x03, 0x7A, 0x04, 0x26, 0x00, 0x7D, 0x00, 0x00,
    0x00, 0x07, 0x01, 0xE7, 0x00, 0xDF, 0x00, 0x8C, 0x00, 0x01, 0x00, 0x32, 0x01, 0x8E, 0x00, 0xD7,
    0x02, 0xCC, 0x00, 0x03, 0x00, 0x00, 0x53, 0x33, 0x03, 0x23, 0x32, 0xA5, 0x14, 0x7D, 0x02, 0xCC,
    0xFE, 0xC2, 0xFF, 0xFF, 0x00, 0x34, 0xFE, 0xEF, 0x01, 0xE3, 0x02, 0xBC, 0x04, 0x26, 0x00, 0x3D,
    0x00, 0x00, 0x00, 0x07, 0x01, 0xF3, 0x00, 0x97, 0x00, 0x00, 0xFF, 0xFF, 0x00, 0x34, 0xFE, 0xEF,
    0x02, 0x83, 0x02, 0xBC, 0x04, 0x26, 0x00, 0x43, 0x00, 0x00, 0x00, 0x07, 0x01, 0xF3, 0x00, 0xF2,
    0x00, 0x00, 0x00, 0x02, 0x00, 0x34, 0x00, 0x00, 0x02, 0x43, 0x02, 0xBC, 0x00, 0x29, 0x00, 0x2D,
    0x00, 0x00, 0x73, 0x35, 0x33, 0x32, 0x36, 0x36, 0x35, 0x34, 0x26, 0x26, 0x23, 0x23, 0x35, 0x33,
    0x32, 0x36, 0x36, 0x35, 0x34, 0x26, 0x26, 0x23, 0x23, 0x35, 0x33, 0x32, 0x16, 0x16, 0x15, 0x14,
    0x06, 0x06, 0x07, 0x35, 0x1E, 0x02, 0x15, 0x14, 0x06, 0x06, 0x23, 0x27, 0x11, 0x33, 0x11, 0xC5,
    0x6B, 0x21, 0x39, 0x22, 0x22, 0x39, 0x21, 0x6B, 0x44, 0x21, 0x39, 0x22, 0x22, 0x39, 0x21, 0x9E,
    0x9E, 0x4C, 0x7D, 0x4A, 0x16, 0x34, 0x2F, 0x2D, 0x49, 0x2A, 0x4A, 0x7D, 0x4C, 0xFC, 0x91, 0x7E,
    0x0D, 0x25, 0x23, 0x23, 0x22, 0x0A, 0x7E, 0x0A, 0x22, 0x23, 0x23, 0x22, 0x0A, 0x7E, 0x23, 0x59,
    0x51, 0x20, 0x45, 0x31, 0x03, 0x21, 0x02, 0x2C, 0x48, 0x2E, 0x50, 0x5D, 0x26, 0x42, 0x02, 0x7A,
    0xFD, 0x86, 0x00, 0x04, 0x00, 0x34, 0x00, 0x00, 0x02, 0x93, 0x02, 0xBC, 0x00, 0x03, 0x00, 0x07,
    0x00, 0x19, 0x00, 0x1D, 0x00, 0x00, 0x53, 0x33, 0x11, 0x23, 0x37, 0x33, 0x15, 0x23, 0x37, 0x32,
    0x36, 0x36, 0x35, 0x34, 0x26, 0x26, 0x23, 0x35, 0x32, 0x16, 0x16, 0x15, 0x14, 0x06, 0x06, 0x23,
    0x03, 0x33, 0x15, 0x23, 0x34, 0x91, 0x91, 0x91, 0x75, 0x75, 0x75, 0x44, 0x56, 0x28, 0x28, 0x56,
    0x44, 0x6F, 0x9A, 0x50, 0x50, 0x9A, 0x6F, 0xCF, 0xCF, 0xCF, 0x02, 0xBC, 0xFD, 0x86, 0x3C, 0x7E,
    0x7E, 0x3F, 0x66, 0x3C, 0x3B, 0x66, 0x3E, 0x7E, 0x5B, 0x9D, 0x65, 0x66, 0x9E, 0x5B, 0x02, 0xBC,
    0x7E, 0x00, 0x00, 0x04, 0x00, 0x34, 0x00, 0x00, 0x02, 0x1F, 0x02, 0xBC, 0x00, 0x03, 0x00, 0x07,
    0x00, 0x0B, 0x00, 0x0F, 0x00, 0x00, 0x77, 0x11, 0x33, 0x11, 0x15, 0x35, 0x21, 0x15, 0x01, 0x35,
    0x21, 0x15, 0x01, 0x35, 0x21, 0x15, 0x34, 0x91, 0x01, 0x5A, 0xFE, 0xA6, 0x01, 0x2E, 0xFE, 0xD2,
    0x01, 0x56, 0x42, 0x02, 0x7A, 0xFD, 0x86, 0x42, 0x7E, 0x7E, 0x01, 0x21, 0x7E, 0x7E, 0x01, 0x1D,
    0x7E, 0x7E, 0x00, 0x03, 0x00, 0x34, 0x00, 0x00, 0x02, 0x11, 0x02, 0xBC, 0x00, 0x03, 0x00, 0x07,
    0x00, 0x0B, 0x00, 0x00, 0x53, 0x21, 0x15, 0x21, 0x11, 0x21, 0x15, 0x21, 0x35, 0x11, 0x23, 0x11,
    0xC5, 0x01, 0x24, 0xFE, 0xDC, 0x01, 0x4C, 0xFE, 0xB4, 0x91, 0x01, 0x8B, 0x7E, 0x01, 0xAF, 0x7E,
    0x3C, 0xFD, 0x86, 0x02, 0x7A, 0x00, 0x00, 0x04, 0x00, 0x34, 0x00, 0x00, 0x02, 0x57, 0x02, 0xBC,
    0x00, 0x03, 0x00, 0x15, 0x00, 0x19, 0x00, 0x1D, 0x00, 0x00, 0x53, 0x33, 0x15, 0x23, 0x37, 0x32,
    0x36, 0x36, 0x35, 0x34, 0x26, 0x26, 0x23, 0x35, 0x32, 0x16, 0x16, 0x15, 0x14, 0x06, 0x06, 0x23,
    0x03, 0x33, 0x15, 0x23, 0x35, 0x11, 0x23, 0x11, 0xC5, 0x61, 0x61, 0x61, 0x30, 0x45, 0x25, 0x25,
    0x45, 0x30, 0x5B, 0x89, 0x4D, 0x4D, 0x89, 0x5B, 0x61, 0x61, 0x61, 0x91, 0x01, 0x64, 0x7E, 0x7E,
    0x11, 0x2F, 0x2D, 0x2D, 0x2F, 0x11, 0x7E, 0x2E, 0x67, 0x56, 0x55, 0x68, 0x2E, 0x01, 0xD6, 0x7E,
    0x3C, 0xFD, 0x86, 0x02, 0x7A, 0x00, 0x00, 0x04, 0x00, 0x1C, 0xFF, 0x38, 0x02, 0xCF, 0x02, 0xCC,
    0x00, 0x11, 0x00, 0x15, 0x00, 0x19, 0x00, 0x2D, 0x00, 0x00, 0x45, 0x22, 0x26, 0x26, 0x35, 0x34,
    0x3E, 0x02, 0x33, 0x32, 0x1E, 0x02, 0x15, 0x14, 0x06, 0x06, 0x07, 0x35, 0x33, 0x15, 0x15, 0x35,
    0x33, 0x15, 0x03, 0x32, 0x3E, 0x02, 0x35, 0x34, 0x2E, 0x02, 0x23, 0x22, 0x0E, 0x02, 0x15, 0x14,
    0x1E, 0x02, 0x01, 0x76, 0x6F, 0x9B, 0x50, 0x2D, 0x58, 0x81, 0x54, 0x53, 0x81, 0x58, 0x2D, 0x50,
    0x9A, 0xB7, 0x8F, 0x7C, 0xC3, 0x33, 0x49, 0x30, 0x16, 0x16, 0x30, 0x49, 0x33, 0x33, 0x4A, 0x2F,
    0x17, 0x17, 0x2F, 0x4A, 0x10, 0x63, 0xA6, 0x66, 0x4B, 0x85, 0x64, 0x39, 0x39, 0x64, 0x85, 0x4B,
    0x66, 0xA6, 0x63, 0x7C, 0xAC, 0xAC, 0x3C, 0x7E, 0x7E, 0x01, 0x3C, 0x27, 0x43, 0x54, 0x2D, 0x2C,
    0x54, 0x42, 0x27, 0x27, 0x42, 0x54, 0x2C, 0x2D, 0x54, 0x43, 0x27, 0x00, 0x00, 0x05, 0x00, 0x34,
    0x00, 0x00, 0x02, 0x5C, 0x02, 0xBC, 0x00, 0x03, 0x00, 0x15, 0x00, 0x19, 0x00, 0x1D, 0x00, 0x21,
    0x00, 0x00, 0x53, 0x33, 0x15, 0x23, 0x37, 0x32, 0x36, 0x36, 0x35, 0x34, 0x26, 0x26, 0x23, 0x35,
    0x32, 0x16, 0x16, 0x15, 0x14, 0x06, 0x06, 0x23, 0x03, 0x33, 0x15, 0x23, 0x17, 0x33, 0x13, 0x23,
    0x03, 0x11, 0x23, 0x11, 0xC5, 0x61, 0x61, 0x61, 0x30, 0x45, 0x25, 0x25, 0x45, 0x30, 0x5B, 0x89,
    0x4D, 0x4D, 0x89, 0x5B, 0x61, 0x61, 0x61, 0x69, 0x91, 0x9D, 0xA5, 0xF2, 0x91, 0x01, 0x6E, 0x7E,
    0x7E, 0x13, 0x2D, 0x28, 0x28, 0x2D, 0x13, 0x7E, 0x2C, 0x64, 0x56, 0x55, 0x65, 0x2C, 0x01, 0xCC,
    0x7E, 0xFB, 0xFE, 0xBD, 0x02, 0x7A, 0xFD, 0x86, 0x02, 0x7A, 0x00, 0x03, 0x00, 0x23, 0xFF, 0xF0,
    0x02, 0x14, 0x02, 0x40, 0x00, 0x03, 0x00, 0x13, 0x00, 0x2D, 0x00, 0x00, 0x41, 0x33, 0x11, 0x23,
    0x03, 0x32, 0x16, 0x15, 0x23, 0x34, 0x26, 0x26, 0x23, 0x22, 0x06, 0x15, 0x23, 0x34, 0x36, 0x36,
    0x17, 0x17, 0x26, 0x06, 0x15, 0x14, 0x16, 0x33, 0x32, 0x36, 0x36, 0x35, 0x17, 0x14, 0x06, 0x06,
    0x23, 0x22, 0x26, 0x26, 0x35, 0x34, 0x3E, 0x03, 0x01, 0x85, 0x8F, 0x8F, 0x63, 0x77, 0x7B, 0x8F,
    0x0E, 0x2B, 0x2A, 0x35, 0x35, 0x95, 0x3C, 0x72, 0xC2, 0x15, 0x76, 0x67, 0x29, 0x1B, 0x1A, 0x37,
    0x25, 0x1B, 0x2A, 0x4D, 0x36, 0x37, 0x55, 0x31, 0x2B, 0x49, 0x5B, 0x61, 0x01, 0x40, 0xFE, 0xC0,
    0x02, 0x40, 0x8A, 0x76, 0x24, 0x3B, 0x24, 0x35, 0x23, 0x39, 0x61, 0x3B, 0xE0, 0x5F, 0x05, 0x37,
    0x28, 0x1B, 0x1A, 0x10, 0x2E, 0x2D, 0x2C, 0x38, 0x57, 0x32, 0x29, 0x4E, 0x38, 0x36, 0x46, 0x29,
    0x14, 0x07, 0xFF, 0xFF, 0x00, 0x23, 0xFF, 0xF0, 0x02, 0x14, 0x03, 0x02, 0x04, 0x26, 0x00, 0x8B,
    0x00, 0x00, 0x00, 0x07, 0x01, 0xE9, 0x00, 0xDE, 0x00, 0x00, 0xFF, 0xFF, 0x00, 0x23, 0xFF, 0xF0,
    0x02, 0x14, 0x03, 0x02, 0x04, 0x26, 0x00, 0x8B, 0x00, 0x00, 0x00, 0x07, 0x01, 0xEE, 0x00, 0x5B,
    0x00, 0x00, 0xFF, 0xFF, 0x00, 0x23, 0xFF, 0xF0, 0x02, 0x14, 0x03, 0x02, 0x04, 0x26, 0x00, 0x8B,
    0x00, 0x00, 0x00, 0x07, 0x01, 0xEC, 0x00, 0x63, 0x00, 0x00, 0xFF, 0xFF, 0x00, 0x23, 0xFF, 0xF0,
    0x02, 0x14, 0x02, 0xFF, 0x04, 0x26, 0x00, 0x8B, 0x00, 0x00, 0x00, 0x06, 0x01, 0xE6, 0x62, 0x00,
    0xFF, 0xFF, 0x00, 0x23, 0xFF, 0xF0, 0x02, 0x14, 0x03, 0x02, 0x04, 0x26, 0x00, 0x8B, 0x00, 0x00,
    0x00, 0x07, 0x01, 0xE8, 0x00, 0x6A, 0x00, 0x00, 0xFF, 0xFF, 0x00, 0x23, 0xFF, 0xF0, 0x02, 0x14,
    0x02, 0xF4, 0x04, 0x26, 0x00, 0x8B, 0x00, 0x00, 0x00, 0x06, 0x01, 0xF1, 0x7C, 0x00, 0xFF, 0xFF,
    0x00, 0x23, 0xFF, 0x38, 0x02, 0x2D, 0x02, 0x40, 0x04, 0x26, 0x00, 0x8B, 0x00, 0x00, 0x00, 0x07,
    0x01, 0xF5, 0x01, 0x49, 0x00, 0x00, 0xFF, 0xFF, 0x00, 0x23, 0xFF, 0xF0, 0x02, 0x14, 0x03, 0x28,
    0x04, 0x26, 0x00, 0x8B, 0x00, 0x00, 0x00, 0x07, 0x01, 0xEF, 0x00, 0xB1, 0x00, 0x00, 0xFF, 0xFF,
    0x00, 0x23, 0xFF, 0xF0, 0x02, 0x14, 0x03, 0x07, 0x04, 0x26, 0x00, 0x8B, 0x00, 0x00, 0x00, 0x06,
    0x01, 0xF0, 0x59, 0x00, 0x00, 0x04, 0x00, 0x23, 0xFF, 0xF0, 0x03, 0xAD, 0x02, 0x40, 0x00, 0x24,
    0x00, 0x3D, 0x00, 0x4F, 0x00, 0x53, 0x00, 0x00, 0x45, 0x22, 0x26, 0x26, 0x35, 0x34, 0x36, 0x36,
    0x33, 0x32, 0x1E, 0x02, 0x07, 0x21, 0x35, 0x21, 0x07, 0x36, 0x26, 0x26, 0x23, 0x22, 0x06, 0x06,
    0x15, 0x14, 0x16, 0x16, 0x33, 0x32, 0x36, 0x37, 0x33, 0x0E, 0x02, 0x21, 0x22, 0x26, 0x26, 0x35,
    0x34, 0x3E, 0x03, 0x37, 0x17, 0x26, 0x06, 0x15, 0x14, 0x16, 0x33, 0x32, 0x36, 0x36, 0x35, 0x17,
    0x06, 0x06, 0x13, 0x34, 0x26, 0x26, 0x23, 0x22, 0x06, 0x06, 0x15, 0x23, 0x34, 0x36, 0x36, 0x33,
    0x32, 0x16, 0x16, 0x15, 0x07, 0x35, 0x33, 0x15, 0x02, 0xA2, 0x56, 0x81, 0x47, 0x47, 0x81, 0x56,
    0x39, 0x66, 0x4A, 0x22, 0x0C, 0xFE, 0x34, 0x01, 0x6B, 0x2E, 0x05, 0x15, 0x34, 0x2C, 0x33, 0x3E,
    0x1B, 0x1B, 0x3E, 0x33, 0x29, 0x36, 0x0B, 0x97, 0x0C, 0x46, 0x6B, 0xFE, 0x0D, 0x37, 0x55, 0x31,
    0x2B, 0x49, 0x5B, 0x61, 0x2D, 0x15, 0x76, 0x67, 0x29, 0x1B, 0x1A, 0x37, 0x25, 0x5B, 0x18, 0x7D,
    0x3A, 0x0C, 0x2A, 0x2D, 0x2B, 0x2E, 0x11, 0x95, 0x3C, 0x72, 0x51, 0x4F, 0x6C, 0x37, 0x8F, 0x8F,
    0x10, 0x4B, 0x86, 0x56, 0x52, 0x87, 0x50, 0x2E, 0x58, 0x80, 0x52, 0x74, 0x1B, 0x1D, 0x3B, 0x27,
    0x2D, 0x4D, 0x2F, 0x2E, 0x4C, 0x2D, 0x26, 0x1C, 0x3A, 0x57, 0x31, 0x29, 0x4E, 0x38, 0x36, 0x46,
    0x29, 0x14, 0x07, 0x01, 0x79, 0x05, 0x21, 0x28, 0x1B, 0x16, 0x10, 0x2E, 0x2D, 0x50, 0x4B, 0x52,
    0x01, 0x50, 0x24, 0x39, 0x21, 0x1B, 0x2B, 0x17, 0x39, 0x66, 0x40, 0x43, 0x73, 0x4A, 0x70, 0x70,
    0x70, 0x00, 0x00, 0x03, 0x00, 0x30, 0xFF, 0xF0, 0x02, 0x5B, 0x02, 0xEE, 0x00, 0x10, 0x00, 0x14,
    0x00, 0x24, 0x00, 0x00, 0x45, 0x22, 0x26, 0x26, 0x27, 0x27, 0x3E, 0x02, 0x33, 0x32, 0x16, 0x16,
    0x15, 0x14, 0x06, 0x06, 0x25, 0x11, 0x33, 0x11, 0x37, 0x32, 0x36, 0x36, 0x35, 0x34, 0x26, 0x26,
    0x23, 0x22, 0x06, 0x06, 0x15, 0x14, 0x16, 0x16, 0x01, 0x5F, 0x44, 0x54, 0x2E, 0x0B, 0x02, 0x0D,
    0x32, 0x54, 0x40, 0x50, 0x70, 0x3C, 0x3C, 0x70, 0xFE, 0x81, 0x8F, 0x87, 0x2C, 0x3A, 0x1D, 0x1D,
    0x3A, 0x2C, 0x2E, 0x3C, 0x1D, 0x1D, 0x3C, 0x10, 0x36, 0x60, 0x3E, 0xA4, 0x44, 0x60, 0x34, 0x4C,
    0x86, 0x57, 0x56, 0x86, 0x4B, 0x10, 0x02, 0xEE, 0xFD, 0x12, 0x70, 0x2D, 0x4C, 0x2E, 0x2F, 0x4D,
    0x2D, 0x2D, 0x4D, 0x2F, 0x2E, 0x4C, 0x2D, 0x00, 0x00, 0x01, 0x00, 0x19, 0xFF, 0xF0, 0x02, 0x3E,
    0x02, 0x40, 0x00, 0x21, 0x00, 0x00, 0x65, 0x14, 0x06, 0x06, 0x23, 0x22, 0x26, 0x26, 0x35, 0x34,
    0x36, 0x36, 0x33, 0x32, 0x16, 0x16, 0x15, 0x23, 0x34, 0x26, 0x26, 0x23, 0x22, 0x06, 0x06, 0x15,
    0x14, 0x16, 0x16, 0x33, 0x32, 0x36, 0x36, 0x35, 0x02, 0x3E, 0x42, 0x76, 0x4F, 0x56, 0x81, 0x47,
    0x47, 0x81, 0x56, 0x4C, 0x76, 0x43, 0x97, 0x16, 0x30, 0x28, 0x33, 0x3E, 0x1B, 0x1B, 0x3E, 0x33,
    0x28, 0x32, 0x18, 0xEB, 0x48, 0x72, 0x41, 0x4B, 0x86, 0x56, 0x57, 0x86, 0x4C, 0x43, 0x6B, 0x3E,
    0x1B, 0x30, 0x1F, 0x2C, 0x4C, 0x2F, 0x2E, 0x4B, 0x2C, 0x22, 0x37, 0x20, 0xFF, 0xFF, 0x00, 0x19,
    0xFF, 0xF0, 0x02, 0x3E, 0x03, 0x02, 0x04, 0x26, 0x00, 0x97, 0x00, 0x00, 0x00, 0x07, 0x01, 0xE9,
    0x00, 0xE7, 0x00, 0x00, 0xFF, 0xFF, 0x00, 0x19, 0xFF, 0xF0, 0x02, 0x3E, 0x03, 0x02, 0x04, 0x26,
    0x00, 0x97, 0x00, 0x00, 0x00, 0x07, 0x01, 0xED, 0x00, 0x6C, 0x00, 0x00, 0xFF, 0xFF, 0x00, 0x19,
    0xFF, 0x38, 0x02, 0x3E, 0x02, 0x40, 0x04, 0x26, 0x00, 0x97, 0x00, 0x00, 0x00, 0x07, 0x01, 0xF4,
    0x00, 0xBE, 0x00, 0x00, 0xFF, 0xFF, 0x00, 0x19, 0xFF, 0xF0, 0x02, 0x3E, 0x03, 0x02, 0x04, 0x26,
    0x00, 0x97, 0x00, 0x00, 0x00, 0x07, 0x01, 0xEC, 0x00, 0x6C, 0x00, 0x00, 0xFF, 0xFF, 0x00, 0x19,
    0xFF, 0xF0, 0x02, 0x3E, 0x02, 0xEE, 0x04, 0x26, 0x00, 0x97, 0x00, 0x00, 0x00, 0x07, 0x01, 0xE7,
    0x00, 0xDC, 0x00, 0x00, 0x00, 0x03, 0x00, 0x19, 0xFF, 0xF0, 0x02, 0x44, 0x02, 0xEE, 0x00, 0x0E,
    0x00, 0x1E, 0x00, 0x22, 0x00, 0x00, 0x45, 0x22, 0x26, 0x26, 0x35, 0x34, 0x36, 0x36, 0x33, 0x32,
    0x16, 0x17, 0x11, 0x06, 0x06, 0x27, 0x32, 0x36, 0x36, 0x35, 0x34, 0x26, 0x26, 0x23, 0x22, 0x06,
    0x06, 0x15, 0x14, 0x16, 0x16, 0x17, 0x11, 0x33, 0x11, 0x01, 0x15, 0x4F, 0x71, 0x3C, 0x3C, 0x71,
    0x4F, 0x38, 0x4F, 0x19, 0x18, 0x4D, 0x22, 0x2E, 0x3C, 0x1D, 0x1D, 0x3C, 0x2E, 0x2B, 0x3B, 0x1D,
    0x1D, 0x3B, 0xB2, 0x8F, 0x10, 0x4B, 0x86, 0x56, 0x57, 0x86, 0x4C, 0x28, 0x26, 0xFE, 0x4B, 0x24,
    0x29, 0x80, 0x2D, 0x4C, 0x2E, 0x2F, 0x4D, 0x2D, 0x2D, 0x4D, 0x2F, 0x2E, 0x4C, 0x2D, 0x70, 0x02,
    0xEE, 0xFD, 0x12, 0x00, 0xFF, 0xFF, 0x00, 0x19, 0xFF, 0xF0, 0x03, 0x07, 0x02, 0xEE, 0x04, 0x26,
    0x00, 0x9D, 0x00, 0x00, 0x00, 0x07, 0x01, 0xEB, 0x02, 0x44, 0x00, 0x00, 0x00, 0x04, 0x00, 0x19,
    0xFF, 0xF0, 0x02, 0x94, 0x02, 0xEE, 0x00, 0x0E, 0x00, 0x1E, 0x00, 0x22, 0x00, 0x26, 0x00, 0x00,
    0x45, 0x22, 0x26, 0x26, 0x35, 0x34, 0x36, 0x36, 0x33, 0x32, 0x16, 0x17, 0x11, 0x06, 0x06, 0x27,
    0x32, 0x36, 0x36, 0x35, 0x34, 0x26, 0x26, 0x23, 0x22, 0x06, 0x06, 0x15, 0x14, 0x16, 0x16, 0x17,
    0x11, 0x33, 0x11, 0x01, 0x21, 0x15, 0x21, 0x01, 0x15, 0x4F, 0x71, 0x3C, 0x3C, 0x71, 0x4F, 0x38,
    0x4F, 0x19, 0x18, 0x4D, 0x22, 0x2E, 0x3C, 0x1D, 0x1D, 0x3C, 0x2E, 0x2B, 0x3B, 0x1D, 0x1D, 0x3B,
    0xB2, 0x8F, 0xFE, 0xF9, 0x01, 0x57, 0xFE, 0xA9, 0x10, 0x4B, 0x86, 0x56, 0x57, 0x86, 0x4C, 0x28,
    0x26, 0xFE, 0x4B, 0x24, 0x29, 0x80, 0x2D, 0x4C, 0x2E, 0x2F, 0x4D, 0x2D, 0x2D, 0x4D, 0x2F, 0x2E,
    0x4C, 0x2D, 0x70, 0x02, 0xEE, 0xFD, 0x12, 0x02, 0xBC, 0x60, 0x00, 0x03, 0x00, 0x19, 0xFF, 0xF0,
    0x02, 0x26, 0x03, 0x09, 0x00, 0x19, 0x00, 0x29, 0x00, 0x2D, 0x00, 0x00, 0x45, 0x22, 0x26, 0x26,
    0x35, 0x34, 0x36, 0x36, 0x33, 0x32, 0x16, 0x17, 0x27, 0x2E, 0x02, 0x23, 0x35, 0x32, 0x1E, 0x02,
    0x15, 0x14, 0x06, 0x06, 0x27, 0x32, 0x36, 0x36, 0x35, 0x34, 0x26, 0x26, 0x23, 0x22, 0x06, 0x06,
    0x15, 0x14, 0x16, 0x16, 0x03, 0x37, 0x17, 0x07, 0x01, 0x15, 0x4A, 0x72, 0x40, 0x40, 0x72, 0x4A,
    0x41, 0x72, 0x1F, 0x4E, 0x0B, 0x3A, 0x61, 0x44, 0x66, 0x90, 0x58, 0x29, 0x46, 0x7B, 0x41, 0x1E,
    0x34, 0x21, 0x21, 0x34, 0x1E, 0x1D, 0x38, 0x24, 0x24, 0x38, 0x42, 0x89, 0x54, 0x89, 0x10, 0x48,
    0x7F, 0x51, 0x4D, 0x7B, 0x48, 0x3E, 0x49, 0x05, 0x4F, 0x60, 0x2C, 0x7D, 0x4A, 0x82, 0xA8, 0x5E,
    0x5D, 0x87, 0x48, 0x80, 0x1D, 0x43, 0x38, 0x2F, 0x40, 0x21, 0x1D, 0x3F, 0x34, 0x38, 0x43, 0x1D,
    0x01, 0xE8, 0xB1, 0x3A, 0xB1, 0x00, 0x00, 0x01, 0x00, 0x19, 0xFF, 0xF0, 0x02, 0x42, 0x02, 0x40,
    0x00, 0x24, 0x00, 0x00, 0x45, 0x22, 0x26, 0x26, 0x35, 0x34, 0x36, 0x36, 0x33, 0x32, 0x1E, 0x02,
    0x07, 0x21, 0x35, 0x21, 0x07, 0x36, 0x26, 0x26, 0x23, 0x22, 0x06, 0x06, 0x15, 0x14, 0x16, 0x16,
    0x33, 0x32, 0x36, 0x37, 0x33, 0x0E, 0x02, 0x01, 0x37, 0x56, 0x81, 0x47, 0x47, 0x81, 0x56, 0x39,
    0x66, 0x4A, 0x22, 0x0C, 0xFE, 0x34, 0x01, 0x6B, 0x2E, 0x05, 0x15, 0x34, 0x2C, 0x33, 0x3E, 0x1B,
    0x1B, 0x3E, 0x33, 0x29, 0x36, 0x0B, 0x97, 0x0C, 0x46, 0x6B, 0x10, 0x4B, 0x86, 0x56, 0x57, 0x86,
    0x4C, 0x2E, 0x58, 0x80, 0x52, 0x74, 0x1B, 0x1D, 0x3B, 0x27, 0x2D, 0x4D, 0x2F, 0x2E, 0x4C, 0x2D,
    0x26, 0x1C, 0x3A, 0x57, 0x31, 0x00, 0xFF, 0xFF, 0x00, 0x19, 0xFF, 0xF0, 0x02, 0x42, 0x03, 0x02,
    0x04, 0x26, 0x00, 0xA1, 0x00, 0x00, 0x00, 0x07, 0x01, 0xE9, 0x00, 0xE5, 0x00, 0x00, 0xFF, 0xFF,
    0x00, 0x19, 0xFF, 0xF0, 0x02, 0x42, 0x03, 0x02, 0x04, 0x26, 0x00, 0xA1, 0x00, 0x00, 0x00, 0x07,
    0x01, 0xED, 0x00, 0x6A, 0x00, 0x00, 0xFF, 0xFF, 0x00, 0x19, 0xFF, 0xF0, 0x02, 0x42, 0x03, 0x02,
    0x04, 0x26, 0x00, 0xA1, 0x00, 0x00, 0x00, 0x07, 0x01, 0xEC, 0x00, 0x6A, 0x00, 0x00, 0xFF, 0xFF,
    0x00, 0x19, 0xFF, 0xF0, 0x02, 0x42, 0x02, 0xFF, 0x04, 0x26, 0x00, 0xA1, 0x00, 0x00, 0x00, 0x07,
    0x01, 0xE6, 0x00, 0x69, 0x00, 0x00, 0xFF, 0xFF, 0x00, 0x19, 0xFF, 0xF0, 0x02, 0x42, 0x02, 0xEE,
    0x04, 0x26, 0x00, 0xA1, 0x00, 0x00, 0x00, 0x07, 0x01, 0xE7, 0x00, 0xDA, 0x00, 0x00, 0xFF, 0xFF,
    0x00, 0x19, 0xFF, 0xF0, 0x02, 0x42, 0x03, 0x02, 0x04, 0x26, 0x00, 0xA1, 0x00, 0x00, 0x00, 0x07,
    0x01, 0xE8, 0x00, 0x71, 0x00, 0x00, 0xFF, 0xFF, 0x00, 0x19, 0xFF, 0xF0, 0x02, 0x42, 0x02, 0xF4,
    0x04, 0x26, 0x00, 0xA1, 0x00, 0x00, 0x00, 0x07, 0x01, 0xF1, 0x00, 0x83, 0x00, 0x00, 0xFF, 0xFF,
    0x00, 0x19, 0xFF, 0x38, 0x02, 0x42, 0x02, 0x40, 0x04, 0x26, 0x00, 0xA1, 0x00, 0x00, 0x00, 0x07,
    0x01, 0xF5, 0x00, 0xCF, 0x00, 0x00, 0xFF, 0xFF, 0x00, 0x19, 0xFF, 0xF0, 0x02, 0x42, 0x03, 0x07,
    0x04, 0x26, 0x00, 0xA1, 0x00, 0x00, 0x00, 0x07, 0x01, 0xF0, 0x00, 0x60, 0x00, 0x00, 0x00, 0x01,
    0x00, 0x11, 0xFF, 0xF0, 0x02, 0x3A, 0x02, 0x40, 0x00, 0x24, 0x00, 0x00, 0x45, 0x22, 0x2E, 0x02,
    0x37, 0x21, 0x15, 0x21, 0x37, 0x06, 0x16, 0x16, 0x33, 0x32, 0x36, 0x36, 0x35, 0x34, 0x26, 0x26,
    0x23, 0x22, 0x06, 0x07, 0x23, 0x3E, 0x02, 0x33, 0x32, 0x16, 0x16, 0x15, 0x14, 0x06, 0x06, 0x01,
    0x1C, 0x39, 0x66, 0x4A, 0x22, 0x0C, 0x01, 0xCC, 0xFE, 0x95, 0x2E, 0x04, 0x14, 0x34, 0x2C, 0x34,
    0x3D, 0x1B, 0x1B, 0x3D, 0x34, 0x28, 0x37, 0x0B, 0x97, 0x0C, 0x46, 0x6B, 0x44, 0x57, 0x80, 0x47,
    0x47, 0x80, 0x10, 0x2E, 0x58, 0x80, 0x52, 0x74, 0x1B, 0x1D, 0x3B, 0x27, 0x2D, 0x4D, 0x2F, 0x2F,
    0x4B, 0x2D, 0x25, 0x1D, 0x3A, 0x57, 0x31, 0x4B, 0x85, 0x57, 0x57, 0x86, 0x4C, 0x00, 0x00, 0x02,
    0x00, 0x14, 0x00, 0x00, 0x01, 0x4B, 0x02, 0xEE, 0x00, 0x0B, 0x00, 0x0F, 0x00, 0x00, 0x73, 0x11,
    0x34, 0x36, 0x36, 0x33, 0x33, 0x15, 0x23, 0x22, 0x15, 0x11, 0x03, 0x21, 0x15, 0x21, 0x54, 0x2B,
    0x58, 0x41, 0x33, 0x32, 0x36, 0xCF, 0x01, 0x33, 0xFE, 0xCD, 0x02, 0x42, 0x3A, 0x4C, 0x26, 0x7A,
    0x32, 0xFD, 0xBE, 0x02, 0x30, 0x7A, 0x00, 0x04, 0x00, 0x19, 0xFF, 0x28, 0x02, 0x44, 0x02, 0x40,
    0x00, 0x0F, 0x00, 0x20, 0x00, 0x2C, 0x00, 0x30, 0x00, 0x00, 0x65, 0x22, 0x26, 0x26, 0x35, 0x34,
    0x36, 0x36, 0x33, 0x32, 0x16, 0x17, 0x07, 0x0E, 0x02, 0x07, 0x22, 0x26, 0x26, 0x27, 0x33, 0x16,
    0x16, 0x33, 0x32, 0x36, 0x36, 0x35, 0x33, 0x14, 0x06, 0x06, 0x03, 0x32, 0x36, 0x35, 0x34, 0x26,
    0x23, 0x22, 0x06, 0x15, 0x14, 0x16, 0x17, 0x11, 0x33, 0x11, 0x01, 0x15, 0x4F, 0x71, 0x3C, 0x3C,
    0x71, 0x4F, 0x60, 0x60, 0x13, 0x02, 0x0B, 0x2E, 0x54, 0x17, 0x59, 0x70, 0x3B, 0x08, 0x93, 0x0B,
    0x42, 0x2C, 0x1E, 0x34, 0x21, 0x8F, 0x45, 0x74, 0x5D, 0x45, 0x42, 0x42, 0x45, 0x41, 0x42, 0x42,
    0xC8, 0x8F, 0x04, 0x46, 0x81, 0x56, 0x57, 0x81, 0x47, 0x69, 0x65, 0xA4, 0x3E, 0x5B, 0x31, 0xDC,
    0x38, 0x59, 0x2F, 0x27, 0x19, 0x16, 0x33, 0x2D, 0x4F, 0x6E, 0x39, 0x01, 0x5C, 0x57, 0x46, 0x47,
    0x58, 0x58, 0x47, 0x46, 0x57, 0x66, 0x02, 0x12, 0xFD, 0xEE, 0xFF, 0xFF, 0x00, 0x19, 0xFF, 0x28,
    0x02, 0x44, 0x03, 0x02, 0x04, 0x26, 0x00, 0xAD, 0x00, 0x00, 0x00, 0x07, 0x01, 0xEE, 0x00, 0x6D,
    0x00, 0x00, 0xFF, 0xFF, 0x00, 0x19, 0xFF, 0x28, 0x02, 0x44, 0x03, 0x02, 0x04, 0x26, 0x00, 0xAD,
    0x00, 0x00, 0x00, 0x07, 0x01, 0xED, 0x00, 0x75, 0x00, 0x00, 0xFF, 0xFF, 0x00, 0x19, 0xFF, 0x28,
    0x02, 0x44, 0x03, 0x02, 0x04, 0x26, 0x00, 0xAD, 0x00, 0x00, 0x00, 0x07, 0x01, 0xEC, 0x00, 0x75,
    0x00, 0x00, 0xFF, 0xFF, 0x00, 0x19, 0xFF, 0x28, 0x02, 0x44, 0x03, 0x4D, 0x04, 0x26, 0x00, 0xAD,
    0x00, 0x00, 0x00, 0x07, 0x01, 0xF2, 0x00, 0xCA, 0x00, 0x16, 0xFF, 0xFF, 0x00, 0x19, 0xFF, 0x28,
    0x02, 0x44, 0x02, 0xEE, 0x04, 0x26, 0x00, 0xAD, 0x00, 0x00, 0x00, 0x07, 0x01, 0xE7, 0x00, 0xE5,
    0x00, 0x00, 0xFF, 0xFF, 0x00, 0x19, 0xFF, 0x28, 0x02, 0x44, 0x02, 0xF4, 0x04, 0x26, 0x00, 0xAD,
    0x00, 0x00, 0x00, 0x07, 0x01, 0xF1, 0x00, 0x8E, 0x00, 0x00, 0x00, 0x02, 0x00, 0x30, 0x00, 0x00,
    0x02, 0x2A, 0x02, 0xEE, 0x00, 0x03, 0x00, 0x18, 0x00, 0x00, 0x53, 0x33, 0x11, 0x23, 0x13, 0x27,
    0x34, 0x3E, 0x02, 0x33, 0x32, 0x16, 0x16, 0x15, 0x11, 0x23, 0x11, 0x34, 0x26, 0x26, 0x23, 0x22,
    0x06, 0x06, 0x30, 0x8F, 0x8F, 0x8F, 0x10, 0x0F, 0x29, 0x4C, 0x3D, 0x36, 0x54, 0x30, 0x8F, 0x0A,
    0x23, 0x26, 0x1E, 0x40, 0x2B, 0x02, 0xEE, 0xFD, 0x12, 0x01, 0x12, 0x73, 0x1A, 0x40, 0x3B, 0x26,
    0x2C, 0x65, 0x56, 0xFE, 0xA7, 0x01, 0x4C, 0x21, 0x37, 0x20, 0x22, 0x4D, 0x00, 0x03, 0x00, 0x2B,
    0x00, 0x00, 0x02, 0x75, 0x02, 0xEE, 0x00, 0x14, 0x00, 0x18, 0x00, 0x1C, 0x00, 0x00, 0x61, 0x11,
    0x34, 0x26, 0x26, 0x23, 0x22, 0x06, 0x06, 0x15, 0x27, 0x34, 0x3E, 0x02, 0x33, 0x32, 0x16, 0x16,
    0x15, 0x11, 0x21, 0x11, 0x33, 0x11, 0x03, 0x35, 0x21, 0x15, 0x01, 0xE6, 0x0A, 0x23, 0x26, 0x1E,
    0x40, 0x2B, 0x10, 0x0F, 0x29, 0x4C, 0x3D, 0x36, 0x54, 0x30, 0xFE, 0x06, 0x8F, 0xDF, 0x01, 0x57,
    0x01, 0x4C, 0x21, 0x37, 0x20, 0x22, 0x4D, 0x43, 0x73, 0x1A, 0x40, 0x3B, 0x26, 0x2C, 0x65, 0x56,
    0xFE, 0xA7, 0x02, 0xEE, 0xFD, 0x12, 0x02, 0x5C, 0x60, 0x60, 0xFF, 0xFF, 0x00, 0x30, 0x00, 0x00,
    0x02, 0x2A, 0x03, 0xAC, 0x04, 0x26, 0x00, 0xB4, 0x00, 0x00, 0x00, 0x07, 0x01, 0xEC, 0x00, 0x68,
    0x00, 0xAA, 0x00, 0x02, 0x00, 0x30, 0x00, 0x00, 0x00, 0xC9, 0x02, 0xEE, 0x00, 0x03, 0x00, 0x07,
    0x00, 0x00, 0x53, 0x33, 0x11, 0x23, 0x03, 0x33, 0x15, 0x23, 0x35, 0x8F, 0x8F, 0x05, 0x99, 0x99,
    0x02, 0x30, 0xFD, 0xD0, 0x02, 0xEE, 0x99, 0x00, 0x00, 0x01, 0x00, 0x30, 0x00, 0x00, 0x00, 0xBF,
    0x02, 0x30, 0x00, 0x03, 0x00, 0x00, 0x53, 0x33, 0x11, 0x23, 0x30, 0x8F, 0x8F, 0x02, 0x30, 0xFD,
    0xD0, 0x00, 0xFF, 0xFF, 0x00, 0x30, 0x00, 0x00, 0x01, 0x1E, 0x03, 0x02, 0x04, 0x26, 0x00, 0xB8,
    0x00, 0x00, 0x00, 0x06, 0x01, 0xE9, 0x33, 0x00, 0xFF, 0xFF, 0xFF, 0xF1, 0x00, 0x00, 0x00, 0xFF,
    0x03, 0x03, 0x04, 0x26, 0x00, 0xB8, 0x00, 0x00, 0x00, 0x06, 0x01, 0xF8, 0xD3, 0x00, 0xFF, 0xFF,
    0xFF, 0xF9, 0x00, 0x00, 0x00, 0xF6, 0x03, 0x02, 0x04, 0x26, 0x00, 0xB8, 0x00, 0x00, 0x00, 0x06,
    0x01, 0xF7, 0xD6, 0x00, 0xFF, 0xFF, 0xFF, 0xE4, 0x00, 0x00, 0x01, 0x0B, 0x02, 0xF8, 0x04, 0x26,
    0x00, 0xB8, 0x00, 0x00, 0x00, 0x06, 0x01, 0xF6, 0xC1, 0x00, 0xFF, 0xFF, 0x00, 0x30, 0x00, 0x00,
    0x00, 0xBF, 0x02, 0xEE, 0x04, 0x26, 0x00, 0xB8, 0x00, 0x00, 0x00, 0x06, 0x01, 0xE7, 0x28, 0x00,
    0xFF, 0xFF, 0xFF, 0xD1, 0x00, 0x00, 0x00, 0xBF, 0x03, 0x02, 0x04, 0x26, 0x00, 0xB8, 0x00, 0x00,
    0x00, 0x06, 0x01, 0xE8, 0xBF, 0x00, 0xFF, 0xFF, 0x00, 0x08, 0x00, 0x00, 0x00, 0xE9, 0x02, 0xF4,
    0x04, 0x26, 0x00, 0xB8, 0x00, 0x00, 0x00, 0x06, 0x01, 0xFA, 0xD1, 0x00, 0xFF, 0xFF, 0x00, 0x12,
    0xFF, 0x38, 0x00, 0xD8, 0x02, 0xEE, 0x04, 0x26, 0x00, 0xB8, 0x00, 0x00, 0x00, 0x26, 0x01, 0xE7,
    0x28, 0x00, 0x00, 0x06, 0x01, 0xF5, 0xF4, 0x00, 0xFF, 0xFF, 0xFF, 0xD7, 0x00, 0x00, 0x01, 0x18,
    0x03, 0x01, 0x04, 0x26, 0x00, 0xB8, 0x00, 0x00, 0x00, 0x06, 0x01, 0xF9, 0xC3, 0x00, 0xFF, 0xFF,
    0x00, 0x30, 0xFF, 0x38, 0x01, 0xC1, 0x02, 0xEE, 0x04, 0x26, 0x00, 0xB7, 0x00, 0x00, 0x00, 0x07,
    0x00, 0xC3, 0x00, 0xF9, 0x00, 0x00, 0x00, 0x02, 0xFF, 0xB8, 0xFF, 0x38, 0x00, 0xC8, 0x02, 0xEE,
    0x00, 0x03, 0x00, 0x0F, 0x00, 0x00, 0x53, 0x33, 0x15, 0x23, 0x17, 0x11, 0x14, 0x06, 0x23, 0x23,
    0x35, 0x33, 0x32, 0x36, 0x35, 0x11, 0x2F, 0x99, 0x99, 0x94, 0x62, 0x62, 0x47, 0x46, 0x1B, 0x1B,
    0x02, 0xEE, 0x99, 0x25, 0xFD, 0xB4, 0x56, 0x56, 0x7A, 0x19, 0x19, 0x02, 0x4C, 0x00, 0x00, 0x01,
    0xFF, 0xB8, 0xFF, 0x38, 0x00, 0xC3, 0x02, 0x30, 0x00, 0x0B, 0x00, 0x00, 0x53, 0x11, 0x14, 0x06,
    0x23, 0x23, 0x35, 0x33, 0x32, 0x36, 0x35, 0x11, 0xC3, 0x62, 0x62, 0x47, 0x46, 0x1B, 0x1B, 0x02,
    0x30, 0xFD, 0xB4, 0x56, 0x56, 0x7A, 0x19, 0x19, 0x02, 0x4C, 0xFF, 0xFF, 0xFF, 0xB8, 0xFF, 0x38,
    0x01, 0x1F, 0x03, 0x02, 0x04, 0x26, 0x00, 0xC4, 0x00, 0x00, 0x00, 0x06, 0x01, 0xE9, 0x34, 0x00,
    0xFF, 0xFF, 0xFF, 0xB8, 0xFF, 0x38, 0x00, 0xF7, 0x03, 0x02, 0x04, 0x26, 0x00, 0xC4, 0x00, 0x00,
    0x00, 0x06, 0x01, 0xF7, 0xD7, 0x00, 0x00, 0x03, 0x00, 0x30, 0x00, 0x00, 0x02, 0x16, 0x02, 0xEE,
    0x00, 0x03, 0x00, 0x07, 0x00, 0x0B, 0x00, 0x00, 0x53, 0x33, 0x11, 0x23, 0x13, 0x33, 0x13, 0x23,
    0x13, 0x01, 0x27, 0x13, 0x30, 0x8F, 0x8F, 0x95, 0x8F, 0xC2, 0x9C, 0x8F, 0xFE, 0xA8, 0x47, 0xF7,
    0x02, 0xEE, 0xFD, 0x12, 0x01, 0x50, 0xFE, 0xB0, 0x02, 0x30, 0xFE, 0x4E, 0x79, 0x01, 0x39, 0x00,
    0xFF, 0xFF, 0x00, 0x30, 0xFE, 0xEF, 0x02, 0x16, 0x02, 0xEE, 0x04, 0x26, 0x00, 0xC7, 0x00, 0x00,
    0x00, 0x07, 0x01, 0xF3, 0x00, 0xA8, 0x00, 0x00, 0x00, 0x01, 0x00, 0x30, 0x00, 0x00, 0x00, 0xBF,
    0x02, 0xEE, 0x00, 0x03, 0x00, 0x00, 0x53, 0x33, 0x11, 0x23, 0x30, 0x8F, 0x8F, 0x02, 0xEE, 0xFD,
    0x12, 0x00, 0xFF, 0xFF, 0x00, 0x30, 0x00, 0x00, 0x01, 0x0F, 0x03, 0xC0, 0x04, 0x26, 0x00, 0xC9,
    0x00, 0x00, 0x00, 0x07, 0x01, 0xE9, 0x00, 0x24, 0x00, 0xBE, 0xFF, 0xFF, 0x00, 0x30, 0x00, 0x00,
    0x01, 0x82, 0x02, 0xEE, 0x04, 0x26, 0x00, 0xC9, 0x00, 0x00, 0x00, 0x07, 0x01, 0xEB, 0x00, 0xBF,
    0x00, 0x00, 0xFF, 0xFF, 0x00, 0x30, 0xFE, 0xEF, 0x00, 0xBF, 0x02, 0xEE, 0x04, 0x26, 0x00, 0xC9,
    0x00, 0x00, 0x00, 0x06, 0x01, 0xF3, 0x0E, 0x00, 0x00, 0x02, 0x00, 0x2B, 0x00, 0x00, 0x01, 0x6E,
    0x02, 0xEE, 0x00, 0x03, 0x00, 0x07, 0x00, 0x00, 0x53, 0x33, 0x11, 0x23, 0x03, 0x25, 0x15, 0x05,
    0x85, 0x8F, 0x8F, 0x5A, 0x01, 0x43, 0xFE, 0xBD, 0x02, 0xEE, 0xFD, 0x12, 0x01, 0x8B, 0x78, 0x78,
    0x78, 0x00, 0x00, 0x03, 0x00, 0x2E, 0x00, 0x00, 0x03, 0x57, 0x02, 0x40, 0x00, 0x03, 0x00, 0x18,
    0x00, 0x2D, 0x00, 0x00, 0x53, 0x33, 0x11, 0x23, 0x13, 0x27, 0x34, 0x3E, 0x02, 0x33, 0x32, 0x16,
    0x16, 0x15, 0x11, 0x23, 0x11, 0x34, 0x26, 0x26, 0x23, 0x22, 0x06, 0x06, 0x05, 0x27, 0x34, 0x3E,
    0x02, 0x33, 0x32, 0x16, 0x16, 0x15, 0x11, 0x23, 0x11, 0x34, 0x26, 0x26, 0x23, 0x22, 0x06, 0x06,
    0x2E, 0x8F, 0x8F, 0x8F, 0x10, 0x10, 0x27, 0x45, 0x36, 0x32, 0x4D, 0x2C, 0x8F, 0x07, 0x1C, 0x21,
    0x19, 0x39, 0x28, 0x01, 0x4D, 0x26, 0x16, 0x30, 0x4C, 0x36, 0x32, 0x4D, 0x2C, 0x8F, 0x07, 0x1C,
    0x21, 0x19, 0x39, 0x28, 0x02, 0x30, 0xFD, 0xD0, 0x01, 0x12, 0x73, 0x1A, 0x40, 0x3B, 0x26, 0x2C,
    0x65, 0x56, 0xFE, 0xA7, 0x01, 0x4C, 0x21, 0x37, 0x20, 0x22, 0x4D, 0x43, 0x73, 0x1A, 0x40, 0x3B,
    0x26, 0x2C, 0x65, 0x56, 0xFE, 0xA7, 0x01, 0x4C, 0x21, 0x37, 0x20, 0x22, 0x4D, 0x00, 0x00, 0x01,
    0x00, 0x2E, 0x00, 0x00, 0x02, 0x28, 0x02, 0x40, 0x00, 0x17, 0x00, 0x00, 0x53, 0x33, 0x15, 0x3E,
    0x02, 0x33, 0x32, 0x16, 0x16, 0x15, 0x11, 0x23, 0x11, 0x34, 0x26, 0x26, 0x23, 0x22, 0x06, 0x06,
    0x15, 0x11, 0x23, 0x2E, 0x8F, 0x0B, 0x2B, 0x47, 0x34, 0x36, 0x54, 0x30, 0x8F, 0x0A, 0x23, 0x26,
    0x1E, 0x40, 0x2B, 0x8F, 0x02, 0x30, 0x56, 0x1B, 0x2E, 0x1D, 0x2C, 0x65, 0x56, 0xFE, 0xA7, 0x01,
    0x4C, 0x21, 0x37, 0x20, 0x22, 0x4D, 0x43, 0xFE, 0xEE, 0x00, 0xFF, 0xFF, 0x00, 0x2E, 0x00, 0x00,
    0x02, 0x28, 0x03, 0x02, 0x04, 0x26, 0x00, 0xCF, 0x00, 0x00, 0x00, 0x07, 0x01, 0xE9, 0x00, 0xE5,
    0x00, 0x00, 0xFF, 0xFF, 0x00, 0x2E, 0x00, 0x00, 0x02, 0x28, 0x03, 0x02, 0x04, 0x26, 0x00, 0xCF,
    0x00, 0x00, 0x00, 0x07, 0x01, 0xED, 0x00, 0x6A, 0x00, 0x00, 0xFF, 0xFF, 0x00, 0x2E, 0xFE, 0xEF,
    0x02, 0x28, 0x02, 0x40, 0x04, 0x26, 0x00, 0xCF, 0x00, 0x00, 0x00, 0x07, 0x01, 0xF3, 0x00, 0xC0,
    0x00, 0x00, 0xFF, 0xFF, 0x00, 0x2E, 0x00, 0x00, 0x02, 0x28, 0x03, 0x07, 0x04, 0x26, 0x00, 0xCF,
    0x00, 0x00, 0x00, 0x06, 0x01, 0xF0, 0x60, 0x00, 0x00, 0x02, 0x00, 0x19, 0xFF, 0xF0, 0x02, 0x55,
    0x02, 0x40, 0x00, 0x0F, 0x00, 0x1F, 0x00, 0x00, 0x45, 0x22, 0x26, 0x26, 0x35, 0x34, 0x36, 0x36,
    0x33, 0x32, 0x16, 0x16, 0x15, 0x14, 0x06, 0x06, 0x27, 0x32, 0x36, 0x36, 0x35, 0x34, 0x26, 0x26,
    0x23, 0x22, 0x06, 0x06, 0x15, 0x14, 0x16, 0x16, 0x01, 0x37, 0x56, 0x81, 0x47, 0x47, 0x81, 0x57,
    0x56, 0x80, 0x47, 0x47, 0x80, 0x56, 0x30, 0x3D, 0x1E, 0x1E, 0x3D, 0x30, 0x31, 0x3E, 0x1E, 0x1E,
    0x3E, 0x10, 0x4B, 0x86, 0x56, 0x57, 0x86, 0x4C, 0x4C, 0x86, 0x57, 0x56, 0x86, 0x4B, 0x80, 0x2D,
    0x4C, 0x2E, 0x2F, 0x4D, 0x2D, 0x2D, 0x4D, 0x2F, 0x2E, 0x4C, 0x2D, 0x00, 0xFF, 0xFF, 0x00, 0x19,
    0xFF, 0xF0, 0x02, 0x55, 0x03, 0x02, 0x04, 0x26, 0x00, 0xD4, 0x00, 0x00, 0x00, 0x07, 0x01, 0xE9,
    0x00, 0xF2, 0x00, 0x00, 0xFF, 0xFF, 0x00, 0x19, 0xFF, 0xF0, 0x02, 0x55, 0x03, 0x02, 0x04, 0x26,
    0x00, 0xD4, 0x00, 0x00, 0x00, 0x07, 0x01, 0xEE, 0x00, 0x6F, 0x00, 0x00, 0xFF, 0xFF, 0x00, 0x19,
    0xFF, 0xF0, 0x02, 0x55, 0x03, 0x02, 0x04, 0x26, 0x00, 0xD4, 0x00, 0x00, 0x00, 0x07, 0x01, 0xEC,
    0x00, 0x77, 0x00, 0x00, 0xFF, 0xFF, 0x00, 0x19, 0xFF, 0xF0, 0x02, 0x55, 0x02, 0xFF, 0x04, 0x26,
    0x00, 0xD4, 0x00, 0x00, 0x00, 0x07, 0x01, 0xE6, 0x00, 0x76, 0x00, 0x00, 0xFF, 0xFF, 0x00, 0x19,
    0xFF, 0xF0, 0x02, 0x55, 0x03, 0x02, 0x04, 0x26, 0x00, 0xD4, 0x00, 0x00, 0x00, 0x07, 0x01, 0xE8,
    0x00, 0x7E, 0x00, 0x00, 0xFF, 0xFF, 0x00, 0x19, 0xFF, 0xF0, 0x02, 0x55, 0x03, 0x02, 0x04, 0x26,
    0x00, 0xD4, 0x00, 0x00, 0x00, 0x07, 0x01, 0xEA, 0x00, 0x91, 0x00, 0x00, 0xFF, 0xFF, 0x00, 0x19,
    0xFF, 0xF0, 0x02, 0x55, 0x02, 0xF4, 0x04, 0x26, 0x00, 0xD4, 0x00, 0x00, 0x00, 0x07, 0x01, 0xF1,
    0x00, 0x90, 0x00, 0x00, 0x00, 0x03, 0x00, 0x19, 0xFF, 0xEF, 0x02, 0x55, 0x02, 0x40, 0x00, 0x0F,
    0x00, 0x1F, 0x00, 0x23, 0x00, 0x00, 0x45, 0x22, 0x26, 0x26, 0x35, 0x34, 0x36, 0x36, 0x33, 0x32,
    0x16, 0x16, 0x15, 0x14, 0x06, 0x06, 0x27, 0x32, 0x36, 0x36, 0x35, 0x34, 0x26, 0x26, 0x23, 0x22,
    0x06, 0x06, 0x15, 0x14, 0x16, 0x16, 0x07, 0x27, 0x01, 0x17, 0x01, 0x37, 0x56, 0x81, 0x47, 0x47,
    0x81, 0x56, 0x57, 0x80, 0x47, 0x47, 0x80, 0x57, 0x31, 0x3D, 0x1E, 0x1E, 0x3D, 0x31, 0x30, 0x3E,
    0x1E, 0x1E, 0x3E, 0x5D, 0x55, 0x01, 0x79, 0x55, 0x10, 0x4B, 0x86, 0x56, 0x57, 0x86, 0x4C, 0x4C,
    0x86, 0x57, 0x56, 0x86, 0x4B, 0x80, 0x2D, 0x4C, 0x2E, 0x2F, 0x4D, 0x2D, 0x2D, 0x4D, 0x2F, 0x2E,
    0x4C, 0x2D, 0x81, 0x3C, 0x02, 0x15, 0x3C, 0x00, 0xFF, 0xFF, 0x00, 0x19, 0xFF, 0xF0, 0x02, 0x55,
    0x03, 0x07, 0x04, 0x26, 0x00, 0xD4, 0x00, 0x00, 0x00, 0x07, 0x01, 0xF0, 0x00, 0x6D, 0x00, 0x00,
    0x00, 0x03, 0x00, 0x19, 0xFF, 0xF0, 0x03, 0xEC, 0x02, 0x40, 0x00, 0x24, 0x00, 0x34, 0x00, 0x44,
    0x00, 0x00, 0x45, 0x22, 0x26, 0x26, 0x35, 0x34, 0x36, 0x36, 0x33, 0x32, 0x1E, 0x02, 0x07, 0x21,
    0x35, 0x21, 0x07, 0x36, 0x26, 0x26, 0x23, 0x22, 0x06, 0x06, 0x15, 0x14, 0x16, 0x16, 0x33, 0x32,
    0x36, 0x37, 0x33, 0x0E, 0x02, 0x21, 0x22, 0x26, 0x26, 0x35, 0x34, 0x36, 0x36, 0x33, 0x32, 0x16,
    0x16, 0x15, 0x14, 0x06, 0x06, 0x27, 0x32, 0x36, 0x36, 0x35, 0x34, 0x26, 0x26, 0x23, 0x22, 0x06,
    0x06, 0x15, 0x14, 0x16, 0x16, 0x02, 0xE1, 0x56, 0x77, 0x3D, 0x3D, 0x77, 0x56, 0x39, 0x66, 0x4A,
    0x22, 0x0C, 0xFE, 0x34, 0x01, 0x6B, 0x2E, 0x05, 0x15, 0x34, 0x2C, 0x33, 0x3E, 0x1B, 0x1B, 0x3E,
    0x33, 0x29, 0x36, 0x0B, 0x97, 0x0C, 0x46, 0x6B, 0xFE, 0x12, 0x56, 0x81, 0x47, 0x47, 0x81, 0x56,
    0x57, 0x76, 0x3D, 0x3D, 0x76, 0x57, 0x31, 0x3D, 0x1E, 0x1E, 0x3D, 0x31, 0x30, 0x3E, 0x1E, 0x1E,
    0x3E, 0x10, 0x4B, 0x86, 0x56, 0x57, 0x86, 0x4C, 0x2E, 0x58, 0x80, 0x52, 0x74, 0x1B, 0x1D, 0x3B,
    0x27, 0x2D, 0x4D, 0x2F, 0x2E, 0x4C, 0x2D, 0x26, 0x1C, 0x3A, 0x57, 0x31, 0x4B, 0x86, 0x56, 0x57,
    0x86, 0x4C, 0x4C, 0x86, 0x57, 0x56, 0x86, 0x4B, 0x80, 0x2D, 0x4C, 0x2E, 0x2F, 0x4D, 0x2D, 0x2D,
    0x4D, 0x2F, 0x2E, 0x4C, 0x2D, 0x00, 0x00, 0x03, 0x00, 0x30, 0xFF, 0x38, 0x02, 0x5B, 0x02, 0x40,
    0x00, 0x0E, 0x00, 0x12, 0x00, 0x22, 0x00, 0x00, 0x45, 0x22, 0x26, 0x27, 0x11, 0x36, 0x36, 0x33,
    0x32, 0x16, 0x16, 0x15, 0x14, 0x06, 0x06, 0x05, 0x11, 0x33, 0x11, 0x13, 0x32, 0x36, 0x36, 0x35,
    0x34, 0x26, 0x26, 0x23, 0x22, 0x06, 0x06, 0x15, 0x14, 0x16, 0x16, 0x01, 0x5F, 0x3A, 0x4E, 0x18,
    0x1A, 0x4E, 0x38, 0x50, 0x70, 0x3C, 0x3C, 0x70, 0xFE, 0x81, 0x8F, 0x87, 0x2C, 0x3A, 0x1D, 0x1D,
    0x3A, 0x2C, 0x2E, 0x3C, 0x1D, 0x1D, 0x3C, 0x10, 0x29, 0x24, 0x01, 0xB4, 0x26, 0x29, 0x4C, 0x86,
    0x57, 0x56, 0x86, 0x4B, 0xB8, 0x02, 0xF8, 0xFD, 0x08, 0x01, 0x38, 0x2D, 0x4C, 0x2E, 0x2F, 0x4D,
    0x2D, 0x2D, 0x4D, 0x2F, 0x2E, 0x4C, 0x2D, 0x00, 0x00, 0x03, 0x00, 0x30, 0xFF, 0x38, 0x02, 0x5B,
    0x02, 0xEE, 0x00, 0x0E, 0x00, 0x12, 0x00, 0x22, 0x00, 0x00, 0x45, 0x22, 0x26, 0x27, 0x11, 0x36,
    0x36, 0x33, 0x32, 0x16, 0x16, 0x15, 0x14, 0x06, 0x06, 0x05, 0x11, 0x33, 0x11, 0x13, 0x32, 0x36,
    0x36, 0x35, 0x34, 0x26, 0x26, 0x23, 0x22, 0x06, 0x06, 0x15, 0x14, 0x16, 0x16, 0x01, 0x5F, 0x3A,
    0x4E, 0x18, 0x1A, 0x4E, 0x38, 0x50, 0x70, 0x3C, 0x3C, 0x70, 0xFE, 0x81, 0x8F, 0x87, 0x2C, 0x3A,
    0x1D, 0x1D, 0x3A, 0x2C, 0x2E, 0x3C, 0x1D, 0x1D, 0x3C, 0x10, 0x29, 0x24, 0x01, 0xB4, 0x26, 0x29,
    0x4C, 0x86, 0x57, 0x56, 0x86, 0x4B, 0xB8, 0x03, 0xB6, 0xFC, 0x4A, 0x01, 0x38, 0x2D, 0x4C, 0x2E,
    0x2F, 0x4D, 0x2D, 0x2D, 0x4D, 0x2F, 0x2E, 0x4C, 0x2D, 0x00, 0x00, 0x03, 0x00, 0x19, 0xFF, 0x38,
    0x02, 0x44, 0x02, 0x40, 0x00, 0x10, 0x00, 0x20, 0x00, 0x24, 0x00, 0x00, 0x45, 0x22, 0x26, 0x26,
    0x35, 0x34, 0x36, 0x36, 0x33, 0x32, 0x16, 0x16, 0x17, 0x07, 0x0E, 0x02, 0x27, 0x32, 0x36, 0x36,
    0x35, 0x34, 0x26, 0x26, 0x23, 0x22, 0x06, 0x06, 0x15, 0x14, 0x16, 0x16, 0x13, 0x11, 0x33, 0x11,
    0x01, 0x15, 0x4F, 0x71, 0x3C, 0x3C, 0x71, 0x4F, 0x40, 0x54, 0x32, 0x0D, 0x02, 0x0B, 0x2E, 0x54,
    0x2B, 0x2E, 0x3C, 0x1D, 0x1D, 0x3C, 0x2E, 0x2B, 0x3B, 0x1D, 0x1D, 0x3B, 0xB2, 0x8F, 0x10, 0x4B,
    0x86, 0x56, 0x57, 0x86, 0x4C, 0x34, 0x60, 0x44, 0xA4, 0x3E, 0x60, 0x36, 0x80, 0x2D, 0x4C, 0x2E,
    0x2F, 0x4D, 0x2D, 0x2D, 0x4D, 0x2F, 0x2E, 0x4C, 0x2D, 0xFE, 0xC8, 0x02, 0xF8, 0xFD, 0x08, 0x00,
    0x00, 0x02, 0x00, 0x2E, 0x00, 0x00, 0x01, 0x6E, 0x02, 0x40, 0x00, 0x03, 0x00, 0x0E, 0x00, 0x00,
    0x53, 0x33, 0x11, 0x23, 0x13, 0x27, 0x34, 0x3E, 0x02, 0x33, 0x15, 0x22, 0x06, 0x06, 0x2E, 0x8F,
    0x8F, 0x8F, 0x0F, 0x0A, 0x25, 0x4E, 0x43, 0x3B, 0x4F, 0x27, 0x02, 0x30, 0xFD, 0xD0, 0x01, 0x12,
    0x67, 0x1A, 0x44, 0x3F, 0x2A, 0x8C, 0x1A, 0x45, 0xFF, 0xFF, 0x00, 0x2E, 0x00, 0x00, 0x01, 0x6E,
    0x03, 0x02, 0x04, 0x26, 0x00, 0xE2, 0x00, 0x00, 0x00, 0x06, 0x01, 0xE9, 0x7C, 0x00, 0xFF, 0xFF,
    0x00, 0x14, 0x00, 0x00, 0x01, 0x6E, 0x03, 0x02, 0x04, 0x26, 0x00, 0xE2, 0x00, 0x00, 0x00, 0x06,
    0x01, 0xED, 0x01, 0x00, 0xFF, 0xFF, 0x00, 0x2E, 0xFE, 0xEF, 0x01, 0x6E, 0x02, 0x40, 0x04, 0x26,
    0x00, 0xE2, 0x00, 0x00, 0x00, 0x06, 0x01, 0xF3, 0x0E, 0x00, 0x00, 0x01, 0x00, 0x19, 0xFF, 0xF0,
    0x01, 0xF7, 0x02, 0x40, 0x00, 0x2D, 0x00, 0x00, 0x77, 0x16, 0x16, 0x33, 0x32, 0x36, 0x35, 0x34,
    0x2E, 0x05, 0x35, 0x34, 0x36, 0x36, 0x33, 0x32, 0x16, 0x16, 0x15, 0x23, 0x26, 0x26, 0x23, 0x22,
    0x06, 0x15, 0x14, 0x1E, 0x05, 0x15, 0x14, 0x06, 0x06, 0x23, 0x22, 0x26, 0x26, 0x27, 0xA9, 0x05,
    0x3C, 0x27, 0x26, 0x32, 0x24, 0x3A, 0x46, 0x47, 0x3A, 0x24, 0x3B, 0x6A, 0x44, 0x3D, 0x68, 0x40,
    0x8F, 0x04, 0x33, 0x23, 0x2B, 0x2C, 0x24, 0x3A, 0x47, 0x46, 0x3A, 0x24, 0x3B, 0x69, 0x47, 0x42,
    0x6D, 0x42, 0x02, 0xB1, 0x28, 0x1F, 0x1B, 0x1F, 0x14, 0x15, 0x0D, 0x0C, 0x14, 0x24, 0x3E, 0x30,
    0x2D, 0x53, 0x34, 0x31, 0x56, 0x39, 0x28, 0x1E, 0x21, 0x19, 0x16, 0x18, 0x0E, 0x0B, 0x13, 0x23,
    0x3C, 0x2F, 0x35, 0x51, 0x2E, 0x33, 0x57, 0x37, 0xFF, 0xFF, 0x00, 0x19, 0xFF, 0xF0, 0x01, 0xF7,
    0x03, 0x02, 0x04, 0x26, 0x00, 0xE6, 0x00, 0x00, 0x00, 0x07, 0x01, 0xE9, 0x00, 0xC3, 0x00, 0x00,
    0xFF, 0xFF, 0x00, 0x19, 0xFF, 0xF0, 0x01, 0xF7, 0x03, 0x02, 0x04, 0x26, 0x00, 0xE6, 0x00, 0x00,
    0x00, 0x06, 0x01, 0xED, 0x48, 0x00, 0xFF, 0xFF, 0x00, 0x19, 0xFF, 0x38, 0x01, 0xF7, 0x02, 0x40,
    0x04, 0x26, 0x00, 0xE6, 0x00, 0x00, 0x00, 0x07, 0x01, 0xF4, 0x00, 0x9A, 0x00, 0x00, 0xFF, 0xFF,
    0x00, 0x19, 0xFF, 0xF0, 0x01, 0xF7, 0x03, 0x02, 0x04, 0x26, 0x00, 0xE6, 0x00, 0x00, 0x00, 0x06,
    0x01, 0xEC, 0x48, 0x00, 0xFF, 0xFF, 0x00, 0x19, 0xFE, 0xEF, 0x01, 0xF7, 0x02, 0x40, 0x04, 0x26,
    0x00, 0xE6, 0x00, 0x00, 0x00, 0x07, 0x01, 0xF3, 0x00, 0x9E, 0x00, 0x00, 0x00, 0x01, 0x00, 0x34,
    0x00, 0x00, 0x02, 0x76, 0x02, 0xEE, 0x00, 0x31, 0x00, 0x00, 0x73, 0x11, 0x34, 0x36, 0x36, 0x33,
    0x32, 0x16, 0x16, 0x15, 0x14, 0x06, 0x07, 0x1E, 0x02, 0x15, 0x14, 0x06, 0x06, 0x23, 0x23, 0x35,
    0x33, 0x32, 0x3E, 0x02, 0x35, 0x34, 0x26, 0x26, 0x23, 0x23, 0x35, 0x33, 0x32, 0x3E, 0x02, 0x35,
    0x34, 0x26, 0x23, 0x22, 0x0E, 0x02, 0x15, 0x11, 0x34, 0x36, 0x75, 0x60, 0x4C, 0x7B, 0x49, 0x1A,
    0x23, 0x1E, 0x2D, 0x19, 0x4A, 0x7D, 0x4C, 0x47, 0x47, 0x19, 0x2E, 0x25, 0x15, 0x25, 0x3B, 0x21,
    0x47, 0x20, 0x19, 0x2E, 0x25, 0x15, 0x45, 0x39, 0x26, 0x30, 0x1B, 0x0B, 0x01, 0xF2, 0x44, 0x72,
    0x46, 0x32, 0x68, 0x51, 0x24, 0x4D, 0x16, 0x0D, 0x31, 0x3E, 0x23, 0x50, 0x62, 0x2B, 0x7A, 0x0B,
    0x18, 0x26, 0x1A, 0x23, 0x28, 0x10, 0x7A, 0x06, 0x11, 0x20, 0x1A, 0x35, 0x3C, 0x18, 0x27, 0x2E,
    0x15, 0xFE, 0x0E, 0x00, 0x00, 0x02, 0x00, 0x15, 0x00, 0x00, 0x01, 0x4C, 0x02, 0xBC, 0x00, 0x03,
    0x00, 0x0F, 0x00, 0x00, 0x53, 0x21, 0x15, 0x21, 0x13, 0x33, 0x11, 0x14, 0x16, 0x33, 0x33, 0x15,
    0x23, 0x22, 0x26, 0x35, 0x15, 0x01, 0x27, 0xFE, 0xD9, 0x40, 0x8F, 0x1B, 0x1B, 0x32, 0x33, 0x62,
    0x62, 0x02, 0x30, 0x7A, 0x01, 0x06, 0xFD, 0xF0, 0x19, 0x19, 0x7A, 0x56, 0x56, 0x00, 0xFF, 0xFF,
    0x00, 0x15, 0x00, 0x00, 0x01, 0xD5, 0x02, 0xEE, 0x04, 0x26, 0x00, 0xED, 0x00, 0x00, 0x00, 0x07,
    0x01, 0xEB, 0x01, 0x12, 0x00, 0x00, 0xFF, 0xFF, 0x00, 0x15, 0xFF, 0x38, 0x01, 0x7C, 0x02, 0xBC,
    0x04, 0x26, 0x00, 0xED, 0x00, 0x00, 0x00, 0x07, 0x01, 0xF4, 0x00, 0x5B, 0x00, 0x00, 0xFF, 0xFF,
    0x00, 0x15, 0xFE, 0xEF, 0x01, 0x4C, 0x02, 0xBC, 0x04, 0x26, 0x00, 0xED, 0x00, 0x00, 0x00, 0x06,
    0x01, 0xF3, 0x5F, 0x00, 0x00, 0x02, 0x00, 0x2C, 0xFF, 0xF0, 0x02, 0x26, 0x02, 0x30, 0x00, 0x03,
    0x00, 0x18, 0x00, 0x00, 0x61, 0x23, 0x11, 0x33, 0x03, 0x17, 0x14, 0x0E, 0x02, 0x23, 0x22, 0x26,
    0x26, 0x35, 0x11, 0x33, 0x11, 0x14, 0x16, 0x16, 0x33, 0x32, 0x36, 0x36, 0x02, 0x26, 0x8F, 0x8F,
    0x8F, 0x10, 0x0F, 0x29, 0x4C, 0x3D, 0x36, 0x54, 0x30, 0x8E, 0x0A, 0x24, 0x26, 0x1E, 0x40, 0x2B,
    0x02, 0x30, 0xFE, 0xEE, 0x73, 0x1A, 0x40, 0x3B, 0x26, 0x2C, 0x66, 0x55, 0x01, 0x59, 0xFE, 0xB4,
    0x21, 0x36, 0x21, 0x22, 0x4E, 0x00, 0xFF, 0xFF, 0x00, 0x2C, 0xFF, 0xF0, 0x02, 0x26, 0x03, 0x02,
    0x04, 0x26, 0x00, 0xF1, 0x00, 0x00, 0x00, 0x07, 0x01, 0xE9, 0x00, 0xE5, 0x00, 0x00, 0xFF, 0xFF,
    0x00, 0x2C, 0xFF, 0xF0, 0x02, 0x26, 0x03, 0x02, 0x04, 0x26, 0x00, 0xF1, 0x00, 0x00, 0x00, 0x07,
    0x01, 0xEE, 0x00, 0x62, 0x00, 0x00, 0xFF, 0xFF, 0x00, 0x2C, 0xFF, 0xF0, 0x02, 0x26, 0x03, 0x02,
    0x04, 0x26, 0x00, 0xF1, 0x00, 0x00, 0x00, 0x07, 0x01, 0xEC, 0x00, 0x6A, 0x00, 0x00, 0xFF, 0xFF,
    0x00, 0x2C, 0xFF, 0xF0, 0x02, 0x26, 0x02, 0xFF, 0x04, 0x26, 0x00, 0xF1, 0x00, 0x00, 0x00, 0x06,
    0x01, 0xE6, 0x69, 0x00, 0xFF, 0xFF, 0x00, 0x2C, 0xFF, 0xF0, 0x02, 0x26, 0x03, 0x02, 0x04, 0x26,
    0x00, 0xF1, 0x00, 0x00, 0x00, 0x07, 0x01, 0xE8, 0x00, 0x71, 0x00, 0x00, 0xFF, 0xFF, 0x00, 0x2C,
    0xFF, 0xF0, 0x02, 0x26, 0x03, 0x02, 0x04, 0x26, 0x00, 0xF1, 0x00, 0x00, 0x00, 0x07, 0x01, 0xEA,
    0x00, 0x84, 0x00, 0x00, 0xFF, 0xFF, 0x00, 0x2C, 0xFF, 0xF0, 0x02, 0x26, 0x02, 0xF4, 0x04, 0x26,
    0x00, 0xF1, 0x00, 0x00, 0x00, 0x07, 0x01, 0xF1, 0x00, 0x83, 0x00, 0x00, 0xFF, 0xFF, 0x00, 0x2C,
    0xFF, 0x38, 0x02, 0x3F, 0x02, 0x30, 0x04, 0x26, 0x00, 0xF1, 0x00, 0x00, 0x00, 0x07, 0x01, 0xF5,
    0x01, 0x5B, 0x00, 0x00, 0xFF, 0xFF, 0x00, 0x2C, 0xFF, 0xF0, 0x02, 0x26, 0x03, 0x28, 0x04, 0x26,
    0x00, 0xF1, 0x00, 0x00, 0x00, 0x07, 0x01, 0xEF, 0x00, 0xB8, 0x00, 0x00, 0xFF, 0xFF, 0x00, 0x2C,
    0xFF, 0xF0, 0x02, 0x26, 0x03, 0x07, 0x04, 0x26, 0x00, 0xF1, 0x00, 0x00, 0x00, 0x06, 0x01, 0xF0,
    0x60, 0x00, 0x00, 0x02, 0x00, 0x12, 0x00, 0x00, 0x02, 0x27, 0x02, 0x30, 0x00, 0x03, 0x00, 0x07,
    0x00, 0x00, 0x53, 0x33, 0x13, 0x23, 0x01, 0x03, 0x23, 0x13, 0x12, 0x99, 0x96, 0x85, 0x01, 0x6B,
    0xAA, 0x85, 0x96, 0x02, 0x30, 0xFD, 0xD0, 0x02, 0x30, 0xFD, 0xD0, 0x02, 0x30, 0x00, 0x00, 0x04,
    0x00, 0x12, 0x00, 0x00, 0x03, 0x19, 0x02, 0x30, 0x00, 0x03, 0x00, 0x07, 0x00, 0x0B, 0x00, 0x0F,
    0x00, 0x00, 0x53, 0x33, 0x13, 0x23, 0x01, 0x03, 0x23, 0x13, 0x33, 0x33, 0x13, 0x23, 0x01, 0x03,
    0x23, 0x13, 0x12, 0x99, 0x64, 0x7B, 0x01, 0x39, 0x78, 0x85, 0x78, 0x16, 0x85, 0x78, 0x85, 0x01,
    0x43, 0x82, 0x7B, 0x64, 0x02, 0x30, 0xFD, 0xD0, 0x02, 0x30, 0xFD, 0xD0, 0x02, 0x30, 0xFD, 0xD0,
    0x02, 0x30, 0xFD, 0xD0, 0x02, 0x30, 0xFF, 0xFF, 0x00, 0x12, 0x00, 0x00, 0x03, 0x19, 0x03, 0x02,
    0x04, 0x26, 0x00, 0xFD, 0x00, 0x00, 0x00, 0x07, 0x01, 0xE9, 0x01, 0x51, 0x00, 0x00, 0xFF, 0xFF,
    0x00, 0x12, 0x00, 0x00, 0x03, 0x19, 0x03, 0x02, 0x04, 0x26, 0x00, 0xFD, 0x00, 0x00, 0x00, 0x07,
    0x01, 0xEC, 0x00, 0xD6, 0x00, 0x00, 0xFF, 0xFF, 0x00, 0x12, 0x00, 0x00, 0x03, 0x19, 0x02, 0xFF,
    0x04, 0x26, 0x00, 0xFD, 0x00, 0x00, 0x00, 0x07, 0x01, 0xE6, 0x00, 0xD5, 0x00, 0x00, 0xFF, 0xFF,
    0x00, 0x12, 0x00, 0x00, 0x03, 0x19, 0x03, 0x02, 0x04, 0x26, 0x00, 0xFD, 0x00, 0x00, 0x00, 0x07,
    0x01, 0xE8, 0x00, 0xDD, 0x00, 0x00, 0x00, 0x02, 0x00, 0x14, 0x00, 0x00, 0x02, 0x23, 0x02, 0x30,
    0x00, 0x03, 0x00, 0x07, 0x00, 0x00, 0x53, 0x33, 0x01, 0x23, 0x13, 0x01, 0x23, 0x01, 0x17, 0xA7,
    0x01, 0x65, 0xA7, 0xA4, 0xFE, 0x9B, 0xA7, 0x01, 0x65, 0x02, 0x30, 0xFD, 0xD0, 0x02, 0x30, 0xFD,
    0xD0, 0x02, 0x30, 0x00, 0x00, 0x02, 0x00, 0x12, 0xFF, 0x38, 0x02, 0x27, 0x02, 0x30, 0x00, 0x0E,
    0x00, 0x12, 0x00, 0x00, 0x57, 0x35, 0x33, 0x32, 0x36, 0x36, 0x37, 0x13, 0x33, 0x03, 0x0E, 0x03,
    0x23, 0x37, 0x03, 0x33, 0x13, 0x57, 0x3D, 0x1F, 0x21, 0x14, 0x08, 0x9E, 0x99, 0xAA, 0x10, 0x23,
    0x30, 0x4C, 0x3A, 0x28, 0xAA, 0x99, 0x96, 0xC8, 0x7A, 0x15, 0x24, 0x19, 0x02, 0x2C, 0xFD, 0xD0,
    0x34, 0x4B, 0x31, 0x18, 0xC8, 0x02, 0x30, 0xFD, 0xD0, 0x00, 0xFF, 0xFF, 0x00, 0x12, 0xFF, 0x38,
    0x02, 0x27, 0x03, 0x02, 0x04, 0x26, 0x01, 0x03, 0x00, 0x00, 0x00, 0x07, 0x01, 0xE9, 0x00, 0xD8,
    0x00, 0x00, 0xFF, 0xFF, 0x00, 0x12, 0xFF, 0x38, 0x02, 0x27, 0x03, 0x02, 0x04, 0x26, 0x01, 0x03,
    0x00, 0x00, 0x00, 0x07, 0x01, 0xEC, 0x00, 0x5D, 0x00, 0x00, 0xFF, 0xFF, 0x00, 0x12, 0xFF, 0x38,
    0x02, 0x27, 0x02, 0xFF, 0x04, 0x26, 0x01, 0x03, 0x00, 0x00, 0x00, 0x06, 0x01, 0xE6, 0x5C, 0x00,
    0xFF, 0xFF, 0x00, 0x12, 0xFF, 0x38, 0x02, 0x27, 0x03, 0x02, 0x04, 0x26, 0x01, 0x03, 0x00, 0x00,
    0x00, 0x07, 0x01, 0xE8, 0x00, 0x64, 0x00, 0x00, 0xFF, 0xFF, 0x00, 0x12, 0xFF, 0x38, 0x02, 0x27,
    0x03, 0x07, 0x04, 0x26, 0x01, 0x03, 0x00, 0x00, 0x00, 0x06, 0x01, 0xF0, 0x53, 0x00, 0x00, 0x03,
    0x00, 0x18, 0x00, 0x00, 0x01, 0xD6, 0x02, 0x30, 0x00, 0x04, 0x00, 0x09, 0x00, 0x0E, 0x00, 0x00,
    0x53, 0x21, 0x15, 0x07, 0x21, 0x13, 0x27, 0x01, 0x33, 0x15, 0x13, 0x21, 0x35, 0x37, 0x21, 0x20,
    0x01, 0xB3, 0x3F, 0xFE, 0x8C, 0x56, 0x5E, 0x01, 0x5D, 0x5E, 0x03, 0xFE, 0x42, 0x3E, 0x01, 0x80,
    0x02, 0x30, 0x60, 0x1A, 0xFE, 0x4A, 0x60, 0x01, 0xD0, 0x60, 0xFE, 0x30, 0x60, 0x1A, 0xFF, 0xFF,
    0x00, 0x18, 0x00, 0x00, 0x01, 0xD6, 0x03, 0x02, 0x04, 0x26, 0x01, 0x09, 0x00, 0x00, 0x00, 0x07,
    0x01, 0xE9, 0x00, 0xB2, 0x00, 0x00, 0xFF, 0xFF, 0x00, 0x18, 0x00, 0x00, 0x01, 0xD6, 0x03, 0x02,
    0x04, 0x26, 0x01, 0x09, 0x00, 0x00, 0x00, 0x06, 0x01, 0xED, 0x37, 0x00, 0xFF, 0xFF, 0x00, 0x18,
    0x00, 0x00, 0x01, 0xD6, 0x02, 0xEE, 0x04, 0x26, 0x01, 0x09, 0x00, 0x00, 0x00, 0x07, 0x01, 0xE7,
    0x00, 0xA7, 0x00, 0x00, 0x00, 0x01, 0x00, 0x32, 0x01, 0xB6, 0x00, 0xD7, 0x02, 0xCC, 0x00, 0x03,
    0x00, 0x00, 0x53, 0x33, 0x03, 0x23, 0x32, 0xA5, 0x14, 0x7D, 0x02, 0xCC, 0xFE, 0xEA, 0xFF, 0xFF,
    0x00, 0x30, 0xFE, 0xEF, 0x00, 0xBF, 0x02, 0xEE, 0x04, 0x26, 0x00, 0xC9, 0x00, 0x00, 0x00, 0x06,
    0x01, 0xF3, 0x0E, 0x00, 0xFF, 0xFF, 0x00, 0x2E, 0xFE, 0xEF, 0x02, 0x28, 0x02, 0x40, 0x04, 0x26,
    0x00, 0xCF, 0x00, 0x00, 0x00, 0x07, 0x01, 0xF3, 0x00, 0xC0, 0x00, 0x00, 0x00, 0x02, 0x00, 0x23,
    0xFF, 0xF0, 0x02, 0x14, 0x02, 0x40, 0x00, 0x1B, 0x00, 0x2B, 0x00, 0x00, 0x57, 0x22, 0x26, 0x26,
    0x35, 0x34, 0x3E, 0x02, 0x37, 0x15, 0x26, 0x06, 0x15, 0x14, 0x16, 0x33, 0x32, 0x36, 0x36, 0x35,
    0x35, 0x33, 0x11, 0x23, 0x35, 0x06, 0x06, 0x03, 0x34, 0x36, 0x36, 0x33, 0x32, 0x16, 0x17, 0x23,
    0x26, 0x26, 0x23, 0x22, 0x06, 0x06, 0x15, 0xF3, 0x37, 0x55, 0x31, 0x3E, 0x65, 0x75, 0x37, 0x63,
    0x57, 0x29, 0x1B, 0x1A, 0x37, 0x25, 0x8F, 0x8F, 0x17, 0x4F, 0xFC, 0x3C, 0x72, 0x51, 0x6E, 0x7A,
    0x09, 0x8E, 0x03, 0x28, 0x38, 0x2B, 0x2E, 0x11, 0x10, 0x29, 0x4E, 0x38, 0x41, 0x4C, 0x26, 0x0E,
    0x01, 0x7A, 0x02, 0x21, 0x25, 0x1B, 0x16, 0x10, 0x2E, 0x2D, 0x46, 0xFE, 0xDD, 0x36, 0x20, 0x26,
    0x01, 0x71, 0x39, 0x66, 0x40, 0x77, 0x68, 0x29, 0x34, 0x1B, 0x2B, 0x17, 0xFF, 0xFF, 0x00, 0x23,
    0xFF, 0xF0, 0x02, 0x14, 0x03, 0x02, 0x04, 0x26, 0x01, 0x10, 0x00, 0x00, 0x00, 0x07, 0x01, 0xE9,
    0x00, 0xD9, 0x00, 0x00, 0xFF, 0xFF, 0x00, 0x23, 0xFF, 0xF0, 0x02, 0x14, 0x03, 0x02, 0x04, 0x26,
    0x01, 0x10, 0x00, 0x00, 0x00, 0x07, 0x01, 0xEE, 0x00, 0x56, 0x00, 0x00, 0xFF, 0xFF, 0x00, 0x23,
    0xFF, 0xF0, 0x02, 0x14, 0x03, 0x02, 0x04, 0x26, 0x01, 0x10, 0x00, 0x00, 0x00, 0x07, 0x01, 0xEC,
    0x00, 0x5E, 0x00, 0x00, 0xFF, 0xFF, 0x00, 0x23, 0xFF, 0xF0, 0x02, 0x14, 0x02, 0xFF, 0x04, 0x26,
    0x01, 0x10, 0x00, 0x00, 0x00, 0x06, 0x01, 0xE6, 0x5D, 0x00, 0xFF, 0xFF, 0x00, 0x23, 0xFF, 0xF0,
    0x02, 0x14, 0x03, 0x02, 0x04, 0x26, 0x01, 0x10, 0x00, 0x00, 0x00, 0x07, 0x01, 0xE8, 0x00, 0x65,
    0x00, 0x00, 0xFF, 0xFF, 0x00, 0x23, 0xFF, 0xF0, 0x02, 0x14, 0x02, 0xF4, 0x04, 0x26, 0x01, 0x10,
    0x00, 0x00, 0x00, 0x06, 0x01, 0xF1, 0x77, 0x00, 0xFF, 0xFF, 0x00, 0x23, 0xFF, 0x38, 0x02, 0x2D,
    0x02, 0x40, 0x04, 0x26, 0x01, 0x10, 0x00, 0x00, 0x00, 0x07, 0x01, 0xF5, 0x01, 0x49, 0x00, 0x00,
    0xFF, 0xFF, 0x00, 0x23, 0xFF, 0xF0, 0x02, 0x14, 0x03, 0x28, 0x04, 0x26, 0x01, 0x10, 0x00, 0x00,
    0x00, 0x07, 0x01, 0xEF, 0x00, 0xAC, 0x00, 0x00, 0xFF, 0xFF, 0x00, 0x23, 0xFF, 0xF0, 0x02, 0x14,
    0x03, 0x07, 0x04, 0x26, 0x01, 0x10, 0x00, 0x00, 0x00, 0x06, 0x01, 0xF0, 0x54, 0x00, 0x00, 0x02,
    0x00, 0x19, 0xFF, 0xF0, 0x02, 0x42, 0x02, 0x40, 0x00, 0x14, 0x00, 0x24, 0x00, 0x00, 0x77, 0x35,
    0x21, 0x07, 0x36, 0x26, 0x26, 0x23, 0x22, 0x06, 0x17, 0x23, 0x3E, 0x02, 0x33, 0x32, 0x1E, 0x02,
    0x07, 0x07, 0x22, 0x26, 0x26, 0x27, 0x33, 0x16, 0x16, 0x33, 0x32, 0x36, 0x37, 0x33, 0x0E, 0x02,
    0xB0, 0x01, 0x25, 0x2E, 0x05, 0x15, 0x34, 0x2C, 0x39, 0x51, 0x03, 0x97, 0x05, 0x50, 0x7E, 0x4B,
    0x39, 0x66, 0x4A, 0x22, 0x0C, 0xFF, 0x4E, 0x79, 0x4A, 0x0A, 0x94, 0x08, 0x3F, 0x40, 0x29, 0x36,
    0x0B, 0x97, 0x0C, 0x46, 0x6B, 0xE8, 0x74, 0x1B, 0x1D, 0x3B, 0x27, 0x4B, 0x4B, 0x5B, 0x7B, 0x40,
    0x2E, 0x58, 0x80, 0x52, 0xF8, 0x3E, 0x70, 0x4A, 0x34, 0x44, 0x26, 0x1C, 0x3A, 0x57, 0x31, 0x00,
    0xFF, 0xFF, 0x00, 0x19, 0xFF, 0xF0, 0x02, 0x42, 0x03, 0x02, 0x04, 0x26, 0x01, 0x1A, 0x00, 0x00,
    0x00, 0x07, 0x01, 0xE9, 0x00, 0xE5, 0x00, 0x00, 0xFF, 0xFF, 0x00, 0x19, 0xFF, 0xF0, 0x02, 0x42,
    0x03, 0x02, 0x04, 0x26, 0x01, 0x1A, 0x00, 0x00, 0x00, 0x07, 0x01, 0xED, 0x00, 0x6A, 0x00, 0x00,
    0xFF, 0xFF, 0x00, 0x19, 0xFF, 0xF0, 0x02, 0x42, 0x03, 0x02, 0x04, 0x26, 0x01, 0x1A, 0x00, 0x00,
    0x00, 0x07, 0x01, 0xEC, 0x00, 0x6A, 0x00, 0x00, 0xFF, 0xFF, 0x00, 0x19, 0xFF, 0xF0, 0x02, 0x42,
    0x02, 0xFF, 0x04, 0x26, 0x01, 0x1A, 0x00, 0x00, 0x00, 0x07, 0x01, 0xE6, 0x00, 0x69, 0x00, 0x00,
    0xFF, 0xFF, 0x00, 0x19, 0xFF, 0xF0, 0x02, 0x42, 0x02, 0xEE, 0x04, 0x26, 0x01, 0x1A, 0x00, 0x00,
    0x00, 0x07, 0x01, 0xE7, 0x00, 0xDA, 0x00, 0x00, 0xFF, 0xFF, 0x00, 0x19, 0xFF, 0xF0, 0x02, 0x42,
    0x03, 0x02, 0x04, 0x26, 0x01, 0x1A, 0x00, 0x00, 0x00, 0x07, 0x01, 0xE8, 0x00, 0x71, 0x00, 0x00,
    0xFF, 0xFF, 0x00, 0x19, 0xFF, 0xF0, 0x02, 0x42, 0x02, 0xF4, 0x04, 0x26, 0x01, 0x1A, 0x00, 0x00,
    0x00, 0x07, 0x01, 0xF1, 0x00, 0x83, 0x00, 0x00, 0xFF, 0xFF, 0x00, 0x19, 0xFF, 0x38, 0x02, 0x42,
    0x02, 0x40, 0x04, 0x26, 0x01, 0x1A, 0x00, 0x00, 0x00, 0x07, 0x01, 0xF5, 0x00, 0xD0, 0x00, 0x00,
    0xFF, 0xFF, 0x00, 0x19, 0xFF, 0xF0, 0x02, 0x42, 0x03, 0x07, 0x04, 0x26, 0x01, 0x1A, 0x00, 0x00,
    0x00, 0x07, 0x01, 0xF0, 0x00, 0x60, 0x00, 0x00, 0x00, 0x02, 0x00, 0x14, 0x00, 0x00, 0x01, 0x4F,
    0x02, 0xEE, 0x00, 0x05, 0x00, 0x09, 0x00, 0x00, 0x53, 0x33, 0x15, 0x23, 0x11, 0x23, 0x03, 0x21,
    0x15, 0x21, 0x54, 0xFB, 0x6C, 0x8F, 0x40, 0x01, 0x3B, 0xFE, 0xC5, 0x02, 0xEE, 0x7A, 0xFD, 0x8C,
    0x02, 0x30, 0x7A, 0x00, 0x00, 0x02, 0x00, 0x30, 0x00, 0x00, 0x00, 0xEC, 0x03, 0x1B, 0x00, 0x03,
    0x00, 0x07, 0x00, 0x00, 0x53, 0x33, 0x11, 0x23, 0x03, 0x37, 0x17, 0x07, 0x58, 0x8F, 0x8F, 0x28,
    0x99, 0x23, 0x99, 0x02, 0x30, 0xFD, 0xD0, 0x02, 0xF8, 0x23, 0x99, 0x23, 0x00, 0x02, 0xFF, 0xB8,
    0xFF, 0x38, 0x00, 0xC8, 0x03, 0x1B, 0x00, 0x05, 0x00, 0x09, 0x00, 0x00, 0x47, 0x35, 0x33, 0x11,
    0x33, 0x11, 0x03, 0x27, 0x37, 0x17, 0x48, 0x7C, 0x8F, 0x94, 0x23, 0x99, 0x23, 0xC8, 0x7A, 0x02,
    0x7E, 0xFD, 0x08, 0x03, 0x27, 0x99, 0x23, 0x99, 0x00, 0x02, 0x00, 0x15, 0x00, 0x00, 0x01, 0x60,
    0x02, 0xBC, 0x00, 0x05, 0x00, 0x09, 0x00, 0x00, 0x73, 0x11, 0x33, 0x11, 0x33, 0x15, 0x01, 0x35,
    0x21, 0x15, 0x55, 0x8F, 0x7C, 0xFE, 0xB5, 0x01, 0x3B, 0x02, 0xBC, 0xFD, 0xBE, 0x7A, 0x01, 0xB6,
    0x7A, 0x7A, 0xFF, 0xFF, 0x00, 0x15, 0x00, 0x00, 0x01, 0xE9, 0x02, 0xEE, 0x04, 0x26, 0x01, 0x27,
    0x00, 0x00, 0x00, 0x07, 0x01, 0xEB, 0x01, 0x26, 0x00, 0x00, 0xFF, 0xFF, 0x00, 0x15, 0xFF, 0x38,
    0x01, 0x6B, 0x02, 0xBC, 0x04, 0x26, 0x01, 0x27, 0x00, 0x00, 0x00, 0x07, 0x01, 0xF4, 0x00, 0x4A,
    0x00, 0x00, 0xFF, 0xFF, 0x00, 0x15, 0xFE, 0xEF, 0x01, 0x60, 0x02, 0xBC, 0x04, 0x26, 0x01, 0x27,
    0x00, 0x00, 0x00, 0x07, 0x01, 0xF3, 0x00, 0x4E, 0x00, 0x00, 0x00, 0x03, 0x00, 0x12, 0xFF, 0x38,
    0x02, 0x27, 0x02, 0x30, 0x00, 0x03, 0x00, 0x09, 0x00, 0x0D, 0x00, 0x00, 0x73, 0x13, 0x33, 0x03,
    0x05, 0x35, 0x33, 0x37, 0x33, 0x07, 0x27, 0x03, 0x33, 0x13, 0xF8, 0x96, 0x99, 0xAA, 0xFE, 0xDA,
    0x7C, 0x2C, 0x8D, 0x50, 0x80, 0xAA, 0x99, 0x96, 0x02, 0x30, 0xFD, 0xD0, 0xC8, 0x7A, 0x7E, 0xF8,
    0xC8, 0x02, 0x30, 0xFD, 0xD0, 0x00, 0xFF, 0xFF, 0x00, 0x12, 0xFF, 0x38, 0x02, 0x27, 0x03, 0x02,
    0x04, 0x26, 0x01, 0x2B, 0x00, 0x00, 0x00, 0x07, 0x01, 0xE9, 0x00, 0xD8, 0x00, 0x00, 0xFF, 0xFF,
    0x00, 0x12, 0xFF, 0x38, 0x02, 0x27, 0x03, 0x02, 0x04, 0x26, 0x01, 0x2B, 0x00, 0x00, 0x00, 0x07,
    0x01, 0xEC, 0x00, 0x5D, 0x00, 0x00, 0xFF, 0xFF, 0x00, 0x12, 0xFF, 0x38, 0x02, 0x27, 0x02, 0xFF,
    0x04, 0x26, 0x01, 0x2B, 0x00, 0x00, 0x00, 0x06, 0x01, 0xE6, 0x5C, 0x00, 0xFF, 0xFF, 0x00, 0x12,
    0xFF, 0x38, 0x02, 0x27, 0x03, 0x02, 0x04, 0x26, 0x01, 0x2B, 0x00, 0x00, 0x00, 0x07, 0x01, 0xE8,
    0x00, 0x64, 0x00, 0x00, 0xFF, 0xFF, 0x00, 0x12, 0xFF, 0x38, 0x02, 0x27, 0x03, 0x07, 0x04, 0x26,
    0x01, 0x2B, 0x00, 0x00, 0x00, 0x06, 0x01, 0xF0, 0x53, 0x00, 0x00, 0x04, 0x00, 0x1E, 0x00, 0x00,
    0x03, 0x49, 0x02, 0xBC, 0x00, 0x23, 0x00, 0x47, 0x00, 0x4B, 0x00, 0x4F, 0x00, 0x00, 0x61, 0x35,
    0x33, 0x32, 0x36, 0x35, 0x35, 0x34, 0x36, 0x37, 0x35, 0x26, 0x26, 0x35, 0x35, 0x34, 0x26, 0x23,
    0x23, 0x35, 0x33, 0x32, 0x16, 0x15, 0x15, 0x14, 0x33, 0x33, 0x15, 0x23, 0x22, 0x15, 0x15, 0x14,
    0x06, 0x23, 0x21, 0x22, 0x26, 0x35, 0x35, 0x34, 0x23, 0x23, 0x35, 0x33, 0x32, 0x35, 0x35, 0x34,
    0x36, 0x33, 0x33, 0x15, 0x23, 0x22, 0x06, 0x15, 0x15, 0x14, 0x06, 0x07, 0x15, 0x16, 0x16, 0x15,
    0x15, 0x14, 0x16, 0x33, 0x33, 0x15, 0x03, 0x35, 0x33, 0x15, 0x33, 0x35, 0x33, 0x15, 0x02, 0x03,
    0x60, 0x10, 0x15, 0x1C, 0x16, 0x16, 0x1C, 0x15, 0x10, 0x60, 0xA6, 0x2E, 0x40, 0x0D, 0x25, 0x25,
    0x0D, 0x40, 0x2E, 0xFE, 0x15, 0x2E, 0x40, 0x0D, 0x25, 0x25, 0x0D, 0x40, 0x2E, 0xA6, 0x60, 0x10,
    0x15, 0x1B, 0x17, 0x17, 0x1B, 0x15, 0x10, 0x60, 0x49, 0x72, 0x4D, 0x72, 0x86, 0x15, 0x0F, 0x62,
    0x1A, 0x2B, 0x0A, 0x06, 0x0B, 0x2A, 0x1A, 0x61, 0x10, 0x15, 0x86, 0x41, 0x2E, 0x6B, 0x0D, 0xEE,
    0x0D, 0x6C, 0x2E, 0x40, 0x40, 0x2E, 0x6C, 0x0D, 0xEE, 0x0D, 0x6B, 0x2E, 0x41, 0x86, 0x15, 0x10,
    0x61, 0x1A, 0x2A, 0x0B, 0x06, 0x0A, 0x2B, 0x1A, 0x62, 0x0F, 0x15, 0x86, 0x01, 0x4C, 0x7B, 0x7B,
    0x7B, 0x7B, 0x00, 0x03, 0x00, 0x1E, 0x01, 0x68, 0x01, 0x4C, 0x02, 0xCC, 0x00, 0x03, 0x00, 0x13,
    0x00, 0x2A, 0x00, 0x00, 0x53, 0x33, 0x15, 0x23, 0x03, 0x32, 0x16, 0x15, 0x23, 0x34, 0x26, 0x26,
    0x23, 0x22, 0x06, 0x15, 0x23, 0x34, 0x36, 0x36, 0x17, 0x17, 0x26, 0x06, 0x15, 0x14, 0x16, 0x33,
    0x32, 0x36, 0x36, 0x35, 0x17, 0x16, 0x06, 0x23, 0x22, 0x26, 0x35, 0x34, 0x3E, 0x02, 0xEF, 0x5D,
    0x5D, 0x36, 0x48, 0x4B, 0x5D, 0x05, 0x16, 0x1B, 0x25, 0x16, 0x60, 0x24, 0x46, 0x71, 0x0C, 0x41,
    0x39, 0x16, 0x0C, 0x0D, 0x1F, 0x16, 0x17, 0x02, 0x3E, 0x2F, 0x31, 0x40, 0x28, 0x3F, 0x48, 0x02,
    0x32, 0xC0, 0x01, 0x5A, 0x53, 0x47, 0x12, 0x20, 0x13, 0x20, 0x11, 0x23, 0x3D, 0x26, 0x86, 0x4E,
    0x02, 0x10, 0x16, 0x0D, 0x0A, 0x06, 0x19, 0x1B, 0x20, 0x2E, 0x41, 0x37, 0x32, 0x28, 0x2E, 0x16,
    0x08, 0x00, 0x00, 0x02, 0x00, 0x1E, 0x01, 0x68, 0x01, 0x75, 0x02, 0xCC, 0x00, 0x0C, 0x00, 0x18,
    0x00, 0x00, 0x53, 0x22, 0x26, 0x35, 0x34, 0x36, 0x33, 0x32, 0x16, 0x16, 0x15, 0x14, 0x06, 0x27,
    0x32, 0x36, 0x35, 0x34, 0x26, 0x23, 0x22, 0x06, 0x15, 0x14, 0x16, 0xCA, 0x4E, 0x5E, 0x5E, 0x4E,
    0x34, 0x4C, 0x2B, 0x5E, 0x4D, 0x28, 0x1E, 0x1E, 0x28, 0x28, 0x1E, 0x1E, 0x01, 0x68, 0x63, 0x4E,
    0x4F, 0x64, 0x2E, 0x50, 0x35, 0x4E, 0x63, 0x59, 0x36, 0x22, 0x23, 0x37, 0x37, 0x23, 0x22, 0x36,
    0x00, 0x02, 0x00, 0x1C, 0xFF, 0xF0, 0x02, 0x6B, 0x02, 0xCC, 0x00, 0x11, 0x00, 0x21, 0x00, 0x00,
    0x45, 0x22, 0x26, 0x26, 0x35, 0x34, 0x3E, 0x02, 0x33, 0x32, 0x1E, 0x02, 0x15, 0x14, 0x06, 0x06,
    0x27, 0x32, 0x36, 0x36, 0x35, 0x34, 0x26, 0x26, 0x23, 0x22, 0x06, 0x06, 0x15, 0x14, 0x16, 0x16,
    0x01, 0x44, 0x66, 0x83, 0x3F, 0x23, 0x49, 0x70, 0x4C, 0x4C, 0x6F, 0x49, 0x23, 0x3F, 0x83, 0x65,
    0x35, 0x3F, 0x1C, 0x1C, 0x3F, 0x35, 0x35, 0x40, 0x1C, 0x1C, 0x40, 0x10, 0x63, 0xA6, 0x66, 0x4B,
    0x85, 0x64, 0x39, 0x39, 0x64, 0x85, 0x4B, 0x66, 0xA6, 0x63, 0x84, 0x44, 0x6B, 0x3C, 0x3B, 0x6B,
    0x43, 0x43, 0x6B, 0x3B, 0x3C, 0x6B, 0x44, 0x00, 0x00, 0x04, 0x00, 0x14, 0x00, 0x00, 0x01, 0xF5,
    0x02, 0xBC, 0x00, 0x03, 0x00, 0x07, 0x00, 0x0B, 0x00, 0x0F, 0x00, 0x00, 0x53, 0x33, 0x11, 0x23,
    0x03, 0x33, 0x15, 0x23, 0x11, 0x33, 0x15, 0x23, 0x25, 0x33, 0x15, 0x23, 0xBC, 0x91, 0x91, 0xA8,
    0xC3, 0xC3, 0xC3, 0xC3, 0x01, 0x1E, 0xC3, 0xC3, 0x02, 0xBC, 0xFD, 0x44, 0x02, 0xBC, 0x7E, 0xFE,
    0x40, 0x7E, 0x7E, 0x7E, 0x00, 0x02, 0x00, 0x0F, 0x00, 0x00, 0x02, 0x2A, 0x02, 0xCC, 0x00, 0x1F,
    0x00, 0x23, 0x00, 0x00, 0x73, 0x3E, 0x06, 0x35, 0x34, 0x26, 0x23, 0x22, 0x06, 0x07, 0x23, 0x34,
    0x36, 0x36, 0x33, 0x32, 0x16, 0x16, 0x15, 0x14, 0x0E, 0x05, 0x15, 0x27, 0x21, 0x15, 0x21, 0x0F,
    0x01, 0x2B, 0x45, 0x52, 0x52, 0x44, 0x29, 0x39, 0x35, 0x3B, 0x36, 0x05, 0x98, 0x46, 0x78, 0x4B,
    0x55, 0x77, 0x3E, 0x27, 0x41, 0x4E, 0x4E, 0x41, 0x27, 0x5A, 0x01, 0xC8, 0xFD, 0xE5, 0x4B, 0x6C,
    0x4E, 0x37, 0x2C, 0x29, 0x2F, 0x21, 0x32, 0x35, 0x38, 0x32, 0x47, 0x6B, 0x3C, 0x3E, 0x6B, 0x42,
    0x35, 0x49, 0x34, 0x2B, 0x2E, 0x3E, 0x58, 0x40, 0x7E, 0x7E, 0x00, 0x01, 0x00, 0x1E, 0xFF, 0xF0,
    0x02, 0x41, 0x02, 0xCC, 0x00, 0x33, 0x00, 0x00, 0x53, 0x33, 0x32, 0x36, 0x35, 0x34, 0x26, 0x26,
    0x23, 0x22, 0x06, 0x06, 0x07, 0x23, 0x34, 0x36, 0x36, 0x33, 0x32, 0x16, 0x16, 0x15, 0x14, 0x06,
    0x06, 0x07, 0x37, 0x1E, 0x02, 0x15, 0x14, 0x06, 0x06, 0x23, 0x22, 0x26, 0x26, 0x35, 0x33, 0x1E,
    0x02, 0x33, 0x32, 0x36, 0x36, 0x35, 0x34, 0x26, 0x23, 0x23, 0xF3, 0x2F, 0x4A, 0x39, 0x16, 0x2F,
    0x26, 0x27, 0x39, 0x21, 0x03, 0x98, 0x4D, 0x7F, 0x4B, 0x50, 0x76, 0x41, 0x26, 0x53, 0x44, 0x01,
    0x46, 0x55, 0x26, 0x40, 0x78, 0x55, 0x4B, 0x7F, 0x4C, 0x98, 0x03, 0x20, 0x39, 0x27, 0x27, 0x32,
    0x18, 0x3E, 0x4D, 0x2C, 0x01, 0xA4, 0x2F, 0x2B, 0x15, 0x21, 0x14, 0x19, 0x30, 0x21, 0x47, 0x6B,
    0x3C, 0x38, 0x5E, 0x38, 0x2C, 0x4C, 0x31, 0x05, 0x1F, 0x04, 0x33, 0x4D, 0x2D, 0x38, 0x5E, 0x38,
    0x3C, 0x6C, 0x46, 0x21, 0x2F, 0x1A, 0x16, 0x26, 0x18, 0x2B, 0x2F, 0x00, 0x00, 0x03, 0x00, 0x1E,
    0x00, 0x00, 0x02, 0x3B, 0x02, 0xBC, 0x00, 0x03, 0x00, 0x07, 0x00, 0x0C, 0x00, 0x00, 0x41, 0x33,
    0x11, 0x23, 0x01, 0x21, 0x15, 0x21, 0x01, 0x33, 0x01, 0x23, 0x35, 0x01, 0x4C, 0x8F, 0x8F, 0xFE,
    0xD2, 0x02, 0x1D, 0xFD, 0xE3, 0x01, 0x11, 0x96, 0xFE, 0x9D, 0x44, 0x02, 0xBC, 0xFD, 0x44, 0x01,
    0x1A, 0x7E, 0x02, 0x20, 0xFD, 0xE0, 0x7E, 0x00, 0x00, 0x03, 0x00, 0x1E, 0xFF, 0xF0, 0x02, 0x41,
    0x02, 0xBC, 0x00, 0x20, 0x00, 0x24, 0x00, 0x28, 0x00, 0x00, 0x41, 0x32, 0x16, 0x16, 0x15, 0x14,
    0x06, 0x06, 0x23, 0x22, 0x26, 0x26, 0x35, 0x33, 0x1E, 0x02, 0x33, 0x32, 0x36, 0x36, 0x35, 0x34,
    0x26, 0x23, 0x22, 0x06, 0x07, 0x23, 0x3E, 0x03, 0x07, 0x13, 0x33, 0x03, 0x03, 0x21, 0x15, 0x21,
    0x01, 0x3A, 0x59, 0x74, 0x3A, 0x40, 0x78, 0x55, 0x4B, 0x7F, 0x4C, 0x98, 0x03, 0x20, 0x39, 0x27,
    0x27, 0x32, 0x18, 0x36, 0x3A, 0x2C, 0x49, 0x14, 0x56, 0x06, 0x22, 0x38, 0x4E, 0xEB, 0x4B, 0x91,
    0x4E, 0x1D, 0x01, 0x79, 0xFE, 0x87, 0x01, 0xD6, 0x3D, 0x6E, 0x48, 0x44, 0x6F, 0x40, 0x3C, 0x6C,
    0x46, 0x21, 0x2F, 0x1A, 0x21, 0x34, 0x1D, 0x31, 0x3D, 0x1E, 0x17, 0x15, 0x3E, 0x3C, 0x28, 0xB7,
    0x01, 0x9D, 0xFE, 0x63, 0x01, 0x9D, 0x7E, 0x00, 0x00, 0x02, 0x00, 0x1C, 0xFF, 0xF0, 0x02, 0x3F,
    0x02, 0xCC, 0x00, 0x21, 0x00, 0x2E, 0x00, 0x00, 0x41, 0x2E, 0x03, 0x23, 0x22, 0x06, 0x06, 0x07,
    0x27, 0x3E, 0x02, 0x33, 0x32, 0x16, 0x16, 0x15, 0x14, 0x06, 0x06, 0x23, 0x22, 0x2E, 0x02, 0x35,
    0x34, 0x36, 0x33, 0x32, 0x16, 0x17, 0x01, 0x14, 0x16, 0x33, 0x32, 0x36, 0x36, 0x35, 0x34, 0x26,
    0x23, 0x22, 0x06, 0x01, 0x93, 0x03, 0x0D, 0x15, 0x23, 0x1A, 0x20, 0x3D, 0x2A, 0x02, 0x26, 0x10,
    0x35, 0x47, 0x2A, 0x52, 0x76, 0x3F, 0x40, 0x78, 0x55, 0x38, 0x65, 0x4D, 0x2C, 0x91, 0x89, 0x6A,
    0x7C, 0x12, 0xFE, 0x90, 0x40, 0x34, 0x24, 0x35, 0x1D, 0x40, 0x35, 0x35, 0x40, 0x01, 0xF6, 0x12,
    0x1E, 0x16, 0x0C, 0x29, 0x5C, 0x4E, 0x07, 0x1B, 0x28, 0x17, 0x40, 0x6E, 0x45, 0x44, 0x6F, 0x40,
    0x23, 0x4F, 0x86, 0x63, 0xB9, 0xC8, 0x76, 0x60, 0xFE, 0xF2, 0x33, 0x41, 0x1E, 0x33, 0x21, 0x35,
    0x39, 0x39, 0x00, 0x02, 0x00, 0x14, 0x00, 0x00, 0x01, 0xF9, 0x02, 0xBC, 0x00, 0x0A, 0x00, 0x0E,
    0x00, 0x00, 0x73, 0x34, 0x12, 0x36, 0x37, 0x33, 0x15, 0x0E, 0x02, 0x15, 0x01, 0x21, 0x15, 0x21,
    0xA1, 0x37, 0x6C, 0x4D, 0x68, 0x3B, 0x56, 0x2F, 0xFE, 0xDB, 0x01, 0xBF, 0xFE, 0x41, 0x98, 0x01,
    0x0A, 0xD4, 0x46, 0x63, 0x38, 0xA0, 0xE4, 0x9D, 0x02, 0xBC, 0x7E, 0x00, 0x00, 0x03, 0x00, 0x1C,
    0xFF, 0xF0, 0x02, 0x32, 0x02, 0xCC, 0x00, 0x1B, 0x00, 0x29, 0x00, 0x35, 0x00, 0x00, 0x41, 0x32,
    0x16, 0x16, 0x15, 0x14, 0x06, 0x07, 0x16, 0x16, 0x15, 0x14, 0x06, 0x06, 0x23, 0x22, 0x26, 0x26,
    0x35, 0x34, 0x36, 0x37, 0x26, 0x26, 0x35, 0x34, 0x36, 0x36, 0x03, 0x14, 0x16, 0x16, 0x33, 0x32,
    0x36, 0x36, 0x35, 0x34, 0x26, 0x23, 0x22, 0x06, 0x13, 0x14, 0x16, 0x33, 0x32, 0x36, 0x35, 0x34,
    0x26, 0x23, 0x22, 0x06, 0x01, 0x27, 0x50, 0x75, 0x41, 0x33, 0x39, 0x3D, 0x34, 0x3F, 0x77, 0x55,
    0x54, 0x78, 0x3F, 0x34, 0x3D, 0x39, 0x33, 0x41, 0x76, 0x25, 0x15, 0x32, 0x2D, 0x2D, 0x32, 0x15,
    0x34, 0x40, 0x40, 0x34, 0x05, 0x35, 0x3A, 0x3A, 0x35, 0x3A, 0x35, 0x34, 0x3B, 0x02, 0xCC, 0x38,
    0x5E, 0x38, 0x34, 0x55, 0x15, 0x15, 0x58, 0x35, 0x38, 0x5E, 0x38, 0x38, 0x5E, 0x38, 0x35, 0x58,
    0x15, 0x15, 0x55, 0x34, 0x38, 0x5E, 0x38, 0xFE, 0x01, 0x15, 0x29, 0x1B, 0x1B, 0x29, 0x15, 0x28,
    0x34, 0x34, 0x01, 0x04, 0x28, 0x34, 0x34, 0x28, 0x21, 0x2E, 0x2E, 0x00, 0x00, 0x02, 0x00, 0x1C,
    0xFF, 0xF0, 0x02, 0x3F, 0x02, 0xCC, 0x00, 0x21, 0x00, 0x2E, 0x00, 0x00, 0x77, 0x1E, 0x03, 0x33,
    0x32, 0x36, 0x36, 0x37, 0x17, 0x0E, 0x02, 0x23, 0x22, 0x26, 0x26, 0x35, 0x34, 0x36, 0x36, 0x33,
    0x32, 0x1E, 0x02, 0x15, 0x14, 0x06, 0x23, 0x22, 0x26, 0x27, 0x01, 0x34, 0x26, 0x23, 0x22, 0x06,
    0x06, 0x15, 0x14, 0x16, 0x33, 0x32, 0x36, 0xC8, 0x03, 0x0D, 0x15, 0x23, 0x1A, 0x20, 0x3E, 0x29,
    0x02, 0x26, 0x0F, 0x36, 0x47, 0x2A, 0x52, 0x76, 0x3F, 0x40, 0x78, 0x55, 0x38, 0x65, 0x4D, 0x2C,
    0x91, 0x89, 0x6A, 0x7C, 0x12, 0x01, 0x70, 0x3F, 0x35, 0x24, 0x35, 0x1D, 0x40, 0x35, 0x35, 0x40,
    0xC6, 0x12, 0x1E, 0x16, 0x0C, 0x29, 0x5C, 0x4E, 0x07, 0x1B, 0x28, 0x17, 0x40, 0x6F, 0x44, 0x45,
    0x6E, 0x40, 0x23, 0x4F, 0x86, 0x63, 0xB8, 0xC9, 0x76, 0x60, 0x01, 0x0E, 0x33, 0x41, 0x1D, 0x34,
    0x21, 0x34, 0x3A, 0x39, 0x00, 0x04, 0x00, 0x14, 0x00, 0x00, 0x01, 0xF5, 0x02, 0xBC, 0x00, 0x03,
    0x00, 0x07, 0x00, 0x0B, 0x00, 0x0F, 0x00, 0x00, 0x53, 0x33, 0x11, 0x23, 0x03, 0x33, 0x15, 0x23,
    0x11, 0x33, 0x15, 0x23, 0x25, 0x33, 0x15, 0x23, 0xBC, 0x91, 0x91, 0xA8, 0xA8, 0xA8, 0xA8, 0xA8,
    0x01, 0x39, 0xA8, 0xA8, 0x02, 0x7A, 0xFD, 0x86, 0x02, 0xBC, 0x7E, 0xFE, 0x40, 0x7E, 0x7E, 0x7E,
    0x00, 0x01, 0x00, 0x0F, 0x00, 0x00, 0x02, 0x24, 0x02, 0xCC, 0x00, 0x23, 0x00, 0x00, 0x73, 0x35,
    0x23, 0x3E, 0x06, 0x35, 0x34, 0x26, 0x23, 0x22, 0x06, 0x07, 0x23, 0x34, 0x36, 0x36, 0x33, 0x32,
    0x16, 0x16, 0x15, 0x14, 0x0E, 0x05, 0x07, 0x21, 0x15, 0xA9, 0x9A, 0x0B, 0x33, 0x45, 0x4E, 0x4A,
    0x3D, 0x24, 0x39, 0x35, 0x3B, 0x36, 0x05, 0x98, 0x46, 0x78, 0x4B, 0x55, 0x77, 0x3E, 0x1C, 0x2F,
    0x3C, 0x41, 0x3F, 0x36, 0x12, 0x01, 0x51, 0x44, 0x3C, 0x59, 0x3F, 0x30, 0x27, 0x26, 0x2E, 0x1E,
    0x32, 0x35, 0x38, 0x32, 0x47, 0x6B, 0x3C, 0x3E, 0x6B, 0x42, 0x2C, 0x40, 0x30, 0x27, 0x24, 0x28,
    0x32, 0x22, 0x7E, 0x00, 0x00, 0x01, 0x00, 0x14, 0x00, 0x00, 0x01, 0xF9, 0x02, 0xBC, 0x00, 0x0E,
    0x00, 0x00, 0x73, 0x34, 0x36, 0x36, 0x37, 0x21, 0x35, 0x21, 0x15, 0x33, 0x15, 0x0E, 0x02, 0x15,
    0xA1, 0x1F, 0x3D, 0x2D, 0xFE, 0xEA, 0x01, 0x66, 0x7F, 0x3B, 0x56, 0x2F, 0x72, 0xCF, 0xB4, 0x49,
    0x7E, 0x42, 0x21, 0x38, 0xA0, 0xE4, 0x9D, 0x00, 0x00, 0x02, 0x00, 0x14, 0xFF, 0xF0, 0x02, 0x63,
    0x02, 0xCC, 0x00, 0x11, 0x00, 0x21, 0x00, 0x00, 0x45, 0x22, 0x26, 0x26, 0x35, 0x34, 0x3E, 0x02,
    0x33, 0x32, 0x1E, 0x02, 0x15, 0x14, 0x06, 0x06, 0x27, 0x32, 0x36, 0x36, 0x35, 0x34, 0x26, 0x26,
    0x23, 0x22, 0x06, 0x06, 0x15, 0x14, 0x16, 0x16, 0x01, 0x3C, 0x65, 0x84, 0x3F, 0x23, 0x49, 0x70,
    0x4C, 0x4C, 0x6F, 0x49, 0x23, 0x3F, 0x83, 0x65, 0x35, 0x3F, 0x1C, 0x1C, 0x3F, 0x35, 0x35, 0x40,
    0x1C, 0x1C, 0x40, 0x10, 0x63, 0xA6, 0x66, 0x4B, 0x85, 0x64, 0x39, 0x39, 0x64, 0x85, 0x4B, 0x66,
    0xA6, 0x63, 0x84, 0x44, 0x6B, 0x3C, 0x3B, 0x6B, 0x43, 0x43, 0x6B, 0x3B, 0x3C, 0x6B, 0x44, 0x00,
    0x00, 0x04, 0x00, 0x23, 0x00, 0x00, 0x02, 0x54, 0x02, 0xBC, 0x00, 0x03, 0x00, 0x07, 0x00, 0x0B,
    0x00, 0x0F, 0x00, 0x00, 0x53, 0x33, 0x11, 0x23, 0x03, 0x33, 0x15, 0x23, 0x11, 0x33, 0x15, 0x23,
    0x25, 0x33, 0x15, 0x23, 0xF3, 0x91, 0x91, 0xD0, 0xEB, 0xEB, 0xEB, 0xEB, 0x01, 0x46, 0xEB, 0xEB,
    0x02, 0xBC, 0xFD, 0x44, 0x02, 0xBC, 0x7E, 0xFE, 0x40, 0x7E, 0x7E, 0x7E, 0x00, 0x02, 0x00, 0x2E,
    0x00, 0x00, 0x02, 0x49, 0x02, 0xCC, 0x00, 0x1F, 0x00, 0x23, 0x00, 0x00, 0x73, 0x3E, 0x06, 0x35,
    0x34, 0x26, 0x23, 0x22, 0x06, 0x07, 0x23, 0x34, 0x36, 0x36, 0x33, 0x32, 0x16, 0x16, 0x15, 0x14,
    0x0E, 0x05, 0x15, 0x27, 0x21, 0x15, 0x21, 0x2E, 0x01, 0x2B, 0x45, 0x52, 0x52, 0x44, 0x29, 0x39,
    0x35, 0x3B, 0x36, 0x05, 0x98, 0x46, 0x78, 0x4B, 0x55, 0x77, 0x3E, 0x27, 0x41, 0x4E, 0x4E, 0x41,
    0x27, 0x5A, 0x01, 0xC8, 0xFD, 0xE5, 0x4B, 0x6C, 0x4E, 0x37, 0x2C, 0x29, 0x2F, 0x21, 0x32, 0x35,
    0x38, 0x32, 0x47, 0x6B, 0x3C, 0x3E, 0x6B, 0x42, 0x35, 0x49, 0x34, 0x2B, 0x2E, 0x3E, 0x58, 0x40,
    0x7E, 0x7E, 0x00, 0x01, 0x00, 0x2A, 0xFF, 0xF0, 0x02, 0x4D, 0x02, 0xCC, 0x00, 0x31, 0x00, 0x00,
    0x53, 0x32, 0x36, 0x36, 0x35, 0x34, 0x26, 0x26, 0x23, 0x22, 0x06, 0x06, 0x07, 0x23, 0x34, 0x36,
    0x36, 0x33, 0x32, 0x16, 0x16, 0x15, 0x14, 0x06, 0x06, 0x07, 0x37, 0x1E, 0x02, 0x15, 0x14, 0x06,
    0x06, 0x23, 0x22, 0x26, 0x26, 0x35, 0x33, 0x16, 0x16, 0x33, 0x32, 0x36, 0x36, 0x35, 0x34, 0x26,
    0x23, 0xFF, 0x44, 0x4E, 0x20, 0x16, 0x2F, 0x26, 0x27, 0x39, 0x21, 0x03, 0x98, 0x4D, 0x7F, 0x4B,
    0x50, 0x76, 0x41, 0x26, 0x53, 0x44, 0x01, 0x46, 0x55, 0x26, 0x40, 0x78, 0x55, 0x4B, 0x7F, 0x4C,
    0x98, 0x05, 0x43, 0x3B, 0x27, 0x32, 0x18, 0x51, 0x66, 0x01, 0xA4, 0x12, 0x28, 0x20, 0x15, 0x21,
    0x14, 0x19, 0x30, 0x21, 0x47, 0x6B, 0x3C, 0x38, 0x5E, 0x38, 0x2C, 0x4C, 0x31, 0x05, 0x1F, 0x04,
    0x33, 0x4D, 0x2D, 0x38, 0x5E, 0x38, 0x3C, 0x6C, 0x46, 0x31, 0x39, 0x16, 0x26, 0x18, 0x31, 0x29,
    0x00, 0x03, 0x00, 0x19, 0x00, 0x00, 0x02, 0x5E, 0x02, 0xBC, 0x00, 0x03, 0x00, 0x07, 0x00, 0x0C,
    0x00, 0x00, 0x41, 0x33, 0x11, 0x23, 0x01, 0x21, 0x15, 0x21, 0x01, 0x33, 0x01, 0x23, 0x35, 0x01,
    0x65, 0x8F, 0x8F, 0xFE, 0xB4, 0x02, 0x45, 0xFD, 0xBB, 0x01, 0x2F, 0x9A, 0xFE, 0x7B, 0x44, 0x02,
    0xBC, 0xFD, 0x44, 0x01, 0x1A, 0x7E, 0x02, 0x20, 0xFD, 0xE0, 0x7E, 0x00, 0x00, 0x03, 0x00, 0x2A,
    0xFF, 0xF0, 0x02, 0x4D, 0x02, 0xBC, 0x00, 0x20, 0x00, 0x24, 0x00, 0x28, 0x00, 0x00, 0x41, 0x32,
    0x16, 0x16, 0x15, 0x14, 0x06, 0x06, 0x23, 0x22, 0x26, 0x26, 0x35, 0x33, 0x1E, 0x02, 0x33, 0x32,
    0x36, 0x36, 0x35, 0x34, 0x26, 0x23, 0x22, 0x06, 0x07, 0x23, 0x3E, 0x03, 0x07, 0x13, 0x33, 0x03,
    0x03, 0x21, 0x15, 0x21, 0x01, 0x46, 0x59, 0x74, 0x3A, 0x40, 0x78, 0x55, 0x4B, 0x7F, 0x4C, 0x98,
    0x03, 0x20, 0x39, 0x27, 0x27, 0x32, 0x18, 0x36, 0x3A, 0x2C, 0x49, 0x14, 0x56, 0x06, 0x22, 0x38,
    0x4E, 0xEB, 0x4B, 0x91, 0x4E, 0x1D, 0x01, 0x79, 0xFE, 0x87, 0x01, 0xD6, 0x3D, 0x6E, 0x48, 0x44,
    0x6F, 0x40, 0x3C, 0x6C, 0x46, 0x21, 0x2F, 0x1A, 0x21, 0x34, 0x1D, 0x31, 0x3D, 0x1E, 0x17, 0x15,
    0x3E, 0x3C, 0x28, 0xB7, 0x01, 0x9D, 0xFE, 0x63, 0x01, 0x9D, 0x7E, 0x00, 0x00, 0x02, 0x00, 0x2A,
    0xFF, 0xF0, 0x02, 0x4D, 0x02, 0xCC, 0x00, 0x21, 0x00, 0x2E, 0x00, 0x00, 0x41, 0x2E, 0x03, 0x23,
    0x22, 0x06, 0x06, 0x07, 0x27, 0x3E, 0x02, 0x33, 0x32, 0x16, 0x16, 0x15, 0x14, 0x06, 0x06, 0x23,
    0x22, 0x2E, 0x02, 0x35, 0x34, 0x36, 0x33, 0x32, 0x16, 0x17, 0x01, 0x14, 0x16, 0x33, 0x32, 0x36,
    0x36, 0x35, 0x34, 0x26, 0x23, 0x22, 0x06, 0x01, 0xA1, 0x03, 0x0D, 0x15, 0x23, 0x1A, 0x20, 0x3D,
    0x2A, 0x02, 0x26, 0x10, 0x35, 0x47, 0x2A, 0x52, 0x76, 0x3F, 0x40, 0x78, 0x55, 0x38, 0x65, 0x4D,
    0x2C, 0x91, 0x89, 0x6A, 0x7C, 0x12, 0xFE, 0x90, 0x40, 0x34, 0x24, 0x35, 0x1D, 0x40, 0x35, 0x35,
    0x40, 0x01, 0xF6, 0x12, 0x1E, 0x16, 0x0C, 0x29, 0x5C, 0x4E, 0x07, 0x1B, 0x28, 0x17, 0x40, 0x6E,
    0x45, 0x44, 0x6F, 0x40, 0x23, 0x4F, 0x86, 0x63, 0xB9, 0xC8, 0x76, 0x60, 0xFE, 0xF2, 0x33, 0x41,
    0x1E, 0x33, 0x21, 0x35, 0x39, 0x39, 0x00, 0x02, 0x00, 0x26, 0x00, 0x00, 0x02, 0x51, 0x02, 0xBC,
    0x00, 0x0C, 0x00, 0x10, 0x00, 0x00, 0x73, 0x34, 0x3E, 0x02, 0x37, 0x33, 0x15, 0x0E, 0x03, 0x15,
    0x01, 0x21, 0x15, 0x21, 0xE5, 0x25, 0x45, 0x60, 0x3A, 0x68, 0x2C, 0x4D, 0x3A, 0x21, 0xFE, 0xA9,
    0x02, 0x05, 0xFD, 0xFB, 0x72, 0xCF, 0xB4, 0x93, 0x34, 0x63, 0x2A, 0x6E, 0x91, 0xBA, 0x76, 0x02,
    0xBC, 0x7E, 0x00, 0x03, 0x00, 0x30, 0xFF, 0xF0, 0x02, 0x46, 0x02, 0xCC, 0x00, 0x1B, 0x00, 0x29,
    0x00, 0x35, 0x00, 0x00, 0x41, 0x32, 0x16, 0x16, 0x15, 0x14, 0x06, 0x07, 0x16, 0x16, 0x15, 0x14,
    0x06, 0x06, 0x23, 0x22, 0x26, 0x26, 0x35, 0x34, 0x36, 0x37, 0x26, 0x26, 0x35, 0x34, 0x36, 0x36,
    0x03, 0x14, 0x16, 0x16, 0x33, 0x32, 0x36, 0x36, 0x35, 0x34, 0x26, 0x23, 0x22, 0x06, 0x13, 0x14,
    0x16, 0x33, 0x32, 0x36, 0x35, 0x34, 0x26, 0x23, 0x22, 0x06, 0x01, 0x3B, 0x50, 0x75, 0x41, 0x33,
    0x39, 0x3D, 0x34, 0x3F, 0x77, 0x55, 0x54, 0x78, 0x3F, 0x34, 0x3D, 0x39, 0x33, 0x41, 0x76, 0x25,
    0x15, 0x33, 0x2C, 0x2D, 0x32, 0x15, 0x34, 0x40, 0x40, 0x34, 0x05, 0x35, 0x3A, 0x3A, 0x35, 0x3A,
    0x35, 0x34, 0x3B, 0x02, 0xCC, 0x38, 0x5E, 0x38, 0x34, 0x55, 0x15, 0x15, 0x58, 0x35, 0x38, 0x5E,
    0x38, 0x38, 0x5E, 0x38, 0x35, 0x58, 0x15, 0x15, 0x55, 0x34, 0x38, 0x5E, 0x38, 0xFE, 0x01, 0x15,
    0x29, 0x1B, 0x1B, 0x29, 0x15, 0x28, 0x34, 0x34, 0x01, 0x04, 0x28, 0x34, 0x34, 0x28, 0x21, 0x2E,
    0x2E, 0x00, 0x00, 0x02, 0x00, 0x2A, 0xFF, 0xF0, 0x02, 0x4D, 0x02, 0xCC, 0x00, 0x21, 0x00, 0x2E,
    0x00, 0x00, 0x77, 0x1E, 0x03, 0x33, 0x32, 0x36, 0x36, 0x37, 0x17, 0x0E, 0x02, 0x23, 0x22, 0x26,
    0x26, 0x35, 0x34, 0x36, 0x36, 0x33, 0x32, 0x1E, 0x02, 0x15, 0x14, 0x06, 0x23, 0x22, 0x26, 0x27,
    0x01, 0x34, 0x26, 0x23, 0x22, 0x06, 0x06, 0x15, 0x14, 0x16, 0x33, 0x32, 0x36, 0xD6, 0x03, 0x0D,
    0x15, 0x23, 0x1A, 0x20, 0x3E, 0x29, 0x02, 0x26, 0x0F, 0x36, 0x47, 0x2A, 0x52, 0x76, 0x3F, 0x40,
    0x78, 0x55, 0x38, 0x65, 0x4D, 0x2C, 0x91, 0x89, 0x6A, 0x7C, 0x12, 0x01, 0x70, 0x3F, 0x35, 0x24,
    0x35, 0x1D, 0x40, 0x35, 0x35, 0x40, 0xC6, 0x12, 0x1E, 0x16, 0x0C, 0x29, 0x5C, 0x4E, 0x07, 0x1B,
    0x28, 0x17, 0x40, 0x6F, 0x44, 0x45, 0x6E, 0x40, 0x23, 0x4F, 0x86, 0x63, 0xB8, 0xC9, 0x76, 0x60,
    0x01, 0x0E, 0x33, 0x41, 0x1D, 0x34, 0x21, 0x34, 0x3A, 0x39, 0x00, 0x02, 0x00, 0x1C, 0xFF, 0xF8,
    0x01, 0x43, 0x01, 0x66, 0x00, 0x0F, 0x00, 0x1D, 0x00, 0x00, 0x57, 0x22, 0x26, 0x26, 0x35, 0x34,
    0x36, 0x36, 0x33, 0x32, 0x16, 0x16, 0x15, 0x14, 0x06, 0x06, 0x27, 0x32, 0x36, 0x36, 0x35, 0x34,
    0x26, 0x26, 0x23, 0x22, 0x06, 0x15, 0x14, 0x16, 0xB0, 0x32, 0x42, 0x20, 0x20, 0x42, 0x32, 0x33,
    0x41, 0x1F, 0x1F, 0x41, 0x33, 0x10, 0x11, 0x07, 0x07, 0x11, 0x10, 0x18, 0x10, 0x10, 0x08, 0x31,
    0x54, 0x32, 0x33, 0x53, 0x31, 0x32, 0x53, 0x32, 0x32, 0x53, 0x32, 0x59, 0x17, 0x2B, 0x1C, 0x1D,
    0x2A, 0x17, 0x32, 0x2C, 0x2B, 0x33, 0x00, 0x04, 0x00, 0x0A, 0x00, 0x00, 0x01, 0x1D, 0x01, 0x5E,
    0x00, 0x03, 0x00, 0x07, 0x00, 0x0B, 0x00, 0x0F, 0x00, 0x00, 0x53, 0x33, 0x11, 0x23, 0x03, 0x33,
    0x15, 0x23, 0x15, 0x33, 0x15, 0x23, 0x37, 0x33, 0x15, 0x23, 0x5E, 0x6B, 0x6B, 0x54, 0x61, 0x61,
    0x61, 0x61, 0xB1, 0x62, 0x62, 0x01, 0x5E, 0xFE, 0xA2, 0x01, 0x5E, 0x5B, 0xAE, 0x55, 0x55, 0x55,
    0x00, 0x02, 0x00, 0x08, 0x00, 0x00, 0x01, 0x1E, 0x01, 0x66, 0x00, 0x19, 0x00, 0x1D, 0x00, 0x00,
    0x73, 0x26, 0x3E, 0x03, 0x35, 0x34, 0x26, 0x23, 0x22, 0x06, 0x07, 0x23, 0x34, 0x36, 0x33, 0x32,
    0x16, 0x15, 0x14, 0x0E, 0x03, 0x17, 0x27, 0x33, 0x15, 0x21, 0x0C, 0x04, 0x21, 0x34, 0x36, 0x25,
    0x11, 0x10, 0x15, 0x0F, 0x02, 0x65, 0x51, 0x39, 0x41, 0x46, 0x23, 0x33, 0x32, 0x1E, 0x04, 0x46,
    0xE9, 0xFE, 0xEE, 0x32, 0x41, 0x2B, 0x20, 0x1F, 0x16, 0x11, 0x10, 0x1A, 0x12, 0x3B, 0x43, 0x44,
    0x2F, 0x27, 0x31, 0x22, 0x22, 0x30, 0x27, 0x50, 0x50, 0x00, 0x00, 0x01, 0x00, 0x0F, 0xFF, 0xF8,
    0x01, 0x20, 0x01, 0x66, 0x00, 0x2A, 0x00, 0x00, 0x77, 0x32, 0x36, 0x35, 0x34, 0x26, 0x23, 0x22,
    0x06, 0x07, 0x23, 0x34, 0x36, 0x36, 0x33, 0x32, 0x16, 0x15, 0x14, 0x06, 0x06, 0x07, 0x35, 0x16,
    0x16, 0x15, 0x14, 0x06, 0x23, 0x22, 0x26, 0x26, 0x35, 0x33, 0x16, 0x16, 0x33, 0x32, 0x36, 0x35,
    0x34, 0x26, 0x23, 0x6C, 0x34, 0x1E, 0x12, 0x10, 0x0E, 0x19, 0x05, 0x61, 0x26, 0x40, 0x25, 0x3C,
    0x48, 0x12, 0x2F, 0x2E, 0x41, 0x30, 0x41, 0x41, 0x2B, 0x40, 0x24, 0x61, 0x02, 0x14, 0x13, 0x11,
    0x11, 0x1F, 0x30, 0xD4, 0x17, 0x0D, 0x0C, 0x0F, 0x0F, 0x15, 0x23, 0x36, 0x1E, 0x3D, 0x2A, 0x17,
    0x26, 0x17, 0x03, 0x16, 0x03, 0x34, 0x27, 0x2B, 0x3D, 0x1E, 0x36, 0x23, 0x13, 0x11, 0x10, 0x0C,
    0x0F, 0x15, 0x00, 0x03, 0x00, 0x07, 0x00, 0x00, 0x01, 0x23, 0x01, 0x5E, 0x00, 0x03, 0x00, 0x07,
    0x00, 0x0C, 0x00, 0x00, 0x53, 0x33, 0x11, 0x23, 0x27, 0x21, 0x15, 0x21, 0x13, 0x33, 0x03, 0x23,
    0x35, 0xA2, 0x5C, 0x5C, 0x94, 0x01, 0x15, 0xFE, 0xEB, 0x85, 0x5B, 0xB8, 0x2F, 0x01, 0x5E, 0xFE,
    0xA2, 0x9B, 0x54, 0x01, 0x17, 0xFE, 0xE9, 0x53, 0x00, 0x03, 0x00, 0x0F, 0xFF, 0xF8, 0x01, 0x29,
    0x01, 0x5E, 0x00, 0x1B, 0x00, 0x1F, 0x00, 0x23, 0x00, 0x00, 0x77, 0x32, 0x16, 0x15, 0x14, 0x06,
    0x23, 0x22, 0x26, 0x26, 0x35, 0x33, 0x16, 0x16, 0x33, 0x32, 0x36, 0x35, 0x34, 0x26, 0x23, 0x22,
    0x06, 0x07, 0x23, 0x3E, 0x02, 0x07, 0x37, 0x33, 0x07, 0x27, 0x33, 0x15, 0x23, 0xB7, 0x36, 0x3C,
    0x44, 0x44, 0x28, 0x41, 0x26, 0x65, 0x02, 0x15, 0x13, 0x14, 0x12, 0x12, 0x17, 0x0D, 0x19, 0x0B,
    0x3A, 0x04, 0x1F, 0x38, 0x7F, 0x25, 0x5E, 0x27, 0x1D, 0xBF, 0xBF, 0xEB, 0x40, 0x36, 0x36, 0x47,
    0x1E, 0x36, 0x23, 0x0D, 0x13, 0x17, 0x0E, 0x0F, 0x17, 0x06, 0x05, 0x0F, 0x2B, 0x22, 0x5C, 0xCF,
    0xCF, 0xCF, 0x50, 0x00, 0x00, 0x02, 0x00, 0x15, 0xFF, 0xF8, 0x01, 0x28, 0x01, 0x66, 0x00, 0x1A,
    0x00, 0x26, 0x00, 0x00, 0x77, 0x26, 0x26, 0x23, 0x22, 0x06, 0x17, 0x23, 0x36, 0x36, 0x33, 0x32,
    0x16, 0x15, 0x14, 0x06, 0x23, 0x22, 0x26, 0x26, 0x35, 0x34, 0x36, 0x33, 0x32, 0x16, 0x17, 0x07,
    0x14, 0x16, 0x33, 0x32, 0x36, 0x35, 0x34, 0x26, 0x23, 0x22, 0x06, 0xC1, 0x01, 0x0E, 0x0F, 0x13,
    0x1F, 0x03, 0x1F, 0x10, 0x2C, 0x1B, 0x3D, 0x3F, 0x43, 0x41, 0x26, 0x42, 0x27, 0x4E, 0x43, 0x37,
    0x40, 0x09, 0xA7, 0x14, 0x11, 0x11, 0x14, 0x14, 0x11, 0x11, 0x14, 0xFB, 0x0B, 0x0F, 0x29, 0x27,
    0x13, 0x13, 0x43, 0x33, 0x36, 0x47, 0x20, 0x4C, 0x41, 0x5C, 0x65, 0x3A, 0x31, 0x88, 0x11, 0x15,
    0x15, 0x10, 0x11, 0x14, 0x13, 0x00, 0x00, 0x02, 0x00, 0x0A, 0x00, 0x00, 0x01, 0x01, 0x01, 0x5E,
    0x00, 0x09, 0x00, 0x0D, 0x00, 0x00, 0x73, 0x34, 0x36, 0x37, 0x33, 0x15, 0x0E, 0x02, 0x15, 0x03,
    0x33, 0x15, 0x23, 0x41, 0x35, 0x3A, 0x51, 0x1D, 0x26, 0x11, 0xA3, 0xDF, 0xDF, 0x72, 0xB8, 0x34,
    0x43, 0x1C, 0x47, 0x69, 0x4F, 0x01, 0x5E, 0x5B, 0x00, 0x03, 0x00, 0x1C, 0xFF, 0xF8, 0x01, 0x27,
    0x01, 0x66, 0x00, 0x17, 0x00, 0x23, 0x00, 0x2F, 0x00, 0x00, 0x57, 0x22, 0x26, 0x35, 0x34, 0x36,
    0x37, 0x26, 0x26, 0x35, 0x34, 0x36, 0x33, 0x32, 0x16, 0x15, 0x14, 0x06, 0x07, 0x16, 0x16, 0x15,
    0x14, 0x06, 0x27, 0x32, 0x36, 0x35, 0x34, 0x26, 0x23, 0x22, 0x06, 0x15, 0x14, 0x16, 0x37, 0x32,
    0x36, 0x35, 0x34, 0x26, 0x23, 0x22, 0x06, 0x15, 0x14, 0x16, 0xA1, 0x3F, 0x46, 0x1A, 0x1E, 0x1C,
    0x19, 0x48, 0x3A, 0x3B, 0x48, 0x19, 0x1D, 0x1F, 0x1A, 0x46, 0x40, 0x12, 0x12, 0x12, 0x12, 0x12,
    0x12, 0x12, 0x12, 0x11, 0x11, 0x11, 0x11, 0x10, 0x12, 0x11, 0x08, 0x3D, 0x2A, 0x1A, 0x2D, 0x0A,
    0x0B, 0x2A, 0x1A, 0x2A, 0x3D, 0x3D, 0x2A, 0x1A, 0x2A, 0x0B, 0x0A, 0x2D, 0x1A, 0x2A, 0x3D, 0x55,
    0x13, 0x0E, 0x0F, 0x12, 0x12, 0x0F, 0x0E, 0x13, 0x89, 0x11, 0x0E, 0x0D, 0x11, 0x10, 0x0E, 0x0D,
    0x12, 0x00, 0x00, 0x02, 0x00, 0x0E, 0xFF, 0xF8, 0x01, 0x21, 0x01, 0x66, 0x00, 0x1A, 0x00, 0x26,
    0x00, 0x00, 0x77, 0x16, 0x16, 0x33, 0x32, 0x36, 0x37, 0x17, 0x06, 0x06, 0x23, 0x22, 0x26, 0x35,
    0x34, 0x36, 0x33, 0x32, 0x16, 0x16, 0x15, 0x14, 0x06, 0x23, 0x22, 0x26, 0x27, 0x37, 0x34, 0x26,
    0x23, 0x22, 0x06, 0x15, 0x14, 0x16, 0x33, 0x32, 0x36, 0x75, 0x02, 0x0C, 0x0F, 0x14, 0x1B, 0x01,
    0x1F, 0x10, 0x2C, 0x1B, 0x3D, 0x3F, 0x43, 0x41, 0x27, 0x41, 0x27, 0x4D, 0x44, 0x37, 0x40, 0x09,
    0xA8, 0x14, 0x11, 0x12, 0x15, 0x15, 0x12, 0x11, 0x14, 0x63, 0x09, 0x0F, 0x27, 0x28, 0x01, 0x13,
    0x13, 0x43, 0x33, 0x36, 0x47, 0x20, 0x4B, 0x42, 0x5C, 0x65, 0x3B, 0x30, 0x88, 0x12, 0x16, 0x16,
    0x11, 0x12, 0x15, 0x14, 0xFF, 0xFF, 0x00, 0x1C, 0x01, 0x56, 0x01, 0x43, 0x02, 0xC4, 0x04, 0x07,
    0x01, 0x4B, 0x00, 0x00, 0x01, 0x5E, 0xFF, 0xFF, 0x00, 0x0A, 0x01, 0x5E, 0x01, 0x1D, 0x02, 0xBC,
    0x04, 0x07, 0x01, 0x4C, 0x00, 0x00, 0x01, 0x5E, 0xFF, 0xFF, 0x00, 0x08, 0x01, 0x5E, 0x01, 0x1E,
    0x02, 0xC4, 0x04, 0x07, 0x01, 0x4D, 0x00, 0x00, 0x01, 0x5E, 0xFF, 0xFF, 0x00, 0x0F, 0x01, 0x56,
    0x01, 0x20, 0x02, 0xC4, 0x04, 0x07, 0x01, 0x4E, 0x00, 0x00, 0x01, 0x5E, 0xFF, 0xFF, 0x00, 0x07,
    0x01, 0x5E, 0x01, 0x23, 0x02, 0xBC, 0x04, 0x07, 0x01, 0x4F, 0x00, 0x00, 0x01, 0x5E, 0xFF, 0xFF,
    0x00, 0x0F, 0x01, 0x56, 0x01, 0x29, 0x02, 0xBC, 0x04, 0x07, 0x01, 0x50, 0x00, 0x00, 0x01, 0x5E,
    0xFF, 0xFF, 0x00, 0x15, 0x01, 0x56, 0x01, 0x28, 0x02, 0xC4, 0x04, 0x07, 0x01, 0x51, 0x00, 0x00,
    0x01, 0x5E, 0xFF, 0xFF, 0x00, 0x0A, 0x01, 0x5E, 0x01, 0x01, 0x02, 0xBC, 0x04, 0x07, 0x01, 0x52,
    0x00, 0x00, 0x01, 0x5E, 0xFF, 0xFF, 0x00, 0x1C, 0x01, 0x56, 0x01, 0x27, 0x02, 0xC4, 0x04, 0x07,
    0x01, 0x53, 0x00, 0x00, 0x01, 0x5E, 0xFF, 0xFF, 0x00, 0x0E, 0x01, 0x56, 0x01, 0x21, 0x02, 0xC4,
    0x04, 0x07, 0x01, 0x54, 0x00, 0x00, 0x01, 0x5E, 0x00, 0x01, 0xFF, 0x6A, 0x00, 0x00, 0x01, 0x53,
    0x02, 0xBC, 0x00, 0x03, 0x00, 0x00, 0x53, 0x33, 0x01, 0x23, 0xF0, 0x63, 0xFE, 0x7A, 0x63, 0x02,
    0xBC, 0xFD, 0x44, 0x00, 0xFF, 0xFF, 0x00, 0x0A, 0x00, 0x00, 0x02, 0xD5, 0x02, 0xBC, 0x04, 0x27,
    0x01, 0x4C, 0x00, 0x00, 0x01, 0x5E, 0x00, 0x27, 0x01, 0x5F, 0x01, 0x27, 0x00, 0x00, 0x00, 0x07,
    0x01, 0x4D, 0x01, 0xB7, 0x00, 0x00, 0xFF, 0xFF, 0x00, 0x0A, 0x00, 0x00, 0x02, 0xDA, 0x02, 0xBC,
    0x04, 0x27, 0x01, 0x4C, 0x00, 0x00, 0x01, 0x5E, 0x00, 0x27, 0x01, 0x5F, 0x01, 0x27, 0x00, 0x00,
    0x00, 0x07, 0x01, 0x4F, 0x01, 0xB7, 0x00, 0x00, 0xFF, 0xFF, 0x00, 0x0F, 0x00, 0x00, 0x02, 0xE8,
    0x02, 0xC4, 0x04, 0x27, 0x01, 0x4E, 0x00, 0x00, 0x01, 0x5E, 0x00, 0x27, 0x01, 0x5F, 0x01, 0x35,
    0x00, 0x00, 0x00, 0x07, 0x01, 0x4F, 0x01, 0xC5, 0x00, 0x00, 0xFF, 0xFF, 0x00, 0x0A, 0xFF, 0xF8,
    0x02, 0xDE, 0x02, 0xBC, 0x04, 0x27, 0x01, 0x4C, 0x00, 0x00, 0x01, 0x5E, 0x00, 0x27, 0x01, 0x5F,
    0x01, 0x27, 0x00, 0x00, 0x00, 0x07, 0x01, 0x53, 0x01, 0xB7, 0x00, 0x00, 0xFF, 0xFF, 0x00, 0x0F,
    0xFF, 0xF8, 0x02, 0xEC, 0x02, 0xC4, 0x04, 0x27, 0x01, 0x4E, 0x00, 0x00, 0x01, 0x5E, 0x00, 0x27,
    0x01, 0x5F, 0x01, 0x35, 0x00, 0x00, 0x00, 0x07, 0x01, 0x53, 0x01, 0xC5, 0x00, 0x00, 0xFF, 0xFF,
    0x00, 0x0F, 0xFF, 0xF8, 0x02, 0xE6, 0x02, 0xBC, 0x04, 0x27, 0x01, 0x50, 0x00, 0x00, 0x01, 0x5E,
    0x00, 0x27, 0x01, 0x5F, 0x01, 0x2F, 0x00, 0x00, 0x00, 0x07, 0x01, 0x53, 0x01, 0xBF, 0x00, 0x00,
    0xFF, 0xFF, 0x00, 0x0A, 0xFF, 0xF8, 0x02, 0xA0, 0x02, 0xBC, 0x04, 0x27, 0x01, 0x52, 0x00, 0x00,
    0x01, 0x5E, 0x00, 0x27, 0x01, 0x5F, 0x00, 0xE9, 0x00, 0x00, 0x00, 0x07, 0x01, 0x53, 0x01, 0x79,
    0x00, 0x00, 0x00, 0x02, 0x00, 0x1C, 0xFF, 0xF8, 0x01, 0x43, 0x01, 0x66, 0x00, 0x0F, 0x00, 0x1D,
    0x00, 0x00, 0x57, 0x22, 0x26, 0x26, 0x35, 0x34, 0x36, 0x36, 0x33, 0x32, 0x16, 0x16, 0x15, 0x14,
    0x06, 0x06, 0x27, 0x32, 0x36, 0x36, 0x35, 0x34, 0x26, 0x26, 0x23, 0x22, 0x06, 0x15, 0x14, 0x16,
    0xB0, 0x32, 0x42, 0x20, 0x20, 0x42, 0x32, 0x33, 0x41, 0x1F, 0x1F, 0x41, 0x33, 0x10, 0x11, 0x07,
    0x07, 0x11, 0x10, 0x18, 0x10, 0x10, 0x08, 0x31, 0x54, 0x32, 0x33, 0x53, 0x31, 0x32, 0x53, 0x32,
    0x32, 0x53, 0x32, 0x59, 0x17, 0x2B, 0x1C, 0x1D, 0x2A, 0x17, 0x32, 0x2C, 0x2B, 0x33, 0x00, 0x04,
    0x00, 0x0A, 0x00, 0x00, 0x01, 0x1D, 0x01, 0x5E, 0x00, 0x03, 0x00, 0x07, 0x00, 0x0B, 0x00, 0x0F,
    0x00, 0x00, 0x53, 0x33, 0x11, 0x23, 0x03, 0x33, 0x15, 0x23, 0x15, 0x33, 0x15, 0x23, 0x37, 0x33,
    0x15, 0x23, 0x5E, 0x6B, 0x6B, 0x54, 0x61, 0x61, 0x61, 0x61, 0xB1, 0x62, 0x62, 0x01, 0x5E, 0xFE,
    0xA2, 0x01, 0x5E, 0x5B, 0xAE, 0x55, 0x55, 0x55, 0x00, 0x02, 0x00, 0x08, 0x00, 0x00, 0x01, 0x1E,
    0x01, 0x66, 0x00, 0x19, 0x00, 0x1D, 0x00, 0x00, 0x73, 0x26, 0x3E, 0x03, 0x35, 0x34, 0x26, 0x23,
    0x22, 0x06, 0x07, 0x23, 0x34, 0x36, 0x33, 0x32, 0x16, 0x15, 0x14, 0x0E, 0x03, 0x17, 0x27, 0x33,
    0x15, 0x21, 0x0C, 0x04, 0x21, 0x34, 0x36, 0x25, 0x11, 0x10, 0x15, 0x0F, 0x02, 0x65, 0x51, 0x39,
    0x41, 0x46, 0x23, 0x33, 0x32, 0x1E, 0x04, 0x46, 0xE9, 0xFE, 0xEE, 0x32, 0x41, 0x2B, 0x20, 0x1F,
    0x16, 0x11, 0x10, 0x1A, 0x12, 0x3B, 0x43, 0x44, 0x2F, 0x27, 0x31, 0x22, 0x22, 0x30, 0x27, 0x50,
    0x50, 0x00, 0x00, 0x01, 0x00, 0x0F, 0xFF, 0xF8, 0x01, 0x20, 0x01, 0x66, 0x00, 0x2A, 0x00, 0x00,
    0x77, 0x32, 0x36, 0x35, 0x34, 0x26, 0x23, 0x22, 0x06, 0x07, 0x23, 0x34, 0x36, 0x36, 0x33, 0x32,
    0x16, 0x15, 0x14, 0x06, 0x06, 0x07, 0x35, 0x16, 0x16, 0x15, 0x14, 0x06, 0x23, 0x22, 0x26, 0x26,
    0x35, 0x33, 0x16, 0x16, 0x33, 0x32, 0x36, 0x35, 0x34, 0x26, 0x23, 0x6C, 0x34, 0x1E, 0x12, 0x10,
    0x0E, 0x19, 0x05, 0x61, 0x26, 0x40, 0x25, 0x3C, 0x48, 0x12, 0x2F, 0x2E, 0x41, 0x30, 0x41, 0x41,
    0x2B, 0x40, 0x24, 0x61, 0x02, 0x14, 0x13, 0x11, 0x11, 0x1F, 0x30, 0xD4, 0x17, 0x0D, 0x0C, 0x0F,
    0x0F, 0x15, 0x23, 0x36, 0x1E, 0x3D, 0x2A, 0x17, 0x26, 0x17, 0x03, 0x16, 0x03, 0x34, 0x27, 0x2B,
    0x3D, 0x1E, 0x36, 0x23, 0x13, 0x11, 0x10, 0x0C, 0x0F, 0x15, 0x00, 0x03, 0x00, 0x07, 0x00, 0x00,
    0x01, 0x23, 0x01, 0x5E, 0x00, 0x03, 0x00, 0x07, 0x00, 0x0C, 0x00, 0x00, 0x53, 0x33, 0x11, 0x23,
    0x27, 0x21, 0x15, 0x21, 0x13, 0x33, 0x03, 0x23, 0x35, 0xA2, 0x5C, 0x5C, 0x94, 0x01, 0x15, 0xFE,
    0xEB, 0x85, 0x5B, 0xB8, 0x2F, 0x01, 0x5E, 0xFE, 0xA2, 0x9B, 0x54, 0x01, 0x17, 0xFE, 0xE9, 0x53,
    0x00, 0x03, 0x00, 0x0F, 0xFF, 0xF8, 0x01, 0x29, 0x01, 0x5E, 0x00, 0x1B, 0x00, 0x1F, 0x00, 0x23,
    0x00, 0x00, 0x77, 0x32, 0x16, 0x15, 0x14, 0x06, 0x23, 0x22, 0x26, 0x26, 0x35, 0x33, 0x16, 0x16,
    0x33, 0x32, 0x36, 0x35, 0x34, 0x26, 0x23, 0x22, 0x06, 0x07, 0x23, 0x3E, 0x02, 0x07, 0x37, 0x33,
    0x07, 0x27, 0x33, 0x15, 0x23, 0xB7, 0x36, 0x3C, 0x44, 0x44, 0x28, 0x41, 0x26, 0x65, 0x02, 0x15,
    0x13, 0x14, 0x12, 0x12, 0x17, 0x0D, 0x19, 0x0B, 0x3A, 0x04, 0x1F, 0x38, 0x7F, 0x25, 0x5E, 0x27,
    0x1D, 0xBF, 0xBF, 0xEB, 0x40, 0x36, 0x36, 0x47, 0x1E, 0x36, 0x23, 0x0D, 0x13, 0x17, 0x0E, 0x0F,
    0x17, 0x06, 0x05, 0x0F, 0x2B, 0x22, 0x5C, 0xCF, 0xCF, 0xCF, 0x50, 0x00, 0x00, 0x02, 0x00, 0x15,
    0xFF, 0xF8, 0x01, 0x28, 0x01, 0x66, 0x00, 0x1A, 0x00, 0x26, 0x00, 0x00, 0x77, 0x26, 0x26, 0x23,
    0x22, 0x06, 0x17, 0x23, 0x36, 0x36, 0x33, 0x32, 0x16, 0x15, 0x14, 0x06, 0x23, 0x22, 0x26, 0x26,
    0x35, 0x34, 0x36, 0x33, 0x32, 0x16, 0x17, 0x07, 0x14, 0x16, 0x33, 0x32, 0x36, 0x35, 0x34, 0x26,
    0x23, 0x22, 0x06, 0xC1, 0x01, 0x0E, 0x0F, 0x13, 0x1F, 0x03, 0x1F, 0x10, 0x2C, 0x1B, 0x3D, 0x3F,
    0x43, 0x41, 0x26, 0x42, 0x27, 0x4E, 0x43, 0x37, 0x40, 0x09, 0xA7, 0x14, 0x11, 0x11, 0x14, 0x14,
    0x11, 0x11, 0x14, 0xFB, 0x0B, 0x0F, 0x29, 0x27, 0x13, 0x13, 0x43, 0x33, 0x36, 0x47, 0x20, 0x4C,
    0x41, 0x5C, 0x65, 0x3A, 0x31, 0x88, 0x11, 0x15, 0x15, 0x10, 0x11, 0x14, 0x13, 0x00, 0x00, 0x02,
    0x00, 0x0A, 0x00, 0x00, 0x01, 0x01, 0x01, 0x5E, 0x00, 0x09, 0x00, 0x0D, 0x00, 0x00, 0x73, 0x34,
    0x36, 0x37, 0x33, 0x15, 0x0E, 0x02, 0x15, 0x03, 0x33, 0x15, 0x23, 0x41, 0x35, 0x3A, 0x51, 0x1D,
    0x26, 0x11, 0xA3, 0xDF, 0xDF, 0x72, 0xB8, 0x34, 0x43, 0x1C, 0x47, 0x69, 0x4F, 0x01, 0x5E, 0x5B,
    0x00, 0x03, 0x00, 0x1C, 0xFF, 0xF8, 0x01, 0x27, 0x01, 0x66, 0x00, 0x17, 0x00, 0x23, 0x00, 0x2F,
    0x00, 0x00, 0x57, 0x22, 0x26, 0x35, 0x34, 0x36, 0x37, 0x26, 0x26, 0x35, 0x34, 0x36, 0x33, 0x32,
    0x16, 0x15, 0x14, 0x06, 0x07, 0x16, 0x16, 0x15, 0x14, 0x06, 0x27, 0x32, 0x36, 0x35, 0x34, 0x26,
    0x23, 0x22, 0x06, 0x15, 0x14, 0x16, 0x37, 0x32, 0x36, 0x35, 0x34, 0x26, 0x23, 0x22, 0x06, 0x15,
    0x14, 0x16, 0xA1, 0x3F, 0x46, 0x1A, 0x1E, 0x1C, 0x19, 0x48, 0x3A, 0x3B, 0x48, 0x19, 0x1D, 0x1F,
    0x1A, 0x46, 0x40, 0x12, 0x12, 0x12, 0x12, 0x12, 0x12, 0x12, 0x12, 0x11, 0x11, 0x11, 0x11, 0x10,
    0x12, 0x11, 0x08, 0x3D, 0x2A, 0x1A, 0x2D, 0x0A, 0x0B, 0x2A, 0x1A, 0x2A, 0x3D, 0x3D, 0x2A, 0x1A,
    0x2A, 0x0B, 0x0A, 0x2D, 0x1A, 0x2A, 0x3D, 0x55, 0x13, 0x0E, 0x0F, 0x12, 0x12, 0x0F, 0x0E, 0x13,
    0x89, 0x11, 0x0E, 0x0D, 0x11, 0x10, 0x0E, 0x0D, 0x12, 0x00, 0x00, 0x02, 0x00, 0x0E, 0xFF, 0xF8,
    0x01, 0x21, 0x01, 0x66, 0x00, 0x1A, 0x00, 0x26, 0x00, 0x00, 0x77, 0x16, 0x16, 0x33, 0x32, 0x36,
    0x37, 0x17, 0x06, 0x06, 0x23, 0x22, 0x26, 0x35, 0x34, 0x36, 0x33, 0x32, 0x16, 0x16, 0x15, 0x14,
    0x06, 0x23, 0x22, 0x26, 0x27, 0x37, 0x34, 0x26, 0x23, 0x22, 0x06, 0x15, 0x14, 0x16, 0x33, 0x32,
    0x36, 0x75, 0x02, 0x0C, 0x0F, 0x14, 0x1B, 0x01, 0x1F, 0x10, 0x2C, 0x1B, 0x3D, 0x3F, 0x43, 0x41,
    0x27, 0x41, 0x27, 0x4D, 0x44, 0x37, 0x40, 0x09, 0xA8, 0x14, 0x11, 0x12, 0x15, 0x15, 0x12, 0x11,
    0x14, 0x63, 0x09, 0x0F, 0x27, 0x28, 0x01, 0x13, 0x13, 0x43, 0x33, 0x36, 0x47, 0x20, 0x4B, 0x42,
    0x5C, 0x65, 0x3B, 0x30, 0x88, 0x12, 0x16, 0x16, 0x11, 0x12, 0x15, 0x14, 0xFF, 0xFF, 0x00, 0x1C,
    0x01, 0x56, 0x01, 0x43, 0x02, 0xC4, 0x04, 0x07, 0x01, 0x4B, 0x00, 0x00, 0x01, 0x5E, 0xFF, 0xFF,
    0x00, 0x0A, 0x01, 0x5E, 0x01, 0x1D, 0x02, 0xBC, 0x04, 0x07, 0x01, 0x4C, 0x00, 0x00, 0x01, 0x5E,
    0xFF, 0xFF, 0x00, 0x08, 0x01, 0x5E, 0x01, 0x1E, 0x02, 0xC4, 0x04, 0x07, 0x01, 0x4D, 0x00, 0x00,
    0x01, 0x5E, 0xFF, 0xFF, 0x00, 0x0F, 0x01, 0x56, 0x01, 0x20, 0x02, 0xC4, 0x04, 0x07, 0x01, 0x4E,
    0x00, 0x00, 0x01, 0x5E, 0xFF, 0xFF, 0x00, 0x07, 0x01, 0x5E, 0x01, 0x23, 0x02, 0xBC, 0x04, 0x07,
    0x01, 0x4F, 0x00, 0x00, 0x01, 0x5E, 0xFF, 0xFF, 0x00, 0x0F, 0x01, 0x56, 0x01, 0x29, 0x02, 0xBC,
    0x04, 0x07, 0x01, 0x50, 0x00, 0x00, 0x01, 0x5E, 0xFF, 0xFF, 0x00, 0x15, 0x01, 0x56, 0x01, 0x28,
    0x02, 0xC4, 0x04, 0x07, 0x01, 0x51, 0x00, 0x00, 0x01, 0x5E, 0xFF, 0xFF, 0x00, 0x0A, 0x01, 0x5E,
    0x01, 0x01, 0x02, 0xBC, 0x04, 0x07, 0x01, 0x52, 0x00, 0x00, 0x01, 0x5E, 0xFF, 0xFF, 0x00, 0x1C,
    0x01, 0x56, 0x01, 0x27, 0x02, 0xC4, 0x04, 0x07, 0x01, 0x53, 0x00, 0x00, 0x01, 0x5E, 0xFF, 0xFF,
    0x00, 0x0E, 0x01, 0x56, 0x01, 0x21, 0x02, 0xC4, 0x04, 0x07, 0x01, 0x54, 0x00, 0x00, 0x01, 0x5E,
    0x00, 0x01, 0x00, 0x29, 0x01, 0x03, 0x01, 0x64, 0x01, 0x7D, 0x00, 0x03, 0x00, 0x00, 0x53, 0x21,
    0x15, 0x21, 0x29, 0x01, 0x3B, 0xFE, 0xC5, 0x01, 0x7D, 0x7A, 0x00, 0x01, 0x00, 0x29, 0x01, 0x03,
    0x02, 0x13, 0x01, 0x7D, 0x00, 0x03, 0x00, 0x00, 0x53, 0x21, 0x15, 0x21, 0x29, 0x01, 0xEA, 0xFE,
    0x16, 0x01, 0x7D, 0x7A, 0x00, 0x01, 0x00, 0x29, 0x01, 0x03, 0x02, 0xA7, 0x01, 0x7D, 0x00, 0x03,
    0x00, 0x00, 0x53, 0x21, 0x15, 0x21, 0x29, 0x02, 0x7E, 0xFD, 0x82, 0x01, 0x7D, 0x7A, 0x00, 0x01,
    0x00, 0x29, 0xFF, 0x68, 0x02, 0x13, 0xFF, 0xE2, 0x00, 0x03, 0x00, 0x00, 0x57, 0x21, 0x15, 0x21,
    0x29, 0x01, 0xEA, 0xFE, 0x16, 0x1E, 0x7A, 0x00, 0x00, 0x01, 0x00, 0x1C, 0xFF, 0x54, 0x00, 0xF4,
    0x02, 0xCC, 0x00, 0x11, 0x00, 0x00, 0x53, 0x33, 0x0E, 0x02, 0x15, 0x14, 0x16, 0x16, 0x17, 0x23,
    0x2E, 0x02, 0x35, 0x34, 0x36, 0x36, 0x98, 0x5C, 0x1E, 0x28, 0x14, 0x14, 0x28, 0x1E, 0x5C, 0x23,
    0x38, 0x21, 0x21, 0x38, 0x02, 0xCC, 0x4A, 0x8C, 0x92, 0x54, 0x54, 0x92, 0x8C, 0x4A, 0x40, 0x85,
    0x99, 0x5E, 0x5E, 0x99, 0x85, 0x00, 0x00, 0x01, 0x00, 0x14, 0xFF, 0x54, 0x00, 0xEC, 0x02, 0xCC,
    0x00, 0x11, 0x00, 0x00, 0x53, 0x1E, 0x02, 0x15, 0x14, 0x06, 0x06, 0x07, 0x23, 0x3E, 0x02, 0x35,
    0x34, 0x26, 0x26, 0x27, 0x70, 0x23, 0x38, 0x21, 0x21, 0x38, 0x23, 0x5C, 0x1E, 0x28, 0x14, 0x14,
    0x28, 0x1E, 0x02, 0xCC, 0x40, 0x85, 0x99, 0x5E, 0x5E, 0x99, 0x85, 0x40, 0x4A, 0x8C, 0x92, 0x54,
    0x54, 0x92, 0x8C, 0x4A, 0x00, 0x01, 0x00, 0x0F, 0xFF, 0x54, 0x01, 0x48, 0x02, 0xCC, 0x00, 0x22,
    0x00, 0x00, 0x45, 0x22, 0x26, 0x26, 0x35, 0x34, 0x26, 0x27, 0x35, 0x36, 0x36, 0x35, 0x34, 0x36,
    0x36, 0x33, 0x33, 0x15, 0x23, 0x22, 0x06, 0x06, 0x15, 0x14, 0x06, 0x07, 0x16, 0x16, 0x15, 0x14,
    0x16, 0x16, 0x33, 0x33, 0x15, 0x01, 0x2D, 0x52, 0x59, 0x22, 0x23, 0x2E, 0x2E, 0x23, 0x22, 0x59,
    0x52, 0x1B, 0x1B, 0x26, 0x24, 0x0A, 0x36, 0x32, 0x32, 0x36, 0x0A, 0x24, 0x26, 0x1B, 0xAC, 0x3D,
    0x67, 0x40, 0x41, 0x61, 0x07, 0x5E, 0x08, 0x60, 0x41, 0x40, 0x67, 0x3D, 0x50, 0x26, 0x4D, 0x3C,
    0x5E, 0x59, 0x06, 0x06, 0x59, 0x5E, 0x3B, 0x4E, 0x26, 0x50, 0x00, 0x01, 0x00, 0x14, 0xFF, 0x54,
    0x01, 0x4D, 0x02, 0xCC, 0x00, 0x22, 0x00, 0x00, 0x57, 0x35, 0x33, 0x32, 0x36, 0x36, 0x35, 0x34,
    0x36, 0x37, 0x26, 0x26, 0x35, 0x34, 0x26, 0x26, 0x23, 0x23, 0x35, 0x33, 0x32, 0x16, 0x16, 0x15,
    0x14, 0x16, 0x17, 0x15, 0x06, 0x06, 0x15, 0x14, 0x06, 0x06, 0x23, 0x14, 0x1B, 0x27, 0x23, 0x0A,
    0x36, 0x32, 0x32, 0x36, 0x0A, 0x23, 0x27, 0x1B, 0x1B, 0x53, 0x58, 0x22, 0x23, 0x2E, 0x2E, 0x23,
    0x22, 0x58, 0x53, 0xAC, 0x50, 0x26, 0x4E, 0x3B, 0x5E, 0x59, 0x06, 0x06, 0x59, 0x5E, 0x3C, 0x4D,
    0x26, 0x50, 0x3D, 0x67, 0x40, 0x41, 0x60, 0x08, 0x5E, 0x07, 0x61, 0x41, 0x40, 0x67, 0x3D, 0x00,
    0x00, 0x03, 0x00, 0x34, 0xFF, 0x64, 0x01, 0x55, 0x02, 0xBC, 0x00, 0x03, 0x00, 0x07, 0x00, 0x0B,
    0x00, 0x00, 0x53, 0x33, 0x11, 0x23, 0x13, 0x33, 0x15, 0x23, 0x11, 0x33, 0x15, 0x23, 0x34, 0x7E,
    0x7E, 0x7E, 0xA3, 0xA3, 0xA3, 0xA3, 0x02, 0xBC, 0xFC, 0xA8, 0x03, 0x58, 0x50, 0xFD, 0x48, 0x50,
    0x00, 0x03, 0x00, 0x14, 0xFF, 0x64, 0x01, 0x35, 0x02, 0xBC, 0x00, 0x03, 0x00, 0x07, 0x00, 0x0B,
    0x00, 0x00, 0x41, 0x11, 0x23, 0x11, 0x31, 0x15, 0x23, 0x35, 0x13, 0x15, 0x23, 0x35, 0x01, 0x35,
    0x7E, 0xA3, 0xA3, 0xA3, 0x02, 0xBC, 0xFC, 0xA8, 0x03, 0x58, 0x50, 0x50, 0xFC, 0xF8, 0x50, 0x50,
    0xFF, 0xFF, 0x00, 0x1C, 0xFF, 0xA1, 0x00, 0xF4, 0x03, 0x19, 0x04, 0x06, 0x01, 0x83, 0x00, 0x4D,
    0xFF, 0xFF, 0x00, 0x14, 0xFF, 0xA2, 0x00, 0xEC, 0x03, 0x1A, 0x04, 0x06, 0x01, 0x84, 0x00, 0x4E,
    0xFF, 0xFF, 0x00, 0x0F, 0xFF, 0xA2, 0x01, 0x48, 0x03, 0x1A, 0x04, 0x06, 0x01, 0x85, 0x00, 0x4E,
    0xFF, 0xFF, 0x00, 0x14, 0xFF, 0xA2, 0x01, 0x4D, 0x03, 0x1A, 0x04, 0x06, 0x01, 0x86, 0x00, 0x4E,
    0xFF, 0xFF, 0x00, 0x34, 0xFF, 0xB2, 0x01, 0x55, 0x03, 0x0A, 0x04, 0x06, 0x01, 0x87, 0x00, 0x4E,
    0xFF, 0xFF, 0x00, 0x14, 0xFF, 0xB2, 0x01, 0x35, 0x03, 0x0A, 0x04, 0x06, 0x01, 0x88, 0x00, 0x4E,
    0xFF, 0xFF, 0x00, 0x1E, 0xFF, 0x8E, 0x00, 0xB7, 0x00, 0x99, 0x04, 0x06, 0x01, 0x9C, 0x00, 0x00,
    0xFF, 0xFF, 0x00, 0x1E, 0xFF, 0x8E, 0x01, 0x78, 0x00, 0x99, 0x04, 0x27, 0x01, 0x9C, 0x00, 0xC1,
    0x00, 0x00, 0x00, 0x06, 0x01, 0x9C, 0x00, 0x00, 0x00, 0x02, 0x00, 0x1E, 0x01, 0xF3, 0x01, 0x78,
    0x02, 0xFE, 0x00, 0x0A, 0x00, 0x15, 0x00, 0x00, 0x53, 0x23, 0x35, 0x34, 0x36, 0x33, 0x15, 0x22,
    0x06, 0x15, 0x33, 0x17, 0x23, 0x35, 0x34, 0x36, 0x33, 0x15, 0x22, 0x06, 0x15, 0x33, 0xB7, 0x99,
    0x40, 0x36, 0x19, 0x12, 0x4E, 0xC1, 0x99, 0x40, 0x36, 0x19, 0x12, 0x4E, 0x01, 0xF3, 0x99, 0x39,
    0x39, 0x42, 0x19, 0x17, 0x99, 0x99, 0x39, 0x39, 0x42, 0x19, 0x17, 0x00, 0xFF, 0xFF, 0x00, 0x1E,
    0x01, 0xE3, 0x01, 0x78, 0x02, 0xEE, 0x04, 0x27, 0x01, 0x9C, 0x00, 0xC1, 0x02, 0x55, 0x00, 0x07,
    0x01, 0x9C, 0x00, 0x00, 0x02, 0x55, 0x00, 0x01, 0x00, 0x1E, 0x01, 0xF3, 0x00, 0xB7, 0x02, 0xFE,
    0x00, 0x0A, 0x00, 0x00, 0x53, 0x23, 0x35, 0x34, 0x36, 0x33, 0x15, 0x22, 0x06, 0x15, 0x33, 0xB7,
    0x99, 0x40, 0x36, 0x19, 0x12, 0x4E, 0x01, 0xF3, 0x99, 0x39, 0x39, 0x42, 0x19, 0x17, 0xFF, 0xFF,
    0x00, 0x1E, 0x01, 0xE3, 0x00, 0xB7, 0x02, 0xEE, 0x04, 0x07, 0x01, 0x9C, 0x00, 0x00, 0x02, 0x55,
    0x00, 0x02, 0x00, 0x1E, 0x00, 0x31, 0x02, 0x40, 0x01, 0xF9, 0x00, 0x05, 0x00, 0x0B, 0x00, 0x00,
    0x53, 0x33, 0x07, 0x17, 0x23, 0x27, 0x25, 0x33, 0x07, 0x17, 0x23, 0x27, 0xAD, 0xA2, 0x8F, 0x8F,
    0xA2, 0x8F, 0x01, 0x80, 0xA2, 0x8F, 0x8F, 0xA2, 0x8F, 0x01, 0xF9, 0xE4, 0xE4, 0xE4, 0xE4, 0xE4,
    0xE4, 0xE4, 0x00, 0x02, 0x00, 0x23, 0x00, 0x31, 0x02, 0x45, 0x01, 0xF9, 0x00, 0x05, 0x00, 0x0B,
    0x00, 0x00, 0x41, 0x17, 0x07, 0x23, 0x37, 0x27, 0x23, 0x17, 0x07, 0x23, 0x37, 0x27, 0x01, 0xB6,
    0x8F, 0x8F, 0xA2, 0x8F, 0x8F, 0x4F, 0x8F, 0x8F, 0xA2, 0x8F, 0x8F, 0x01, 0xF9, 0xE4, 0xE4, 0xE4,
    0xE4, 0xE4, 0xE4, 0xE4, 0xE4, 0x00, 0x00, 0x01, 0x00, 0x1E, 0x00, 0x31, 0x01, 0x4F, 0x01, 0xF9,
    0x00, 0x05, 0x00, 0x00, 0x53, 0x33, 0x07, 0x17, 0x23, 0x27, 0xAD, 0xA2, 0x8F, 0x8F, 0xA2, 0x8F,
    0x01, 0xF9, 0xE4, 0xE4, 0xE4, 0x00, 0x00, 0x01, 0x00, 0x23, 0x00, 0x31, 0x01, 0x54, 0x01, 0xF9,
    0x00, 0x05, 0x00, 0x00, 0x53, 0x17, 0x07, 0x23, 0x37, 0x27, 0xC5, 0x8F, 0x8F, 0xA2, 0x8F, 0x8F,
    0x01, 0xF9, 0xE4, 0xE4, 0xE4, 0xE4, 0xFF, 0xFF, 0x00, 0x1E, 0x01, 0xE3, 0x01, 0x78, 0x02, 0xEE,
    0x04, 0x27, 0x01, 0x9C, 0x00, 0xC1, 0x02, 0x55, 0x00, 0x07, 0x01, 0x9C, 0x00, 0x00, 0x02, 0x55,
    0xFF, 0xFF, 0x00, 0x1E, 0x01, 0xE3, 0x00, 0xB7, 0x02, 0xEE, 0x04, 0x07, 0x01, 0x9C, 0x00, 0x00,
    0x02, 0x55, 0x00, 0x01, 0x00, 0x1E, 0x00, 0x00, 0x00, 0xB7, 0x00, 0x99, 0x00, 0x03, 0x00, 0x00,
    0x77, 0x33, 0x15, 0x23, 0x1E, 0x99, 0x99, 0x99, 0x99, 0x00, 0x00, 0x01, 0x00, 0x1E, 0xFF, 0x8E,
    0x00, 0xB7, 0x00, 0x99, 0x00, 0x0A, 0x00, 0x00, 0x77, 0x33, 0x15, 0x14, 0x06, 0x23, 0x35, 0x32,
    0x36, 0x35, 0x23, 0x1E, 0x99, 0x40, 0x36, 0x19, 0x12, 0x4E, 0x99, 0x99, 0x39, 0x39, 0x42, 0x1A,
    0x16, 0x00, 0x00, 0x02, 0x00, 0x23, 0x00, 0x00, 0x00, 0xBC, 0x02, 0x30, 0x00, 0x03, 0x00, 0x07,
    0x00, 0x00, 0x77, 0x33, 0x15, 0x23, 0x11, 0x33, 0x15, 0x23, 0x23, 0x99, 0x99, 0x99, 0x99, 0x99,
    0x99, 0x02, 0x30, 0x99, 0x00, 0x02, 0x00, 0x23, 0xFF, 0x8E, 0x00, 0xBC, 0x02, 0x30, 0x00, 0x0A,
    0x00, 0x0E, 0x00, 0x00, 0x57, 0x35, 0x32, 0x36, 0x35, 0x23, 0x35, 0x33, 0x15, 0x14, 0x06, 0x03,
    0x35, 0x33, 0x15, 0x46, 0x19, 0x12, 0x4E, 0x99, 0x40, 0x59, 0x99, 0x72, 0x42, 0x1A, 0x16, 0x99,
    0x99, 0x39, 0x39, 0x02, 0x09, 0x99, 0x99, 0x00, 0xFF, 0xFF, 0x00, 0x1E, 0x00, 0x00, 0x02, 0x6F,
    0x00, 0x99, 0x04, 0x27, 0x01, 0x9B, 0x00, 0xDC, 0x00, 0x00, 0x00, 0x27, 0x01, 0x9B, 0x01, 0xB8,
    0x00, 0x00, 0x00, 0x06, 0x01, 0x9B, 0x00, 0x00, 0x00, 0x02, 0x00, 0x30, 0x00, 0x00, 0x00, 0xC9,
    0x02, 0xBC, 0x00, 0x03, 0x00, 0x07, 0x00, 0x00, 0x53, 0x33, 0x11, 0x23, 0x07, 0x33, 0x15, 0x23,
    0x35, 0x8F, 0x8F, 0x05, 0x99, 0x99, 0x02, 0xBC, 0xFE, 0x20, 0x43, 0x99, 0x00, 0x02, 0x00, 0x30,
    0xFF, 0x74, 0x00, 0xC9, 0x02, 0x30, 0x00, 0x03, 0x00, 0x07, 0x00, 0x00, 0x57, 0x11, 0x33, 0x11,
    0x03, 0x35, 0x33, 0x15, 0x35, 0x8F, 0x94, 0x99, 0x8C, 0x01, 0xE0, 0xFE, 0x20, 0x02, 0x23, 0x99,
    0x99, 0x00, 0x00, 0x02, 0x00, 0x14, 0x00, 0x00, 0x01, 0xFF, 0x02, 0xCC, 0x00, 0x1D, 0x00, 0x21,
    0x00, 0x00, 0x77, 0x34, 0x3E, 0x04, 0x35, 0x34, 0x26, 0x23, 0x22, 0x06, 0x07, 0x23, 0x34, 0x36,
    0x36, 0x33, 0x32, 0x16, 0x16, 0x15, 0x14, 0x0E, 0x04, 0x15, 0x07, 0x35, 0x33, 0x15, 0xB6, 0x1A,
    0x28, 0x2E, 0x28, 0x1A, 0x28, 0x32, 0x2E, 0x2F, 0x05, 0x98, 0x46, 0x70, 0x3F, 0x4F, 0x6E, 0x39,
    0x1B, 0x2A, 0x30, 0x2A, 0x1B, 0x94, 0x99, 0xDC, 0x2B, 0x3E, 0x2D, 0x23, 0x21, 0x26, 0x19, 0x23,
    0x30, 0x38, 0x32, 0x47, 0x6B, 0x3C, 0x34, 0x61, 0x42, 0x27, 0x3B, 0x2F, 0x27, 0x25, 0x25, 0x17,
    0xDC, 0x99, 0x99, 0x00, 0x00, 0x02, 0x00, 0x1E, 0xFF, 0x67, 0x02, 0x09, 0x02, 0x33, 0x00, 0x1D,
    0x00, 0x21, 0x00, 0x00, 0x41, 0x14, 0x0E, 0x04, 0x15, 0x14, 0x16, 0x33, 0x32, 0x36, 0x37, 0x33,
    0x14, 0x06, 0x06, 0x23, 0x22, 0x26, 0x26, 0x35, 0x34, 0x3E, 0x04, 0x35, 0x37, 0x15, 0x23, 0x35,
    0x01, 0x67, 0x1A, 0x28, 0x2E, 0x28, 0x1A, 0x29, 0x31, 0x2F, 0x2F, 0x04, 0x98, 0x46, 0x6F, 0x40,
    0x4F, 0x6E, 0x39, 0x1B, 0x2A, 0x30, 0x2A, 0x1B, 0x94, 0x99, 0x01, 0x57, 0x2B, 0x3E, 0x2D, 0x23,
    0x21, 0x25, 0x1A, 0x23, 0x30, 0x39, 0x31, 0x46, 0x6C, 0x3C, 0x35, 0x60, 0x42, 0x27, 0x3B, 0x2F,
    0x27, 0x25, 0x26, 0x16, 0xDC, 0x99, 0x99, 0x00, 0x00, 0x01, 0x00, 0x1E, 0x00, 0xCB, 0x00, 0xB7,
    0x01, 0x64, 0x00, 0x03, 0x00, 0x00, 0x53, 0x33, 0x15, 0x23, 0x1E, 0x99, 0x99, 0x01, 0x64, 0x99,
    0x00, 0x01, 0x00, 0x1E, 0x00, 0xE4, 0x00, 0xE6, 0x01, 0xAF, 0x00, 0x0B, 0x00, 0x00, 0x77, 0x22,
    0x26, 0x35, 0x34, 0x36, 0x33, 0x32, 0x16, 0x15, 0x14, 0x06, 0x82, 0x29, 0x3B, 0x3B, 0x29, 0x29,
    0x3B, 0x3B, 0xE4, 0x3D, 0x29, 0x29, 0x3C, 0x3C, 0x29, 0x29, 0x3D, 0x00, 0x00, 0x05, 0x00, 0x22,
    0x01, 0xB4, 0x01, 0x6C, 0x02, 0xEE, 0x00, 0x04, 0x00, 0x09, 0x00, 0x0E, 0x00, 0x13, 0x00, 0x18,
    0x00, 0x00, 0x53, 0x27, 0x37, 0x37, 0x17, 0x07, 0x27, 0x37, 0x17, 0x17, 0x07, 0x27, 0x37, 0x17,
    0x07, 0x23, 0x27, 0x33, 0x07, 0x23, 0x17, 0x27, 0x27, 0x37, 0x17, 0xFA, 0x54, 0x21, 0x21, 0x65,
    0xB9, 0x53, 0x65, 0x21, 0x21, 0x2E, 0x98, 0x1F, 0x92, 0x0C, 0x29, 0x0A, 0x66, 0x0A, 0x29, 0x0D,
    0x0D, 0x0C, 0x92, 0x1F, 0x01, 0xB4, 0x85, 0x18, 0x18, 0x79, 0x3C, 0x3C, 0x79, 0x18, 0x18, 0x0F,
    0x27, 0x61, 0x3A, 0x27, 0x9D, 0x9D, 0x27, 0x27, 0x27, 0x3A, 0x61, 0x00, 0x00, 0x04, 0x00, 0x14,
    0x00, 0x00, 0x02, 0x7C, 0x02, 0xBC, 0x00, 0x03, 0x00, 0x07, 0x00, 0x0B, 0x00, 0x0F, 0x00, 0x00,
    0x53, 0x21, 0x15, 0x21, 0x07, 0x21, 0x15, 0x21, 0x13, 0x33, 0x03, 0x23, 0x01, 0x33, 0x03, 0x23,
    0x4A, 0x02, 0x32, 0xFD, 0xCE, 0x36, 0x02, 0x32, 0xFD, 0xCE, 0xB3, 0x89, 0x82, 0x89, 0x01, 0x7D,
    0x89, 0x82, 0x89, 0x02, 0x30, 0x7E, 0xAD, 0x7E, 0x02, 0x35, 0xFD, 0x44, 0x02, 0xBC, 0xFD, 0x44,
    0x00, 0x01, 0x00, 0x14, 0x00, 0x00, 0x01, 0x6A, 0x02, 0xBC, 0x00, 0x03, 0x00, 0x00, 0x53, 0x33,
    0x03, 0x23, 0xDC, 0x8E, 0xC8, 0x8E, 0x02, 0xBC, 0xFD, 0x44, 0x00, 0x01, 0x00, 0x14, 0x00, 0x00,
    0x01, 0x6A, 0x02, 0xBC, 0x00, 0x03, 0x00, 0x00, 0x53, 0x13, 0x23, 0x03, 0xA2, 0xC8, 0x8E, 0xC8,
    0x02, 0xBC, 0xFD, 0x44, 0x02, 0xBC, 0x00, 0x01, 0x00, 0x1E, 0x00, 0xCB, 0x00, 0xB7, 0x01, 0x64,
    0x00, 0x03, 0x00, 0x00, 0x53, 0x33, 0x15, 0x23, 0x1E, 0x99, 0x99, 0x01, 0x64, 0x99, 0x00, 0x01,
    0x00, 0x1E, 0x00, 0xCB, 0x00, 0xB7, 0x01, 0x64, 0x00, 0x03, 0x00, 0x00, 0x53, 0x33, 0x15, 0x23,
    0x1E, 0x99, 0x99, 0x01, 0x64, 0x99, 0x00, 0x03, 0x00, 0x34, 0xFF, 0xCE, 0x02, 0x43, 0x02, 0xEE,
    0x00, 0x03, 0x00, 0x07, 0x00, 0x31, 0x00, 0x00, 0x53, 0x33, 0x11, 0x23, 0x03, 0x33, 0x11, 0x23,
    0x13, 0x33, 0x32, 0x36, 0x36, 0x35, 0x34, 0x26, 0x26, 0x23, 0x23, 0x35, 0x33, 0x32, 0x16, 0x16,
    0x15, 0x14, 0x06, 0x06, 0x07, 0x35, 0x1E, 0x02, 0x15, 0x14, 0x06, 0x06, 0x23, 0x23, 0x35, 0x33,
    0x32, 0x36, 0x36, 0x35, 0x34, 0x26, 0x26, 0x23, 0x23, 0xEC, 0x5D, 0x5D, 0xB8, 0x91, 0x91, 0x37,
    0x9E, 0x21, 0x39, 0x22, 0x22, 0x39, 0x21, 0x9E, 0x9E, 0x4C, 0x7D, 0x4A, 0x16, 0x34, 0x2F, 0x2D,
    0x49, 0x2A, 0x4A, 0x7D, 0x4C, 0xC5, 0xC5, 0x21, 0x39, 0x22, 0x22, 0x39, 0x21, 0xC5, 0x02, 0xEE,
    0xFC, 0xE0, 0x02, 0xEE, 0xFD, 0x44, 0x01, 0xA0, 0x0A, 0x22, 0x23, 0x23, 0x22, 0x0A, 0x7E, 0x23,
    0x59, 0x51, 0x20, 0x45, 0x31, 0x03, 0x21, 0x02, 0x2C, 0x48, 0x2E, 0x50, 0x5D, 0x26, 0x7E, 0x0D,
    0x25, 0x23, 0x23, 0x22, 0x0A, 0x00, 0x00, 0x02, 0x00, 0x19, 0xFF, 0xCE, 0x02, 0x3E, 0x02, 0x62,
    0x00, 0x21, 0x00, 0x25, 0x00, 0x00, 0x45, 0x22, 0x26, 0x26, 0x35, 0x34, 0x36, 0x36, 0x33, 0x32,
    0x16, 0x16, 0x15, 0x23, 0x34, 0x26, 0x26, 0x23, 0x22, 0x06, 0x06, 0x15, 0x14, 0x16, 0x16, 0x33,
    0x32, 0x36, 0x36, 0x35, 0x33, 0x14, 0x06, 0x06, 0x07, 0x11, 0x33, 0x11, 0x01, 0x37, 0x56, 0x81,
    0x47, 0x47, 0x81, 0x56, 0x4C, 0x76, 0x43, 0x97, 0x16, 0x30, 0x28, 0x33, 0x3E, 0x1B, 0x1B, 0x3E,
    0x33, 0x28, 0x32, 0x18, 0x95, 0x42, 0x76, 0x85, 0x5D, 0x10, 0x4B, 0x86, 0x56, 0x57, 0x86, 0x4C,
    0x43, 0x6B, 0x3E, 0x1B, 0x30, 0x1F, 0x2C, 0x4C, 0x2F, 0x2E, 0x4B, 0x2C, 0x22, 0x37, 0x20, 0x48,
    0x72, 0x41, 0x22, 0x02, 0x94, 0xFD, 0x6C, 0x00, 0x00, 0x06, 0x00, 0x0F, 0x00, 0x63, 0x01, 0xB9,
    0x02, 0x0D, 0x00, 0x0F, 0x00, 0x13, 0x00, 0x17, 0x00, 0x23, 0x00, 0x27, 0x00, 0x2B, 0x00, 0x00,
    0x77, 0x22, 0x26, 0x26, 0x35, 0x34, 0x36, 0x36, 0x33, 0x32, 0x16, 0x16, 0x15, 0x14, 0x06, 0x06,
    0x07, 0x27, 0x37, 0x17, 0x27, 0x27, 0x37, 0x17, 0x17, 0x32, 0x36, 0x35, 0x34, 0x26, 0x23, 0x22,
    0x06, 0x15, 0x14, 0x16, 0x17, 0x27, 0x37, 0x17, 0x27, 0x27, 0x37, 0x17, 0xE5, 0x27, 0x40, 0x26,
    0x26, 0x3F, 0x27, 0x28, 0x3F, 0x26, 0x25, 0x3F, 0xA5, 0x59, 0x53, 0x59, 0x59, 0x53, 0x59, 0x53,
    0x28, 0x11, 0x19, 0x18, 0x10, 0x10, 0x19, 0x18, 0x8C, 0x53, 0x59, 0x53, 0x53, 0x59, 0x53, 0x59,
    0xAC, 0x26, 0x40, 0x27, 0x28, 0x3F, 0x25, 0x26, 0x3F, 0x28, 0x27, 0x3F, 0x26, 0x49, 0x59, 0x53,
    0x59, 0xAB, 0x53, 0x59, 0x53, 0xAA, 0x19, 0x10, 0x10, 0x18, 0x19, 0x11, 0x0F, 0x18, 0xAD, 0x53,
    0x59, 0x53, 0xA5, 0x59, 0x53, 0x59, 0x00, 0x02, 0x00, 0x23, 0xFF, 0xC3, 0x02, 0x56, 0x02, 0xEE,
    0x00, 0x2E, 0x00, 0x32, 0x00, 0x00, 0x45, 0x22, 0x26, 0x26, 0x27, 0x33, 0x16, 0x16, 0x33, 0x32,
    0x36, 0x35, 0x34, 0x2E, 0x05, 0x35, 0x34, 0x36, 0x36, 0x33, 0x32, 0x16, 0x16, 0x15, 0x23, 0x2E,
    0x02, 0x23, 0x22, 0x06, 0x06, 0x15, 0x14, 0x1E, 0x05, 0x15, 0x14, 0x06, 0x07, 0x11, 0x33, 0x11,
    0x01, 0x42, 0x57, 0x7E, 0x47, 0x03, 0x93, 0x05, 0x4C, 0x40, 0x39, 0x3F, 0x2C, 0x48, 0x55, 0x56,
    0x48, 0x2C, 0x40, 0x7B, 0x57, 0x4D, 0x78, 0x45, 0x93, 0x03, 0x1D, 0x35, 0x27, 0x2A, 0x34, 0x18,
    0x2C, 0x48, 0x56, 0x55, 0x48, 0x2C, 0x8E, 0xC2, 0x6E, 0x02, 0x3D, 0x69, 0x40, 0x2F, 0x36, 0x20,
    0x24, 0x1A, 0x1D, 0x13, 0x12, 0x1B, 0x2F, 0x4E, 0x3B, 0x37, 0x5D, 0x38, 0x3C, 0x69, 0x44, 0x22,
    0x2C, 0x16, 0x12, 0x1F, 0x14, 0x1C, 0x20, 0x14, 0x10, 0x19, 0x2C, 0x4A, 0x39, 0x65, 0x69, 0x3B,
    0x03, 0x2B, 0xFC, 0xD5, 0x00, 0x03, 0x00, 0x17, 0xFF, 0xF0, 0x02, 0xF0, 0x02, 0xCC, 0x00, 0x23,
    0x00, 0x27, 0x00, 0x2B, 0x00, 0x00, 0x45, 0x22, 0x26, 0x26, 0x35, 0x34, 0x3E, 0x02, 0x33, 0x32,
    0x16, 0x17, 0x23, 0x2E, 0x03, 0x23, 0x22, 0x06, 0x06, 0x15, 0x14, 0x16, 0x16, 0x33, 0x32, 0x3E,
    0x02, 0x37, 0x33, 0x0E, 0x02, 0x25, 0x35, 0x21, 0x15, 0x25, 0x35, 0x21, 0x15, 0x01, 0xB0, 0x6F,
    0x9B, 0x50, 0x2D, 0x58, 0x81, 0x54, 0x8D, 0x9F, 0x10, 0x9A, 0x05, 0x18, 0x27, 0x38, 0x26, 0x44,
    0x57, 0x28, 0x28, 0x57, 0x44, 0x2A, 0x3C, 0x29, 0x16, 0x03, 0x98, 0x07, 0x4D, 0x89, 0xFE, 0x04,
    0x01, 0x92, 0xFE, 0x6E, 0x01, 0x92, 0x10, 0x63, 0xA6, 0x66, 0x4B, 0x85, 0x64, 0x39, 0x95, 0x7E,
    0x22, 0x35, 0x25, 0x13, 0x43, 0x6B, 0x3B, 0x3C, 0x6B, 0x44, 0x18, 0x2C, 0x3E, 0x27, 0x5A, 0x88,
    0x4B, 0xE5, 0x64, 0x64, 0xA0, 0x64, 0x64, 0x00, 0x00, 0x04, 0x00, 0x23, 0xFF, 0xF4, 0x02, 0x8D,
    0x02, 0xCC, 0x00, 0x03, 0x00, 0x07, 0x00, 0x1C, 0x00, 0x31, 0x00, 0x00, 0x53, 0x21, 0x15, 0x21,
    0x15, 0x21, 0x15, 0x21, 0x25, 0x36, 0x36, 0x35, 0x34, 0x26, 0x23, 0x22, 0x06, 0x07, 0x23, 0x3E,
    0x02, 0x33, 0x32, 0x16, 0x16, 0x15, 0x14, 0x07, 0x05, 0x06, 0x06, 0x15, 0x14, 0x16, 0x33, 0x32,
    0x36, 0x37, 0x33, 0x0E, 0x02, 0x23, 0x22, 0x26, 0x35, 0x34, 0x36, 0x37, 0x23, 0x02, 0x6A, 0xFD,
    0x96, 0x02, 0x6A, 0xFD, 0x96, 0x01, 0x8F, 0x12, 0x14, 0x3D, 0x3B, 0x2D, 0x37, 0x0E, 0x9E, 0x0B,
    0x4C, 0x71, 0x43, 0x55, 0x7C, 0x43, 0x06, 0xFE, 0x96, 0x12, 0x15, 0x46, 0x33, 0x2B, 0x42, 0x11,
    0xA2, 0x0D, 0x4F, 0x76, 0x48, 0x82, 0x94, 0x03, 0x02, 0x01, 0xE4, 0x60, 0x44, 0x60, 0xE5, 0x0A,
    0x1C, 0x13, 0x20, 0x2A, 0x1F, 0x1D, 0x3B, 0x56, 0x2F, 0x38, 0x5E, 0x38, 0x1F, 0x1A, 0xCF, 0x09,
    0x19, 0x13, 0x26, 0x23, 0x23, 0x1D, 0x38, 0x59, 0x33, 0x6B, 0x62, 0x0E, 0x1B, 0x0C, 0x00, 0x05,
    0x00, 0x2F, 0x00, 0x00, 0x02, 0xAC, 0x02, 0xBC, 0x00, 0x03, 0x00, 0x07, 0x00, 0x19, 0x00, 0x1D,
    0x00, 0x21, 0x00, 0x00, 0x53, 0x33, 0x11, 0x23, 0x03, 0x21, 0x15, 0x21, 0x25, 0x32, 0x36, 0x36,
    0x35, 0x34, 0x26, 0x26, 0x23, 0x35, 0x32, 0x16, 0x16, 0x15, 0x14, 0x06, 0x06, 0x23, 0x03, 0x33,
    0x15, 0x23, 0x03, 0x21, 0x15, 0x21, 0x89, 0x91, 0x91, 0x5A, 0x01, 0x4C, 0xFE, 0xB4, 0x01, 0x4C,
    0x30, 0x45, 0x25, 0x25, 0x45, 0x30, 0x5B, 0x89, 0x4D, 0x4D, 0x89, 0x5B, 0xBB, 0xBB, 0xBB, 0x91,
    0x01, 0x4C, 0xFE, 0xB4, 0x02, 0xBC, 0xFD, 0x44, 0x01, 0x64, 0x7E, 0x7E, 0x11, 0x2F, 0x2D, 0x2D,
    0x2F, 0x11, 0x7E, 0x2E, 0x67, 0x56, 0x55, 0x68, 0x2E, 0x01, 0xD6, 0x7E, 0xFE, 0x85, 0x7E, 0x00,
    0x00, 0x05, 0x00, 0x22, 0x00, 0x00, 0x02, 0x36, 0x02, 0xBC, 0x00, 0x11, 0x00, 0x15, 0x00, 0x1A,
    0x00, 0x1E, 0x00, 0x22, 0x00, 0x00, 0x77, 0x35, 0x32, 0x36, 0x35, 0x34, 0x26, 0x26, 0x23, 0x35,
    0x32, 0x1E, 0x02, 0x15, 0x14, 0x06, 0x06, 0x23, 0x35, 0x33, 0x15, 0x17, 0x27, 0x35, 0x33, 0x01,
    0x01, 0x35, 0x21, 0x15, 0x25, 0x35, 0x21, 0x15, 0xBF, 0x48, 0x52, 0x25, 0x45, 0x30, 0x32, 0x6A,
    0x5C, 0x39, 0x4D, 0x89, 0xE4, 0x89, 0x69, 0xF2, 0x98, 0x01, 0x27, 0xFE, 0x2D, 0x02, 0x14, 0xFD,
    0xEC, 0x02, 0x14, 0xF0, 0x7E, 0x2C, 0x3C, 0x28, 0x2D, 0x13, 0x4C, 0x09, 0x22, 0x49, 0x40, 0x55,
    0x65, 0x2C, 0x7E, 0x7E, 0xF0, 0xF0, 0x2A, 0xFE, 0xE6, 0x01, 0x97, 0x7E, 0x7E, 0xA7, 0x7E, 0x7E,
    0x00, 0x04, 0x00, 0x34, 0x00, 0x00, 0x02, 0xC1, 0x02, 0xBC, 0x00, 0x0C, 0x00, 0x10, 0x00, 0x1D,
    0x00, 0x21, 0x00, 0x00, 0x65, 0x11, 0x34, 0x26, 0x23, 0x21, 0x35, 0x21, 0x32, 0x16, 0x16, 0x15,
    0x11, 0x05, 0x11, 0x33, 0x11, 0x33, 0x22, 0x26, 0x26, 0x35, 0x11, 0x33, 0x11, 0x14, 0x16, 0x33,
    0x21, 0x15, 0x23, 0x11, 0x33, 0x11, 0x01, 0x87, 0x10, 0x14, 0xFE, 0xEF, 0x01, 0x1A, 0x3A, 0x4C,
    0x26, 0xFE, 0x1C, 0x91, 0xC4, 0x39, 0x4D, 0x26, 0x91, 0x10, 0x14, 0x01, 0x11, 0x73, 0x91, 0xB6,
    0x01, 0x5F, 0x17, 0x12, 0x7E, 0x2B, 0x57, 0x42, 0xFE, 0xBE, 0xB6, 0x02, 0xBC, 0xFD, 0x44, 0x2B,
    0x58, 0x41, 0x01, 0x42, 0xFE, 0xA1, 0x16, 0x13, 0x7E, 0x02, 0xBC, 0xFD, 0x44, 0x00, 0x00, 0x03,
    0x00, 0x34, 0x00, 0x00, 0x02, 0x2D, 0x02, 0xCC, 0x00, 0x1F, 0x00, 0x24, 0x00, 0x28, 0x00, 0x00,
    0x77, 0x27, 0x36, 0x36, 0x35, 0x34, 0x2E, 0x02, 0x35, 0x34, 0x36, 0x36, 0x33, 0x32, 0x16, 0x16,
    0x15, 0x23, 0x26, 0x26, 0x23, 0x22, 0x06, 0x15, 0x14, 0x1E, 0x02, 0x15, 0x14, 0x06, 0x07, 0x35,
    0x37, 0x21, 0x15, 0x01, 0x35, 0x21, 0x15, 0x70, 0x3A, 0x20, 0x2E, 0x14, 0x1A, 0x14, 0x38, 0x6A,
    0x4A, 0x4B, 0x73, 0x41, 0x98, 0x04, 0x31, 0x32, 0x2E, 0x27, 0x10, 0x16, 0x10, 0x4E, 0x8B, 0x72,
    0x01, 0x7B, 0xFE, 0x11, 0x01, 0x7E, 0x27, 0x30, 0x1D, 0x57, 0x2E, 0x1F, 0x38, 0x3A, 0x42, 0x29,
    0x42, 0x61, 0x34, 0x3C, 0x6B, 0x47, 0x32, 0x38, 0x30, 0x23, 0x1C, 0x37, 0x3A, 0x44, 0x2A, 0x4B,
    0x5F, 0x50, 0x57, 0x27, 0x7E, 0x01, 0x25, 0x64, 0x64, 0x00, 0x00, 0x06, 0x00, 0x1E, 0x00, 0x00,
    0x04, 0x2A, 0x02, 0xBC, 0x00, 0x03, 0x00, 0x07, 0x00, 0x0B, 0x00, 0x0F, 0x00, 0x13, 0x00, 0x17,
    0x00, 0x00, 0x73, 0x03, 0x33, 0x13, 0x33, 0x23, 0x13, 0x33, 0x13, 0x03, 0x33, 0x13, 0x33, 0x23,
    0x13, 0x33, 0x05, 0x21, 0x15, 0x21, 0x15, 0x21, 0x15, 0x21, 0xEC, 0xB5, 0x8F, 0xAB, 0x3E, 0x85,
    0xAB, 0x8F, 0x35, 0xB5, 0x8F, 0xAB, 0x3E, 0x85, 0xAB, 0x8F, 0xFC, 0x0D, 0x04, 0x0C, 0xFB, 0xF4,
    0x04, 0x0C, 0xFB, 0xF4, 0x02, 0xBC, 0xFD, 0x44, 0x02, 0xBC, 0xFD, 0x44, 0x02, 0xBC, 0xFD, 0x44,
    0x02, 0xBC, 0xD8, 0x60, 0x44, 0x60, 0x00, 0x04, 0x00, 0x1E, 0x00, 0x00, 0x02, 0x69, 0x02, 0xBC,
    0x00, 0x07, 0x00, 0x0B, 0x00, 0x0F, 0x00, 0x13, 0x00, 0x00, 0x41, 0x03, 0x33, 0x17, 0x23, 0x37,
    0x33, 0x03, 0x27, 0x33, 0x11, 0x23, 0x03, 0x21, 0x15, 0x21, 0x15, 0x21, 0x15, 0x21, 0x01, 0x0E,
    0xF0, 0xA8, 0x91, 0x26, 0x90, 0xA8, 0xF0, 0x7E, 0x91, 0x91, 0x77, 0x01, 0x7E, 0xFE, 0x82, 0x01,
    0x7E, 0xFE, 0x82, 0x01, 0x56, 0x01, 0x66, 0xE1, 0xE1, 0xFE, 0x9A, 0x9D, 0xFE, 0x0D, 0x01, 0xD9,
    0x64, 0x3C, 0x64, 0x00, 0x00, 0x02, 0x00, 0x29, 0x00, 0x7D, 0x02, 0x13, 0x02, 0x67, 0x00, 0x03,
    0x00, 0x07, 0x00, 0x00, 0x53, 0x21, 0x15, 0x21, 0x01, 0x11, 0x23, 0x11, 0x29, 0x01, 0xEA, 0xFE,
    0x16, 0x01, 0x32, 0x7A, 0x01, 0xAF, 0x7A, 0x01, 0x32, 0xFE, 0x16, 0x01, 0xEA, 0x00, 0x00, 0x01,
    0x00, 0x29, 0x01, 0x35, 0x02, 0x13, 0x01, 0xAF, 0x00, 0x03, 0x00, 0x00, 0x53, 0x21, 0x15, 0x21,
    0x29, 0x01, 0xEA, 0xFE, 0x16, 0x01, 0xAF, 0x7A, 0x00, 0x02, 0x00, 0x1E, 0x00, 0x99, 0x01, 0xD0,
    0x02, 0x4B, 0x00, 0x03, 0x00, 0x07, 0x00, 0x00, 0x53, 0x01, 0x07, 0x01, 0x25, 0x01, 0x27, 0x01,
    0x74, 0x01, 0x5B, 0x56, 0xFE, 0xA5, 0x01, 0xB2, 0xFE, 0xA4, 0x56, 0x01, 0x5B, 0x02, 0x4B, 0xFE,
    0xA5, 0x57, 0x01, 0x5B, 0x01, 0xFE, 0xA4, 0x57, 0x01, 0x5A, 0x00, 0x03, 0x00, 0x29, 0x00, 0x60,
    0x02, 0x13, 0x02, 0x84, 0x00, 0x03, 0x00, 0x0F, 0x00, 0x1B, 0x00, 0x00, 0x53, 0x21, 0x15, 0x21,
    0x37, 0x22, 0x26, 0x35, 0x34, 0x36, 0x33, 0x32, 0x16, 0x15, 0x14, 0x06, 0x03, 0x22, 0x26, 0x35,
    0x34, 0x36, 0x33, 0x32, 0x16, 0x15, 0x14, 0x06, 0x29, 0x01, 0xEA, 0xFE, 0x16, 0xF4, 0x22, 0x2F,
    0x2F, 0x22, 0x22, 0x30, 0x30, 0x22, 0x22, 0x2F, 0x2F, 0x22, 0x22, 0x30, 0x30, 0x01, 0xAF, 0x7A,
    0xAC, 0x2F, 0x22, 0x22, 0x30, 0x30, 0x22, 0x22, 0x2F, 0xFE, 0x7F, 0x2F, 0x22, 0x22, 0x30, 0x30,
    0x22, 0x22, 0x2F, 0x00, 0x00, 0x02, 0x00, 0x29, 0x00, 0xC7, 0x02, 0x13, 0x02, 0x1D, 0x00, 0x03,
    0x00, 0x07, 0x00, 0x00, 0x53, 0x21, 0x15, 0x21, 0x15, 0x21, 0x15, 0x21, 0x29, 0x01, 0xEA, 0xFE,
    0x16, 0x01, 0xEA, 0xFE, 0x16, 0x02, 0x1D, 0x7A, 0x62, 0x7A, 0x00, 0x03, 0x00, 0x29, 0x00, 0x81,
    0x02, 0x13, 0x02, 0x63, 0x00, 0x03, 0x00, 0x07, 0x00, 0x0B, 0x00, 0x00, 0x41, 0x33, 0x03, 0x23,
    0x03, 0x21, 0x15, 0x21, 0x15, 0x21, 0x15, 0x21, 0x01, 0x1C, 0x8E, 0x8A, 0x8E, 0x69, 0x01, 0xEA,
    0xFE, 0x16, 0x01, 0xEA, 0xFE, 0x16, 0x02, 0x63, 0xFE, 0x1E, 0x01, 0x9C, 0x7A, 0x62, 0x7A, 0x00,
    0x00, 0x01, 0x00, 0x28, 0x00, 0x68, 0x02, 0x58, 0x02, 0x7D, 0x00, 0x07, 0x00, 0x00, 0x77, 0x35,
    0x25, 0x15, 0x25, 0x35, 0x05, 0x15, 0x28, 0x01, 0xD3, 0xFE, 0x2D, 0x02, 0x30, 0x68, 0x8F, 0x7E,
    0x04, 0x7D, 0x8F, 0xAA, 0xC1, 0x00, 0x00, 0x01, 0x00, 0x28, 0x00, 0x68, 0x02, 0x58, 0x02, 0x7D,
    0x00, 0x07, 0x00, 0x00, 0x65, 0x25, 0x35, 0x25, 0x15, 0x05, 0x35, 0x05, 0x02, 0x58, 0xFD, 0xD0,
    0x02, 0x30, 0xFE, 0x2D, 0x01, 0xD3, 0x68, 0xAA, 0xC1, 0xAA, 0x8F, 0x7D, 0x04, 0x7E, 0x00, 0x03,
    0x00, 0x28, 0x00, 0x48, 0x02, 0x58, 0x02, 0x73, 0x00, 0x03, 0x00, 0x07, 0x00, 0x0B, 0x00, 0x00,
    0x77, 0x21, 0x15, 0x21, 0x27, 0x35, 0x25, 0x15, 0x01, 0x05, 0x15, 0x25, 0x29, 0x02, 0x2F, 0xFD,
    0xD1, 0x01, 0x02, 0x30, 0xFD, 0xD0, 0x02, 0x30, 0xFD, 0xD0, 0xC2, 0x7A, 0x8E, 0x85, 0x64, 0x71,
    0x01, 0x25, 0xAA, 0x74, 0x96, 0x00, 0x00, 0x03, 0x00, 0x2D, 0x00, 0x48, 0x02, 0x5D, 0x02, 0x73,
    0x00, 0x03, 0x00, 0x07, 0x00, 0x0B, 0x00, 0x00, 0x65, 0x15, 0x21, 0x35, 0x25, 0x25, 0x35, 0x05,
    0x11, 0x15, 0x05, 0x35, 0x02, 0x5C, 0xFD, 0xD1, 0x02, 0x30, 0xFD, 0xD0, 0x02, 0x30, 0xFD, 0xD0,
    0xC2, 0x7A, 0x7A, 0x14, 0x78, 0x71, 0x64, 0x01, 0x18, 0x88, 0x96, 0x74, 0x00, 0x03, 0x00, 0x29,
    0x00, 0x48, 0x02, 0x58, 0x02, 0x67, 0x00, 0x03, 0x00, 0x07, 0x00, 0x0B, 0x00, 0x00, 0x65, 0x15,
    0x21, 0x35, 0x11, 0x21, 0x15, 0x21, 0x25, 0x11, 0x23, 0x11, 0x02, 0x58, 0xFD, 0xD1, 0x02, 0x2F,
    0xFD, 0xD1, 0x01, 0x54, 0x7A, 0xC2, 0x7A, 0x7A, 0x01, 0x22, 0x7A, 0xFD, 0xFE, 0x7F, 0x01, 0x81,
    0xFF, 0xFF, 0x00, 0x28, 0x00, 0xA1, 0x02, 0x20, 0x02, 0x3B, 0x04, 0x26, 0x01, 0xC4, 0x00, 0xA9,
    0x00, 0x07, 0x01, 0xC4, 0x00, 0x00, 0x00, 0x7D, 0x00, 0x01, 0x00, 0x28, 0x00, 0xF8, 0x02, 0x20,
    0x01, 0xBE, 0x00, 0x1A, 0x00, 0x00, 0x53, 0x22, 0x06, 0x15, 0x23, 0x34, 0x36, 0x36, 0x33, 0x32,
    0x1E, 0x02, 0x33, 0x32, 0x36, 0x35, 0x33, 0x14, 0x0E, 0x02, 0x23, 0x22, 0x2E, 0x02, 0xD3, 0x12,
    0x1A, 0x7F, 0x30, 0x45, 0x1E, 0x23, 0x35, 0x2B, 0x27, 0x13, 0x11, 0x18, 0x7F, 0x1D, 0x2D, 0x32,
    0x16, 0x22, 0x35, 0x2B, 0x26, 0x01, 0x3C, 0x20, 0x16, 0x47, 0x50, 0x21, 0x14, 0x19, 0x14, 0x1F,
    0x16, 0x35, 0x47, 0x2B, 0x13, 0x15, 0x1A, 0x15, 0x00, 0x02, 0x00, 0x29, 0x00, 0xA8, 0x02, 0x13,
    0x01, 0xAF, 0x00, 0x03, 0x00, 0x07, 0x00, 0x00, 0x53, 0x21, 0x15, 0x21, 0x05, 0x35, 0x33, 0x15,
    0x29, 0x01, 0xEA, 0xFE, 0x16, 0x01, 0x70, 0x7A, 0x01, 0xAF, 0x7A, 0x8D, 0xEB, 0xEB, 0x00, 0x02,
    0x00, 0x1E, 0x01, 0x6C, 0x01, 0x97, 0x02, 0xBC, 0x00, 0x03, 0x00, 0x07, 0x00, 0x00, 0x53, 0x13,
    0x33, 0x03, 0x33, 0x03, 0x33, 0x13, 0x1E, 0x66, 0x7B, 0x5A, 0x6B, 0x5A, 0x7B, 0x66, 0x01, 0x6C,
    0x01, 0x50, 0xFE, 0xB0, 0x01, 0x50, 0xFE, 0xB0, 0x00, 0x03, 0x00, 0x1E, 0x00, 0xA4, 0x03, 0x28,
    0x02, 0x40, 0x00, 0x21, 0x00, 0x30, 0x00, 0x3F, 0x00, 0x00, 0x77, 0x22, 0x26, 0x26, 0x35, 0x34,
    0x36, 0x36, 0x33, 0x32, 0x16, 0x16, 0x17, 0x23, 0x3E, 0x02, 0x33, 0x32, 0x16, 0x16, 0x15, 0x14,
    0x06, 0x06, 0x23, 0x22, 0x26, 0x26, 0x27, 0x33, 0x0E, 0x02, 0x27, 0x32, 0x36, 0x36, 0x37, 0x07,
    0x2E, 0x02, 0x23, 0x22, 0x06, 0x15, 0x14, 0x16, 0x21, 0x32, 0x36, 0x35, 0x34, 0x26, 0x23, 0x22,
    0x06, 0x06, 0x07, 0x27, 0x1E, 0x02, 0xF6, 0x42, 0x61, 0x35, 0x35, 0x61, 0x42, 0x2D, 0x46, 0x37,
    0x15, 0x24, 0x16, 0x36, 0x46, 0x2D, 0x43, 0x60, 0x35, 0x35, 0x60, 0x43, 0x2D, 0x46, 0x36, 0x16,
    0x24, 0x15, 0x37, 0x46, 0x2D, 0x1D, 0x2C, 0x1E, 0x09, 0x01, 0x08, 0x1F, 0x2B, 0x1D, 0x23, 0x23,
    0x23, 0x01, 0x7D, 0x23, 0x23, 0x23, 0x23, 0x1C, 0x2C, 0x1E, 0x09, 0x01, 0x09, 0x1E, 0x2C, 0xA4,
    0x33, 0x5D, 0x3D, 0x3E, 0x5D, 0x34, 0x22, 0x37, 0x20, 0x20, 0x37, 0x22, 0x34, 0x5D, 0x3E, 0x3D,
    0x5D, 0x33, 0x22, 0x36, 0x1F, 0x1F, 0x36, 0x22, 0x80, 0x1E, 0x31, 0x1C, 0x3C, 0x1D, 0x31, 0x1F,
    0x2E, 0x21, 0x20, 0x2D, 0x2D, 0x20, 0x21, 0x2E, 0x1F, 0x31, 0x1D, 0x3C, 0x1C, 0x31, 0x1E, 0x00,
    0x00, 0x01, 0x00, 0x0F, 0xFF, 0xB0, 0x01, 0x66, 0x02, 0xBC, 0x00, 0x19, 0x00, 0x00, 0x53, 0x34,
    0x3E, 0x02, 0x33, 0x33, 0x15, 0x23, 0x22, 0x06, 0x06, 0x15, 0x11, 0x14, 0x0E, 0x02, 0x23, 0x23,
    0x35, 0x33, 0x32, 0x36, 0x36, 0x35, 0x7E, 0x12, 0x2D, 0x50, 0x3E, 0x1B, 0x1B, 0x26, 0x24, 0x0A,
    0x12, 0x2D, 0x50, 0x3E, 0x1B, 0x1B, 0x27, 0x23, 0x0A, 0x01, 0xD8, 0x30, 0x53, 0x3E, 0x23, 0x5A,
    0x21, 0x41, 0x32, 0xFE, 0xC6, 0x30, 0x53, 0x3E, 0x23, 0x5A, 0x21, 0x42, 0x31, 0x00, 0x00, 0x03,
    0x00, 0x14, 0x00, 0x00, 0x02, 0xB1, 0x02, 0xBC, 0x00, 0x03, 0x00, 0x07, 0x00, 0x0B, 0x00, 0x00,
    0x53, 0x33, 0x11, 0x23, 0x01, 0x33, 0x11, 0x23, 0x01, 0x21, 0x15, 0x21, 0x78, 0x91, 0x91, 0x01,
    0x44, 0x91, 0x91, 0xFE, 0x58, 0x02, 0x9D, 0xFD, 0x63, 0x02, 0xBC, 0xFD, 0x44, 0x02, 0xBC, 0xFD,
    0x44, 0x02, 0xBC, 0x7E, 0x00, 0x01, 0x00, 0x34, 0x00, 0x00, 0x02, 0x1F, 0x02, 0xBC, 0x00, 0x0F,
    0x00, 0x00, 0x53, 0x21, 0x15, 0x21, 0x37, 0x17, 0x15, 0x07, 0x27, 0x21, 0x15, 0x21, 0x35, 0x37,
    0x15, 0x27, 0x34, 0x01, 0xE7, 0xFE, 0x6A, 0x12, 0xDD, 0xDC, 0x12, 0x01, 0x99, 0xFE, 0x15, 0xE1,
    0xE1, 0x02, 0xBC, 0x7E, 0x1F, 0xDB, 0x49, 0xDA, 0x1F, 0x7E, 0xB0, 0xD6, 0x50, 0xD5, 0x00, 0x03,
    0x00, 0x12, 0x00, 0x00, 0x02, 0x9C, 0x02, 0xBC, 0x00, 0x03, 0x00, 0x07, 0x00, 0x0B, 0x00, 0x00,
    0x53, 0x33, 0x13, 0x23, 0x01, 0x03, 0x23, 0x13, 0x33, 0x33, 0x15, 0x23, 0x12, 0x99, 0x96, 0x85,
    0x01, 0x5A, 0x99, 0x85, 0x85, 0x30, 0xEF, 0xEF, 0x02, 0x30, 0xFD, 0xD0, 0x02, 0xBC, 0xFD, 0x44,
    0x02, 0xBC, 0x7E, 0x00, 0x00, 0x02, 0x00, 0x19, 0xFF, 0xF0, 0x02, 0x26, 0x02, 0xEE, 0x00, 0x18,
    0x00, 0x28, 0x00, 0x00, 0x45, 0x22, 0x26, 0x26, 0x35, 0x34, 0x36, 0x36, 0x33, 0x32, 0x16, 0x17,
    0x27, 0x26, 0x26, 0x23, 0x35, 0x32, 0x1E, 0x02, 0x15, 0x14, 0x06, 0x06, 0x27, 0x32, 0x36, 0x36,
    0x35, 0x34, 0x26, 0x26, 0x23, 0x22, 0x06, 0x06, 0x15, 0x14, 0x16, 0x16, 0x01, 0x15, 0x4A, 0x72,
    0x40, 0x40, 0x72, 0x4A, 0x41, 0x72, 0x1F, 0x4E, 0x10, 0x74, 0x66, 0x66, 0x90, 0x58, 0x29, 0x46,
    0x7B, 0x41, 0x1E, 0x34, 0x21, 0x21, 0x34, 0x1E, 0x1D, 0x38, 0x24, 0x24, 0x38, 0x10, 0x48, 0x7F,
    0x51, 0x52, 0x7F, 0x49, 0x48, 0x49, 0x05, 0x76, 0x65, 0x7D, 0x4A, 0x82, 0xA8, 0x5E, 0x5D, 0x87,
    0x48, 0x80, 0x1D, 0x43, 0x38, 0x34, 0x44, 0x22, 0x1D, 0x44, 0x39, 0x38, 0x43, 0x1D, 0x00, 0x05,
    0x00, 0x23, 0xFF, 0xF0, 0x03, 0x9D, 0x02, 0xCC, 0x00, 0x03, 0x00, 0x13, 0x00, 0x1F, 0x00, 0x2F,
    0x00, 0x3B, 0x00, 0x00, 0x41, 0x33, 0x01, 0x23, 0x13, 0x22, 0x26, 0x26, 0x35, 0x34, 0x36, 0x36,
    0x33, 0x32, 0x16, 0x16, 0x15, 0x14, 0x06, 0x06, 0x27, 0x32, 0x36, 0x35, 0x34, 0x26, 0x23, 0x22,
    0x06, 0x15, 0x14, 0x16, 0x01, 0x22, 0x26, 0x26, 0x35, 0x34, 0x36, 0x36, 0x33, 0x32, 0x16, 0x16,
    0x15, 0x14, 0x06, 0x06, 0x27, 0x32, 0x36, 0x35, 0x34, 0x26, 0x23, 0x22, 0x06, 0x15, 0x14, 0x16,
    0x02, 0x59, 0x98, 0xFE, 0x7A, 0x98, 0x02, 0x3D, 0x4F, 0x26, 0x26, 0x4F, 0x3D, 0x3D, 0x4E, 0x26,
    0x26, 0x4E, 0x3D, 0x1A, 0x1B, 0x1B, 0x1A, 0x1B, 0x1B, 0x1B, 0x02, 0x32, 0x3D, 0x4F, 0x26, 0x26,
    0x4F, 0x3D, 0x3D, 0x4E, 0x26, 0x26, 0x4E, 0x3D, 0x1A, 0x1B, 0x1B, 0x1A, 0x1B, 0x1B, 0x1B, 0x02,
    0xBC, 0xFD, 0x44, 0x01, 0x15, 0x3B, 0x64, 0x3D, 0x3D, 0x63, 0x3B, 0x3B, 0x63, 0x3D, 0x3D, 0x64,
    0x3B, 0x7D, 0x34, 0x2B, 0x2B, 0x33, 0x33, 0x2B, 0x2B, 0x34, 0xFE, 0x5E, 0x3B, 0x64, 0x3D, 0x3D,
    0x63, 0x3B, 0x3B, 0x63, 0x3D, 0x3D, 0x64, 0x3B, 0x7D, 0x34, 0x2B, 0x2B, 0x33, 0x33, 0x2B, 0x2B,
    0x34, 0x00, 0x00, 0x07, 0x00, 0x23, 0xFF, 0xF0, 0x05, 0x28, 0x02, 0xCC, 0x00, 0x0F, 0x00, 0x1B,
    0x00, 0x1F, 0x00, 0x2F, 0x00, 0x3B, 0x00, 0x4B, 0x00, 0x57, 0x00, 0x00, 0x45, 0x22, 0x26, 0x26,
    0x35, 0x34, 0x36, 0x36, 0x33, 0x32, 0x16, 0x16, 0x15, 0x14, 0x06, 0x06, 0x27, 0x32, 0x36, 0x35,
    0x34, 0x26, 0x23, 0x22, 0x06, 0x15, 0x14, 0x16, 0x01, 0x33, 0x01, 0x23, 0x13, 0x22, 0x26, 0x26,
    0x35, 0x34, 0x36, 0x36, 0x33, 0x32, 0x16, 0x16, 0x15, 0x14, 0x06, 0x06, 0x27, 0x32, 0x36, 0x35,
    0x34, 0x26, 0x23, 0x22, 0x06, 0x15, 0x14, 0x16, 0x01, 0x22, 0x26, 0x26, 0x35, 0x34, 0x36, 0x36,
    0x33, 0x32, 0x16, 0x16, 0x15, 0x14, 0x06, 0x06, 0x27, 0x32, 0x36, 0x35, 0x34, 0x26, 0x23, 0x22,
    0x06, 0x15, 0x14, 0x16, 0x04, 0x77, 0x3D, 0x4F, 0x26, 0x26, 0x4F, 0x3D, 0x3D, 0x4E, 0x26, 0x26,
    0x4E, 0x3D, 0x1C, 0x1C, 0x1C, 0x1C, 0x1C, 0x1D, 0x1D, 0xFD, 0xFE, 0x98, 0xFE, 0x7A, 0x98, 0x02,
    0x3D, 0x4F, 0x26, 0x26, 0x4F, 0x3D, 0x3D, 0x4E, 0x26, 0x26, 0x4E, 0x3D, 0x1A, 0x1B, 0x1B, 0x1A,
    0x1B, 0x1B, 0x1B, 0x02, 0x32, 0x3D, 0x4F, 0x26, 0x26, 0x4F, 0x3D, 0x3D, 0x4E, 0x26, 0x26, 0x4E,
    0x3D, 0x1A, 0x1B, 0x1B, 0x1A, 0x1B, 0x1B, 0x1B, 0x10, 0x3B, 0x64, 0x3D, 0x3D, 0x63, 0x3B, 0x3B,
    0x63, 0x3D, 0x3D, 0x64, 0x3B, 0x77, 0x37, 0x2E, 0x2E, 0x36, 0x36, 0x2E, 0x2E, 0x37, 0x02, 0x55,
    0xFD, 0x44, 0x01, 0x15, 0x3B, 0x64, 0x3D, 0x3D, 0x63, 0x3B, 0x3B, 0x63, 0x3D, 0x3D, 0x64, 0x3B,
    0x7D, 0x34, 0x2B, 0x2B, 0x33, 0x33, 0x2B, 0x2B, 0x34, 0xFE, 0x5E, 0x3B, 0x64, 0x3D, 0x3D, 0x63,
    0x3B, 0x3B, 0x63, 0x3D, 0x3D, 0x64, 0x3B, 0x7D, 0x34, 0x2B, 0x2B, 0x33, 0x33, 0x2B, 0x2B, 0x34,
    0x00, 0x01, 0x00, 0x28, 0x00, 0x00, 0x02, 0x36, 0x02, 0xCC, 0x00, 0x0A, 0x00, 0x00, 0x41, 0x01,
    0x07, 0x27, 0x37, 0x11, 0x23, 0x11, 0x17, 0x07, 0x27, 0x01, 0x2F, 0x01, 0x07, 0x56, 0x89, 0x20,
    0x90, 0x20, 0x89, 0x56, 0x02, 0xCC, 0xFE, 0xF9, 0x56, 0x89, 0x0D, 0xFD, 0xFB, 0x02, 0x05, 0x0D,
    0x89, 0x56, 0x00, 0x01, 0x00, 0x27, 0x00, 0x8E, 0x02, 0x55, 0x02, 0xBB, 0x00, 0x0A, 0x00, 0x00,
    0x53, 0x21, 0x11, 0x23, 0x35, 0x17, 0x01, 0x27, 0x01, 0x17, 0x23, 0xE0, 0x01, 0x75, 0x79, 0x20,
    0xFE, 0x92, 0x67, 0x01, 0x6E, 0x0D, 0xC2, 0x02, 0xBB, 0xFE, 0x8C, 0xC2, 0x0D, 0xFE, 0x92, 0x67,
    0x01, 0x6E, 0x20, 0x00, 0x00, 0x01, 0x00, 0x29, 0x00, 0x4F, 0x02, 0xF5, 0x02, 0x5D, 0x00, 0x0A,
    0x00, 0x00, 0x41, 0x01, 0x27, 0x37, 0x17, 0x21, 0x35, 0x21, 0x07, 0x27, 0x37, 0x02, 0xF5, 0xFE,
    0xF9, 0x56, 0x89, 0x0D, 0xFD, 0xFB, 0x02, 0x05, 0x0D, 0x89, 0x56, 0x01, 0x56, 0xFE, 0xF9, 0x56,
    0x89, 0x20, 0x90, 0x20, 0x89, 0x56, 0x00, 0x01, 0x00, 0x28, 0x00, 0x00, 0x02, 0x56, 0x02, 0x2D,
    0x00, 0x0A, 0x00, 0x00, 0x73, 0x35, 0x33, 0x07, 0x01, 0x37, 0x01, 0x07, 0x35, 0x33, 0x11, 0xE1,
    0xC2, 0x0D, 0xFE, 0x92, 0x67, 0x01, 0x6E, 0x20, 0x79, 0x78, 0x20, 0x01, 0x6E, 0x67, 0xFE, 0x92,
    0x0D, 0xC2, 0xFE, 0x8C, 0x00, 0x01, 0x00, 0x28, 0xFF, 0xF0, 0x02, 0x36, 0x02, 0xBC, 0x00, 0x0A,
    0x00, 0x00, 0x45, 0x01, 0x37, 0x17, 0x07, 0x11, 0x33, 0x11, 0x27, 0x37, 0x17, 0x01, 0x2F, 0xFE,
    0xF9, 0x56, 0x89, 0x20, 0x90, 0x20, 0x89, 0x56, 0x10, 0x01, 0x07, 0x56, 0x89, 0x0D, 0x02, 0x05,
    0xFD, 0xFB, 0x0D, 0x89, 0x56, 0x00, 0x00, 0x01, 0x00, 0x28, 0x00, 0x00, 0x02, 0x56, 0x02, 0x2D,
    0x00, 0x0A, 0x00, 0x00, 0x61, 0x21, 0x11, 0x33, 0x15, 0x27, 0x01, 0x17, 0x01, 0x27, 0x33, 0x01,
    0x9D, 0xFE, 0x8B, 0x79, 0x20, 0x01, 0x6E, 0x67, 0xFE, 0x92, 0x0D, 0xC2, 0x01, 0x74, 0xC2, 0x0D,
    0x01, 0x6E, 0x67, 0xFE, 0x92, 0x20, 0x00, 0x01, 0x00, 0x27, 0x00, 0x4E, 0x02, 0xF3, 0x02, 0x5C,
    0x00, 0x0A, 0x00, 0x00, 0x53, 0x01, 0x17, 0x07, 0x27, 0x21, 0x15, 0x21, 0x37, 0x17, 0x07, 0x27,
    0x01, 0x07, 0x56, 0x89, 0x0D, 0x02, 0x05, 0xFD, 0xFB, 0x0D, 0x89, 0x56, 0x01, 0x55, 0x01, 0x07,
    0x56, 0x89, 0x20, 0x90, 0x20, 0x89, 0x56, 0x00, 0x00, 0x01, 0x00, 0x28, 0x00, 0x8E, 0x02, 0x56,
    0x02, 0xBB, 0x00, 0x0A, 0x00, 0x00, 0x41, 0x15, 0x23, 0x37, 0x01, 0x07, 0x01, 0x37, 0x15, 0x23,
    0x11, 0x01, 0x9D, 0xC2, 0x0D, 0x01, 0x6E, 0x67, 0xFE, 0x92, 0x20, 0x79, 0x02, 0xBB, 0x78, 0x20,
    0xFE, 0x92, 0x67, 0x01, 0x6E, 0x0D, 0xC2, 0x01, 0x74, 0x00, 0x00, 0x01, 0x00, 0x28, 0x00, 0x4E,
    0x03, 0x49, 0x02, 0x5D, 0x00, 0x0D, 0x00, 0x00, 0x65, 0x01, 0x01, 0x17, 0x07, 0x21, 0x27, 0x37,
    0x01, 0x01, 0x27, 0x37, 0x21, 0x17, 0x01, 0x2F, 0xFE, 0xF9, 0x01, 0x07, 0x55, 0x69, 0x01, 0x3B,
    0x69, 0x55, 0x01, 0x07, 0xFE, 0xF9, 0x55, 0x69, 0xFE, 0xC5, 0x69, 0x4E, 0x01, 0x08, 0x01, 0x07,
    0x56, 0x69, 0x69, 0x56, 0xFE, 0xF9, 0xFE, 0xF8, 0x56, 0x69, 0x69, 0x00, 0x00, 0x01, 0x00, 0x28,
    0xFF, 0xF0, 0x02, 0x36, 0x02, 0xCC, 0x00, 0x0D, 0x00, 0x00, 0x45, 0x01, 0x37, 0x17, 0x35, 0x07,
    0x27, 0x01, 0x01, 0x07, 0x27, 0x15, 0x37, 0x17, 0x01, 0x2F, 0xFE, 0xF9, 0x56, 0x69, 0x69, 0x56,
    0x01, 0x07, 0x01, 0x07, 0x56, 0x69, 0x69, 0x56, 0x10, 0x01, 0x07, 0x56, 0x69, 0xF4, 0x69, 0x56,
    0x01, 0x07, 0xFE, 0xF9, 0x56, 0x69, 0xF4, 0x69, 0x56, 0x00, 0x00, 0x03, 0x00, 0x1C, 0xFF, 0xA9,
    0x03, 0x43, 0x02, 0xBC, 0x00, 0x36, 0x00, 0x46, 0x00, 0x52, 0x00, 0x00, 0x45, 0x22, 0x2E, 0x02,
    0x35, 0x34, 0x3E, 0x02, 0x33, 0x32, 0x1E, 0x02, 0x15, 0x14, 0x06, 0x06, 0x23, 0x22, 0x26, 0x26,
    0x35, 0x35, 0x33, 0x15, 0x14, 0x16, 0x33, 0x32, 0x36, 0x36, 0x35, 0x34, 0x2E, 0x02, 0x23, 0x22,
    0x0E, 0x02, 0x15, 0x14, 0x16, 0x16, 0x33, 0x32, 0x36, 0x37, 0x17, 0x0E, 0x02, 0x27, 0x22, 0x26,
    0x26, 0x35, 0x34, 0x36, 0x36, 0x33, 0x32, 0x16, 0x17, 0x17, 0x0E, 0x02, 0x37, 0x32, 0x36, 0x35,
    0x34, 0x26, 0x23, 0x22, 0x06, 0x15, 0x14, 0x16, 0x01, 0xA7, 0x5A, 0x91, 0x68, 0x38, 0x3C, 0x6D,
    0x94, 0x57, 0x5D, 0x95, 0x69, 0x38, 0x2E, 0x54, 0x39, 0x32, 0x3F, 0x1E, 0x6B, 0x12, 0x16, 0x14,
    0x1B, 0x0F, 0x26, 0x49, 0x68, 0x43, 0x3F, 0x68, 0x4B, 0x28, 0x41, 0x7A, 0x54, 0x26, 0x64, 0x32,
    0x48, 0x0C, 0x46, 0x6C, 0x65, 0x2D, 0x4B, 0x2E, 0x2E, 0x4C, 0x2D, 0x25, 0x46, 0x10, 0x0A, 0x0D,
    0x2B, 0x34, 0x0D, 0x23, 0x29, 0x29, 0x23, 0x21, 0x2D, 0x2D, 0x57, 0x3D, 0x6D, 0x8F, 0x52, 0x4E,
    0x8D, 0x6E, 0x3F, 0x40, 0x6C, 0x86, 0x45, 0x42, 0x5D, 0x31, 0x25, 0x44, 0x2E, 0xDA, 0xD3, 0x16,
    0x1A, 0x15, 0x27, 0x1A, 0x38, 0x62, 0x4A, 0x2A, 0x2A, 0x4B, 0x64, 0x3A, 0x4B, 0x81, 0x4F, 0x16,
    0x22, 0x4E, 0x0F, 0x2A, 0x21, 0xCC, 0x2E, 0x55, 0x3B, 0x3A, 0x55, 0x30, 0x1F, 0x1C, 0xEC, 0x1F,
    0x26, 0x11, 0x6E, 0x33, 0x21, 0x21, 0x33, 0x2F, 0x25, 0x23, 0x31, 0x00, 0x00, 0x03, 0x00, 0x24,
    0x00, 0x00, 0x02, 0x8C, 0x02, 0xCC, 0x00, 0x28, 0x00, 0x2C, 0x00, 0x30, 0x00, 0x00, 0x61, 0x22,
    0x26, 0x35, 0x34, 0x36, 0x36, 0x37, 0x17, 0x2E, 0x02, 0x35, 0x34, 0x36, 0x36, 0x33, 0x32, 0x16,
    0x16, 0x15, 0x23, 0x34, 0x26, 0x23, 0x22, 0x06, 0x06, 0x15, 0x14, 0x16, 0x33, 0x15, 0x22, 0x06,
    0x15, 0x14, 0x16, 0x33, 0x33, 0x15, 0x33, 0x11, 0x33, 0x11, 0x03, 0x35, 0x21, 0x15, 0x01, 0x31,
    0x7F, 0x8E, 0x26, 0x55, 0x46, 0x01, 0x44, 0x53, 0x26, 0x41, 0x76, 0x50, 0x4C, 0x72, 0x40, 0x91,
    0x37, 0x3B, 0x25, 0x30, 0x16, 0x4C, 0x66, 0x66, 0x51, 0x37, 0x3A, 0x35, 0x3C, 0x91, 0xBC, 0x01,
    0x1A, 0x6A, 0x54, 0x2D, 0x4D, 0x33, 0x04, 0x1F, 0x05, 0x31, 0x4C, 0x2C, 0x38, 0x5E, 0x38, 0x3C,
    0x6B, 0x47, 0x37, 0x33, 0x14, 0x21, 0x15, 0x31, 0x2B, 0x7E, 0x2B, 0x31, 0x24, 0x26, 0x7E, 0x01,
    0xDE, 0xFE, 0x22, 0x01, 0x24, 0x7E, 0x7E, 0x00, 0x00, 0x04, 0x00, 0x22, 0xFF, 0x38, 0x02, 0xB2,
    0x02, 0xBC, 0x00, 0x08, 0x00, 0x0C, 0x00, 0x10, 0x00, 0x14, 0x00, 0x00, 0x41, 0x22, 0x26, 0x35,
    0x34, 0x36, 0x33, 0x15, 0x19, 0x02, 0x33, 0x11, 0x33, 0x11, 0x33, 0x11, 0x01, 0x35, 0x21, 0x15,
    0x01, 0x24, 0x79, 0x89, 0x89, 0x79, 0x91, 0x3A, 0x91, 0xFE, 0xEA, 0x01, 0x48, 0x01, 0x47, 0x55,
    0x66, 0x66, 0x54, 0x38, 0xFE, 0xFB, 0xFD, 0xB9, 0x03, 0x84, 0xFC, 0x7C, 0x03, 0x84, 0xFC, 0x7C,
    0x03, 0x06, 0x7E, 0x7E, 0x00, 0x02, 0x00, 0x19, 0xFF, 0xAF, 0x01, 0xF7, 0x02, 0xCC, 0x00, 0x26,
    0x00, 0x4C, 0x00, 0x00, 0x65, 0x32, 0x36, 0x36, 0x35, 0x34, 0x2E, 0x05, 0x35, 0x34, 0x36, 0x36,
    0x33, 0x32, 0x16, 0x16, 0x15, 0x23, 0x26, 0x26, 0x23, 0x22, 0x06, 0x15, 0x14, 0x1E, 0x05, 0x15,
    0x14, 0x06, 0x07, 0x27, 0x06, 0x06, 0x15, 0x14, 0x1E, 0x05, 0x15, 0x14, 0x06, 0x06, 0x23, 0x22,
    0x26, 0x26, 0x27, 0x33, 0x16, 0x16, 0x33, 0x32, 0x36, 0x35, 0x34, 0x2E, 0x05, 0x35, 0x34, 0x36,
    0x37, 0x01, 0x0E, 0x15, 0x2A, 0x1C, 0x24, 0x3A, 0x46, 0x47, 0x3A, 0x24, 0x3B, 0x6A, 0x44, 0x3D,
    0x68, 0x40, 0x8F, 0x04, 0x33, 0x23, 0x2B, 0x2C, 0x24, 0x3A, 0x47, 0x46, 0x3A, 0x24, 0x45, 0x32,
    0x80, 0x28, 0x2A, 0x24, 0x3A, 0x47, 0x46, 0x3A, 0x24, 0x3B, 0x69, 0x47, 0x42, 0x6D, 0x42, 0x02,
    0x90, 0x05, 0x3C, 0x27, 0x26, 0x32, 0x24, 0x3A, 0x46, 0x47, 0x3A, 0x24, 0x41, 0x3A, 0xFA, 0x09,
    0x19, 0x18, 0x14, 0x15, 0x0C, 0x0B, 0x13, 0x24, 0x3D, 0x30, 0x2D, 0x52, 0x35, 0x30, 0x57, 0x39,
    0x28, 0x1E, 0x21, 0x19, 0x16, 0x18, 0x0D, 0x0A, 0x12, 0x22, 0x3C, 0x2F, 0x34, 0x43, 0x11, 0xD5,
    0x01, 0x21, 0x18, 0x16, 0x18, 0x0D, 0x0A, 0x12, 0x22, 0x3C, 0x2F, 0x35, 0x51, 0x2E, 0x33, 0x57,
    0x37, 0x28, 0x1F, 0x1B, 0x1F, 0x14, 0x15, 0x0C, 0x0B, 0x13, 0x24, 0x3D, 0x30, 0x2D, 0x4B, 0x0E,
    0x00, 0x03, 0x00, 0x1C, 0xFF, 0xF0, 0x02, 0xF8, 0x02, 0xCC, 0x00, 0x13, 0x00, 0x27, 0x00, 0x45,
    0x00, 0x00, 0x45, 0x22, 0x2E, 0x02, 0x35, 0x34, 0x3E, 0x02, 0x33, 0x32, 0x1E, 0x02, 0x15, 0x14,
    0x0E, 0x02, 0x27, 0x32, 0x3E, 0x02, 0x35, 0x34, 0x2E, 0x02, 0x23, 0x22, 0x0E, 0x02, 0x15, 0x14,
    0x1E, 0x02, 0x37, 0x14, 0x06, 0x23, 0x22, 0x26, 0x26, 0x35, 0x34, 0x36, 0x36, 0x33, 0x32, 0x16,
    0x16, 0x15, 0x23, 0x34, 0x26, 0x23, 0x22, 0x06, 0x15, 0x14, 0x16, 0x33, 0x32, 0x36, 0x36, 0x35,
    0x01, 0x8A, 0x4C, 0x84, 0x65, 0x39, 0x39, 0x65, 0x84, 0x4C, 0x4C, 0x84, 0x65, 0x39, 0x39, 0x65,
    0x84, 0x4C, 0x35, 0x5B, 0x45, 0x27, 0x27, 0x45, 0x5B, 0x35, 0x34, 0x5C, 0x45, 0x27, 0x27, 0x45,
    0x5C, 0xD5, 0x57, 0x49, 0x36, 0x4E, 0x2B, 0x2B, 0x4E, 0x36, 0x2F, 0x47, 0x28, 0x7B, 0x13, 0x10,
    0x18, 0x1D, 0x1D, 0x18, 0x0B, 0x11, 0x09, 0x10, 0x39, 0x65, 0x84, 0x4C, 0x4C, 0x84, 0x65, 0x39,
    0x39, 0x65, 0x84, 0x4C, 0x4C, 0x84, 0x65, 0x39, 0x6D, 0x28, 0x46, 0x5D, 0x36, 0x36, 0x5D, 0x46,
    0x28, 0x28, 0x46, 0x5D, 0x36, 0x36, 0x5D, 0x46, 0x28, 0xE7, 0x40, 0x55, 0x2D, 0x4F, 0x32, 0x34,
    0x4F, 0x2D, 0x28, 0x3F, 0x25, 0x14, 0x17, 0x25, 0x2A, 0x29, 0x24, 0x0C, 0x17, 0x11, 0x00, 0x04,
    0x00, 0x1C, 0xFF, 0xF0, 0x02, 0xF8, 0x02, 0xCC, 0x00, 0x13, 0x00, 0x27, 0x00, 0x36, 0x00, 0x3F,
    0x00, 0x00, 0x45, 0x22, 0x2E, 0x02, 0x35, 0x34, 0x3E, 0x02, 0x33, 0x32, 0x1E, 0x02, 0x15, 0x14,
    0x0E, 0x02, 0x27, 0x32, 0x3E, 0x02, 0x35, 0x34, 0x2E, 0x02, 0x23, 0x22, 0x0E, 0x02, 0x15, 0x14,
    0x1E, 0x02, 0x27, 0x11, 0x33, 0x32, 0x16, 0x15, 0x14, 0x06, 0x07, 0x37, 0x17, 0x23, 0x27, 0x23,
    0x15, 0x35, 0x33, 0x32, 0x36, 0x35, 0x34, 0x26, 0x23, 0x23, 0x01, 0x8A, 0x4C, 0x84, 0x65, 0x39,
    0x39, 0x65, 0x84, 0x4C, 0x4C, 0x84, 0x65, 0x39, 0x39, 0x65, 0x84, 0x4C, 0x35, 0x5B, 0x45, 0x27,
    0x27, 0x45, 0x5B, 0x35, 0x34, 0x5C, 0x45, 0x27, 0x27, 0x45, 0x5C, 0x51, 0x84, 0x47, 0x4C, 0x3E,
    0x33, 0x25, 0x50, 0x6D, 0x34, 0x16, 0x23, 0x11, 0x18, 0x18, 0x11, 0x23, 0x10, 0x39, 0x65, 0x84,
    0x4C, 0x4C, 0x84, 0x65, 0x39, 0x39, 0x65, 0x84, 0x4C, 0x4C, 0x84, 0x65, 0x39, 0x6D, 0x28, 0x46,
    0x5D, 0x36, 0x36, 0x5D, 0x46, 0x28, 0x28, 0x46, 0x5D, 0x36, 0x36, 0x5D, 0x46, 0x28, 0x5D, 0x01,
    0x4E, 0x34, 0x37, 0x2F, 0x34, 0x07, 0x2F, 0xA8, 0x74, 0x74, 0xC8, 0x06, 0x13, 0x11, 0x08, 0x00,
    0x00, 0x06, 0x00, 0x1E, 0x01, 0x48, 0x03, 0x01, 0x02, 0xBC, 0x00, 0x03, 0x00, 0x07, 0x00, 0x0B,
    0x00, 0x0F, 0x00, 0x13, 0x00, 0x17, 0x00, 0x00, 0x53, 0x33, 0x11, 0x23, 0x03, 0x21, 0x15, 0x21,
    0x01, 0x03, 0x33, 0x13, 0x33, 0x23, 0x13, 0x33, 0x21, 0x33, 0x11, 0x23, 0x01, 0x33, 0x11, 0x23,
    0x88, 0x61, 0x61, 0x6A, 0x01, 0x35, 0xFE, 0xCB, 0x01, 0xDE, 0x61, 0x63, 0x5B, 0x10, 0x5E, 0x5B,
    0x63, 0xFE, 0x9B, 0x5E, 0x5E, 0x01, 0x3E, 0x5F, 0x5F, 0x02, 0xBC, 0xFE, 0x8C, 0x01, 0x74, 0x57,
    0xFE, 0xE3, 0x01, 0x74, 0xFE, 0x8C, 0x01, 0x74, 0xFE, 0x8C, 0x01, 0x74, 0xFE, 0x8C, 0x00, 0x02,
    0x00, 0x1E, 0x01, 0xB3, 0x01, 0x38, 0x02, 0xCC, 0x00, 0x0F, 0x00, 0x1B, 0x00, 0x00, 0x53, 0x22,
    0x26, 0x26, 0x35, 0x34, 0x36, 0x36, 0x33, 0x32, 0x16, 0x16, 0x15, 0x14, 0x06, 0x06, 0x27, 0x32,
    0x36, 0x35, 0x34, 0x26, 0x23, 0x22, 0x06, 0x15, 0x14, 0x16, 0xAB, 0x26, 0x41, 0x26, 0x26, 0x41,
    0x26, 0x27, 0x40, 0x26, 0x26, 0x40, 0x27, 0x11, 0x17, 0x17, 0x11, 0x11, 0x17, 0x17, 0x01, 0xB3,
    0x26, 0x40, 0x26, 0x27, 0x40, 0x26, 0x26, 0x40, 0x27, 0x26, 0x40, 0x26, 0x64, 0x18, 0x10, 0x11,
    0x18, 0x18, 0x11, 0x10, 0x18, 0x00, 0x00, 0x01, 0x00, 0x34, 0xFF, 0xCE, 0x00, 0xC5, 0x02, 0xEE,
    0x00, 0x03, 0x00, 0x00, 0x53, 0x33, 0x11, 0x23, 0x34, 0x91, 0x91, 0x02, 0xEE, 0xFC, 0xE0, 0x00,
    0x00, 0x02, 0x00, 0x34, 0xFF, 0xCE, 0x00, 0xC5, 0x02, 0xEE, 0x00, 0x03, 0x00, 0x07, 0x00, 0x00,
    0x53, 0x11, 0x33, 0x11, 0x15, 0x11, 0x23, 0x11, 0x34, 0x91, 0x91, 0x01, 0xAE, 0x01, 0x40, 0xFE,
    0xC0, 0xA0, 0xFE, 0xC0, 0x01, 0x40, 0x00, 0x02, 0x00, 0x0F, 0xFF, 0xCE, 0x01, 0xAE, 0x02, 0xEE,
    0x00, 0x03, 0x00, 0x07, 0x00, 0x00, 0x53, 0x33, 0x11, 0x23, 0x03, 0x21, 0x15, 0x21, 0x96, 0x91,
    0x91, 0x87, 0x01, 0x9F, 0xFE, 0x61, 0x02, 0xEE, 0xFC, 0xE0, 0x02, 0x6E, 0x7E, 0x00, 0x00, 0x03,
    0x00, 0x0F, 0xFF, 0xCE, 0x01, 0xAE, 0x02, 0xEE, 0x00, 0x03, 0x00, 0x07, 0x00, 0x0B, 0x00, 0x00,
    0x53, 0x33, 0x11, 0x23, 0x03, 0x21, 0x15, 0x21, 0x15, 0x21, 0x15, 0x21, 0x96, 0x91, 0x91, 0x87,
    0x01, 0x9F, 0xFE, 0x61, 0x01, 0x9F, 0xFE, 0x61, 0x02, 0xEE, 0xFC, 0xE0, 0x02, 0x6E, 0x7E, 0xAE,
    0x7E, 0x00, 0x00, 0x02, 0x00, 0x24, 0x00, 0x00, 0x02, 0x91, 0x02, 0xBC, 0x00, 0x03, 0x00, 0x2D,
    0x00, 0x00, 0x41, 0x11, 0x23, 0x11, 0x17, 0x15, 0x21, 0x22, 0x06, 0x06, 0x15, 0x14, 0x16, 0x16,
    0x33, 0x33, 0x15, 0x23, 0x22, 0x26, 0x26, 0x35, 0x34, 0x36, 0x36, 0x37, 0x15, 0x2E, 0x02, 0x35,
    0x34, 0x36, 0x36, 0x33, 0x33, 0x15, 0x23, 0x22, 0x06, 0x06, 0x15, 0x14, 0x16, 0x16, 0x33, 0x02,
    0x33, 0x91, 0xEF, 0xFE, 0xA6, 0x21, 0x39, 0x22, 0x22, 0x39, 0x21, 0xC5, 0xC5, 0x4C, 0x7D, 0x4A,
    0x2B, 0x48, 0x2D, 0x2E, 0x35, 0x16, 0x4A, 0x7D, 0x4C, 0x44, 0x44, 0x21, 0x38, 0x23, 0x23, 0x38,
    0x21, 0x01, 0xF7, 0xFE, 0x09, 0x01, 0xF7, 0x57, 0x7E, 0x0A, 0x22, 0x23, 0x23, 0x25, 0x0D, 0x7E,
    0x26, 0x5D, 0x50, 0x2E, 0x48, 0x2C, 0x02, 0x21, 0x03, 0x31, 0x45, 0x20, 0x51, 0x59, 0x23, 0x7E,
    0x0A, 0x22, 0x23, 0x23, 0x22, 0x0A, 0x00, 0x02, 0x00, 0x0F, 0x02, 0x79, 0x01, 0x73, 0x02, 0xFF,
    0x00, 0x03, 0x00, 0x07, 0x00, 0x00, 0x53, 0x33, 0x15, 0x23, 0x37, 0x33, 0x15, 0x23, 0x0F, 0x91,
    0x91, 0xD3, 0x91, 0x91, 0x02, 0xFF, 0x86, 0x86, 0x86, 0x00, 0x00, 0x01, 0x00, 0x0D, 0x02, 0x68,
    0x00, 0x93, 0x02, 0xEE, 0x00, 0x03, 0x00, 0x00, 0x53, 0x33, 0x15, 0x23, 0x0D, 0x86, 0x86, 0x02,
    0xEE, 0x86, 0x00, 0x01, 0x00, 0x12, 0x02, 0x76, 0x00, 0xEE, 0x03, 0x02, 0x00, 0x03, 0x00, 0x00,
    0x53, 0x27, 0x33, 0x17, 0x79, 0x67, 0xA0, 0x3C, 0x02, 0x76, 0x8C, 0x8C, 0x00, 0x01, 0x00, 0x0F,
    0x02, 0x76, 0x00, 0xEB, 0x03, 0x02, 0x00, 0x03, 0x00, 0x00, 0x53, 0x07, 0x23, 0x37, 0xEB, 0x67,
    0x75, 0x3C, 0x03, 0x02, 0x8C, 0x8C, 0x00, 0x02, 0x00, 0x0D, 0x02, 0x76, 0x01, 0x7B, 0x03, 0x02,
    0x00, 0x03, 0x00, 0x07, 0x00, 0x00, 0x53, 0x07, 0x23, 0x37, 0x21, 0x07, 0x23, 0x37, 0xCD, 0x4B,
    0x75, 0x32, 0x01, 0x3C, 0x4B, 0x75, 0x32, 0x03, 0x02, 0x8C, 0x8C, 0x8C, 0x8C, 0x00, 0x00, 0x01,
    0x00, 0x38, 0x02, 0x07, 0x00, 0xC3, 0x02, 0xEE, 0x00, 0x0A, 0x00, 0x00, 0x53, 0x35, 0x32, 0x36,
    0x35, 0x23, 0x35, 0x33, 0x15, 0x14, 0x06, 0x5B, 0x14, 0x10, 0x47, 0x8B, 0x3B, 0x02, 0x07, 0x38,
    0x15, 0x13, 0x87, 0x87, 0x30, 0x30, 0x00, 0x01, 0x00, 0x13, 0x02, 0x76, 0x01, 0x6C, 0x03, 0x02,
    0x00, 0x07, 0x00, 0x00, 0x41, 0x17, 0x23, 0x27, 0x33, 0x07, 0x23, 0x37, 0x01, 0x09, 0x63, 0x80,
    0x45, 0x32, 0x46, 0x80, 0x63, 0x03, 0x02, 0x8C, 0x62, 0x62, 0x8C, 0x00, 0x00, 0x01, 0x00, 0x13,
    0x02, 0x76, 0x01, 0x6C, 0x03, 0x02, 0x00, 0x07, 0x00, 0x00, 0x53, 0x27, 0x33, 0x17, 0x23, 0x37,
    0x33, 0x07, 0x76, 0x63, 0x80, 0x46, 0x32, 0x45, 0x80, 0x63, 0x02, 0x76, 0x8C, 0x62, 0x62, 0x8C,
    0x00, 0x01, 0x00, 0x1E, 0x02, 0x6C, 0x01, 0x72, 0x03, 0x02, 0x00, 0x0C, 0x00, 0x00, 0x41, 0x06,
    0x06, 0x23, 0x22, 0x26, 0x27, 0x33, 0x16, 0x33, 0x32, 0x36, 0x37, 0x01, 0x72, 0x07, 0x5F, 0x44,
    0x43, 0x60, 0x07, 0x74, 0x06, 0x30, 0x17, 0x1D, 0x02, 0x03, 0x02, 0x47, 0x4F, 0x4F, 0x47, 0x31,
    0x19, 0x18, 0x00, 0x02, 0x00, 0x0B, 0x02, 0x5C, 0x00, 0xD7, 0x03, 0x28, 0x00, 0x0B, 0x00, 0x17,
    0x00, 0x00, 0x53, 0x22, 0x26, 0x35, 0x34, 0x36, 0x33, 0x32, 0x16, 0x15, 0x14, 0x06, 0x27, 0x32,
    0x36, 0x35, 0x34, 0x26, 0x23, 0x22, 0x06, 0x15, 0x14, 0x16, 0x71, 0x2B, 0x3B, 0x3B, 0x2B, 0x2A,
    0x3C, 0x3C, 0x29, 0x0B, 0x0E, 0x0E, 0x0B, 0x0A, 0x0F, 0x0F, 0x02, 0x5C, 0x3C, 0x2A, 0x2A, 0x3C,
    0x3C, 0x2A, 0x2A, 0x3C, 0x4D, 0x0F, 0x0A, 0x0B, 0x0E, 0x0E, 0x0A, 0x0B, 0x0F, 0x00, 0x00, 0x01,
    0x00, 0x14, 0x02, 0x71, 0x01, 0x7F, 0x03, 0x07, 0x00, 0x17, 0x00, 0x00, 0x53, 0x22, 0x06, 0x15,
    0x23, 0x34, 0x36, 0x36, 0x33, 0x32, 0x16, 0x16, 0x33, 0x32, 0x36, 0x35, 0x33, 0x14, 0x06, 0x06,
    0x23, 0x22, 0x26, 0x26, 0x97, 0x0D, 0x0E, 0x68, 0x23, 0x31, 0x15, 0x20, 0x2C, 0x23, 0x12, 0x0D,
    0x0B, 0x69, 0x23, 0x31, 0x15, 0x1F, 0x2B, 0x22, 0x02, 0x9D, 0x10, 0x11, 0x35, 0x3D, 0x19, 0x15,
    0x15, 0x10, 0x11, 0x35, 0x3E, 0x1A, 0x16, 0x16, 0x00, 0x01, 0x00, 0x0F, 0x02, 0x84, 0x01, 0x40,
    0x02, 0xF4, 0x00, 0x03, 0x00, 0x00, 0x53, 0x21, 0x15, 0x21, 0x0F, 0x01, 0x31, 0xFE, 0xCF, 0x02,
    0xF4, 0x70, 0x00, 0x01, 0x00, 0x25, 0x02, 0x50, 0x00, 0xB0, 0x03, 0x37, 0x00, 0x0A, 0x00, 0x00,
    0x53, 0x15, 0x22, 0x06, 0x15, 0x33, 0x15, 0x23, 0x35, 0x34, 0x36, 0x8D, 0x14, 0x10, 0x47, 0x8B,
    0x3B, 0x03, 0x37, 0x38, 0x15, 0x13, 0x87, 0x87, 0x30, 0x30, 0x00, 0x01, 0x00, 0x24, 0xFE, 0xEF,
    0x00, 0xAF, 0xFF, 0xD6, 0x00, 0x0A, 0x00, 0x00, 0x53, 0x35, 0x32, 0x36, 0x35, 0x23, 0x35, 0x33,
    0x15, 0x14, 0x06, 0x47, 0x14, 0x10, 0x47, 0x8B, 0x3B, 0xFE, 0xEF, 0x38, 0x15, 0x13, 0x87, 0x87,
    0x30, 0x30, 0x00, 0x02, 0x00, 0x37, 0xFF, 0x38, 0x01, 0x21, 0x00, 0x28, 0x00, 0x03, 0x00, 0x13,
    0x00, 0x00, 0x77, 0x33, 0x15, 0x23, 0x33, 0x37, 0x32, 0x16, 0x15, 0x14, 0x06, 0x23, 0x23, 0x35,
    0x33, 0x32, 0x36, 0x35, 0x34, 0x26, 0x53, 0x5D, 0x5D, 0x30, 0x24, 0x3C, 0x3E, 0x3D, 0x3B, 0x72,
    0x4C, 0x11, 0x0A, 0x0A, 0x28, 0x83, 0x42, 0x29, 0x2A, 0x2A, 0x32, 0x4B, 0x0A, 0x07, 0x08, 0x09,
    0x00, 0x01, 0x00, 0x1E, 0xFF, 0x38, 0x00, 0xE4, 0x00, 0x23, 0x00, 0x11, 0x00, 0x00, 0x73, 0x0E,
    0x02, 0x15, 0x14, 0x16, 0x16, 0x33, 0x33, 0x15, 0x23, 0x22, 0x26, 0x35, 0x34, 0x36, 0x37, 0xCB,
    0x15, 0x1C, 0x0E, 0x08, 0x13, 0x10, 0x2D, 0x32, 0x40, 0x54, 0x42, 0x3D, 0x04, 0x0D, 0x11, 0x0B,
    0x08, 0x0C, 0x07, 0x80, 0x37, 0x31, 0x2E, 0x3D, 0x18, 0x00, 0x00, 0x02, 0x00, 0x23, 0x02, 0x76,
    0x01, 0x4A, 0x02, 0xF8, 0x00, 0x03, 0x00, 0x07, 0x00, 0x00, 0x53, 0x33, 0x15, 0x23, 0x37, 0x33,
    0x15, 0x23, 0x23, 0x82, 0x82, 0xA5, 0x82, 0x82, 0x02, 0xF8, 0x82, 0x82, 0x82, 0x00, 0x00, 0x02,
    0x00, 0x23, 0x02, 0x76, 0x01, 0x20, 0x03, 0x02, 0x00, 0x03, 0x00, 0x07, 0x00, 0x00, 0x53, 0x07,
    0x23, 0x37, 0x33, 0x33, 0x17, 0x23, 0xC3, 0x3F, 0x61, 0x45, 0x18, 0x5B, 0x45, 0x61, 0x03, 0x02,
    0x8C, 0x8C, 0x8C, 0x00, 0x00, 0x01, 0x00, 0x1E, 0x02, 0x76, 0x01, 0x2C, 0x03, 0x03, 0x00, 0x0D,
    0x00, 0x00, 0x41, 0x06, 0x06, 0x23, 0x22, 0x26, 0x27, 0x33, 0x14, 0x16, 0x33, 0x32, 0x36, 0x27,
    0x01, 0x2C, 0x01, 0x42, 0x44, 0x43, 0x42, 0x02, 0x65, 0x0C, 0x16, 0x17, 0x0C, 0x01, 0x03, 0x03,
    0x3A, 0x53, 0x53, 0x3A, 0x16, 0x22, 0x22, 0x16, 0x00, 0x01, 0x00, 0x14, 0x02, 0x6B, 0x01, 0x55,
    0x03, 0x01, 0x00, 0x15, 0x00, 0x00, 0x53, 0x22, 0x06, 0x15, 0x23, 0x34, 0x36, 0x33, 0x32, 0x16,
    0x16, 0x33, 0x32, 0x36, 0x35, 0x33, 0x14, 0x06, 0x23, 0x22, 0x26, 0x26, 0x8B, 0x0D, 0x0A, 0x60,
    0x39, 0x22, 0x1E, 0x23, 0x1D, 0x13, 0x0E, 0x07, 0x60, 0x39, 0x21, 0x1D, 0x23, 0x1C, 0x02, 0x9E,
    0x17, 0x11, 0x48, 0x43, 0x18, 0x19, 0x17, 0x11, 0x49, 0x44, 0x19, 0x1A, 0x00, 0x01, 0x00, 0x37,
    0x02, 0x84, 0x01, 0x18, 0x02, 0xF4, 0x00, 0x03, 0x00, 0x00, 0x53, 0x33, 0x15, 0x23, 0x37, 0xE1,
    0xE1, 0x02, 0xF4, 0x70, 0xFF, 0xFF, 0x00, 0x0F, 0x02, 0x79, 0x01, 0x73, 0x02, 0xFF, 0x04, 0x06,
    0x01, 0xE6, 0x00, 0x00, 0xFF, 0xFF, 0x00, 0x0D, 0x02, 0x68, 0x00, 0x93, 0x02, 0xEE, 0x04, 0x06,
    0x01, 0xE7, 0x00, 0x00, 0xFF, 0xFF, 0x00, 0x12, 0x02, 0x76, 0x00, 0xEE, 0x03, 0x02, 0x04, 0x06,
    0x01, 0xE8, 0x00, 0x00, 0xFF, 0xFF, 0x00, 0x0F, 0x02, 0x76, 0x00, 0xEB, 0x03, 0x02, 0x04, 0x06,
    0x01, 0xE9, 0x00, 0x00, 0xFF, 0xFF, 0x00, 0x0D, 0x02, 0x76, 0x01, 0x7B, 0x03, 0x02, 0x04, 0x06,
    0x01, 0xEA, 0x00, 0x00, 0xFF, 0xFF, 0x00, 0x13, 0x02, 0x76, 0x01, 0x6C, 0x03, 0x02, 0x04, 0x06,
    0x01, 0xEC, 0x00, 0x00, 0xFF, 0xFF, 0x00, 0x13, 0x02, 0x76, 0x01, 0x6C, 0x03, 0x02, 0x04, 0x06,
    0x01, 0xED, 0x00, 0x00, 0xFF, 0xFF, 0x00, 0x1E, 0x02, 0x6C, 0x01, 0x72, 0x03, 0x02, 0x04, 0x06,
    0x01, 0xEE, 0x00, 0x00, 0xFF, 0xFF, 0x00, 0x0B, 0x02, 0x5C, 0x00, 0xD7, 0x03, 0x28, 0x04, 0x06,
    0x01, 0xEF, 0x00, 0x00, 0xFF, 0xFF, 0x00, 0x14, 0x02, 0x71, 0x01, 0x7F, 0x03, 0x07, 0x04, 0x06,
    0x01, 0xF0, 0x00, 0x00, 0xFF, 0xFF, 0x00, 0x0F, 0x02, 0x84, 0x01, 0x40, 0x02, 0xF4, 0x04, 0x06,
    0x01, 0xF1, 0x00, 0x00, 0xFF, 0xFF, 0x00, 0x37, 0xFF, 0x38, 0x01, 0x21, 0x00, 0x28, 0x04, 0x06,
    0x01, 0xF4, 0x00, 0x00, 0xFF, 0xFF, 0x00, 0x1E, 0xFF, 0x38, 0x00, 0xE4, 0x00, 0x23, 0x04, 0x06,
    0x01, 0xF5, 0x00, 0x00, 0x00, 0x01, 0x00, 0x00, 0x00, 0x0A, 0x00, 0x28, 0x00, 0x56, 0x00, 0x02,
    0x44, 0x46, 0x4C, 0x54, 0x00, 0x0E, 0x6C, 0x61, 0x74, 0x6E, 0x00, 0x0E, 0x00, 0x04, 0x00, 0x00,
    0x00, 0x00, 0xFF, 0xFF, 0x00, 0x03, 0x00, 0x00, 0x00, 0x01, 0x00, 0x02, 0x00, 0x03, 0x6B, 0x65,
    0x72, 0x6E, 0x00, 0x26, 0x6D, 0x61, 0x72, 0x6B, 0x00, 0x1C, 0x6D, 0x6B, 0x6D, 0x6B, 0x00, 0x14,
    0x00, 0x00, 0x00, 0x02, 0x00, 0x05, 0x00, 0x06, 0x00, 0x00, 0x00, 0x03, 0x00, 0x02, 0x00, 0x03,
    0x00, 0x04, 0x00, 0x00, 0x00, 0x02, 0x00, 0x01, 0x00, 0x00, 0x00, 0x07, 0x2F, 0x76, 0x0D, 0x94,
    0x09, 0x0C, 0x07, 0x50, 0x00, 0x68, 0x00, 0x46, 0x00, 0x10, 0x00, 0x06, 0x00, 0x10, 0x00, 0x01,
    0x00, 0x0A, 0x00, 0x02, 0x00, 0x01, 0x07, 0x26, 0x07, 0x26, 0x00, 0x01, 0x06, 0xB2, 0x00, 0x0C,
    0x00, 0x0C, 0x03, 0x72, 0x02, 0xC4, 0x02, 0xBE, 0x02, 0xBE, 0x02, 0xB8, 0x02, 0xB2, 0x02, 0xB2,
    0x02, 0xAC, 0x02, 0xA6, 0x02, 0xA0, 0x02, 0x9A, 0x00, 0x1A, 0x00, 0x01, 0x00, 0x6B, 0x03, 0x60,
    0x00, 0x06, 0x00, 0x10, 0x00, 0x01, 0x00, 0x0A, 0x00, 0x01, 0x00, 0x01, 0x0D, 0x3C, 0x0D, 0x3C,
    0x00, 0x01, 0x0D, 0x26, 0x00, 0x0C, 0x00, 0x02, 0x00, 0x06, 0x0A, 0xFA, 0x00, 0x01, 0x00, 0x6A,
    0xFE, 0xEF, 0x00, 0x04, 0x00, 0x00, 0x00, 0x01, 0x00, 0x08, 0x00, 0x01, 0x06, 0xD0, 0x05, 0xBC,
    0x00, 0x01, 0x06, 0x5C, 0x00, 0x0C, 0x01, 0x21, 0x05, 0xAA, 0x05, 0xA4, 0x05, 0x9E, 0x05, 0x9E,
    0x05, 0x9E, 0x05, 0x98, 0x05, 0x9E, 0x05, 0xAA, 0x05, 0x92, 0x05, 0x8C, 0x05, 0x86, 0x05, 0x80,
    0x05, 0x7A, 0x05, 0x74, 0x05, 0x80, 0x05, 0x74, 0x05, 0x74, 0x05, 0x6E, 0x05, 0x68, 0x05, 0x62,
    0x05, 0x5C, 0x05, 0x56, 0x05, 0x56, 0x05, 0x56, 0x05, 0x56, 0x05, 0x50, 0x05, 0x56, 0x05, 0x62,
    0x05, 0x4A, 0x05, 0x44, 0x05, 0x3E, 0x05, 0x38, 0x05, 0x38, 0x05, 0x38, 0x05, 0x3E, 0x05, 0x38,
    0x05, 0x38, 0x05, 0x32, 0x05, 0x2C, 0x05, 0x26, 0x05, 0x20, 0x05, 0x1A, 0x05, 0x14, 0x05, 0x14,
    0x05, 0x14, 0x05, 0x14, 0x05, 0x0E, 0x05, 0x14, 0x05, 0x26, 0x05, 0x14, 0x05, 0x08, 0x05, 0x02,
    0x04, 0xFC, 0x04, 0xF6, 0x04, 0xF6, 0x04, 0xF0, 0x04, 0xEA, 0x04, 0xF0, 0x04, 0xF0, 0x04, 0xE4,
    0x04, 0xDE, 0x04, 0xD8, 0x04, 0xD2, 0x04, 0xDE, 0x04, 0xCC, 0x05, 0x3E, 0x04, 0xC6, 0x05, 0x38,
    0x05, 0x38, 0x05, 0x38, 0x04, 0xC0, 0x04, 0xBA, 0x05, 0x38, 0x04, 0xB4, 0x04, 0xAE, 0x05, 0x3E,
    0x04, 0xA8, 0x04, 0xA2, 0x04, 0x9C, 0x04, 0xA8, 0x04, 0x96, 0x04, 0x90, 0x04, 0x8A, 0x04, 0x96,
    0x04, 0x8A, 0x04, 0x96, 0x04, 0x84, 0x04, 0x7E, 0x04, 0x84, 0x04, 0x84, 0x05, 0x32, 0x04, 0x78,
    0x05, 0x2C, 0x05, 0x2C, 0x05, 0x2C, 0x04, 0x72, 0x04, 0x6C, 0x05, 0x2C, 0x05, 0x32, 0x04, 0x66,
    0x04, 0x60, 0x05, 0xAA, 0x04, 0x5A, 0x04, 0x54, 0x04, 0x4E, 0x04, 0x4E, 0x04, 0x48, 0x04, 0x42,
    0x04, 0x3C, 0x04, 0x36, 0x04, 0x30, 0x04, 0x30, 0x04, 0x2A, 0x04, 0x24, 0x04, 0xA8, 0x04, 0xA2,
    0x04, 0x9C, 0x04, 0x9C, 0x04, 0xF0, 0x04, 0xDE, 0x05, 0x86, 0x04, 0x1E, 0x04, 0x18, 0x05, 0x44,
    0x04, 0xAE, 0x05, 0x3E, 0x04, 0x12, 0x04, 0x0C, 0x04, 0x06, 0x04, 0x00, 0x04, 0x00, 0x04, 0x00,
    0x03, 0xFA, 0x04, 0x00, 0x04, 0x0C, 0x03, 0xF4, 0x03, 0xEE, 0x03, 0xE8, 0x03, 0xE2, 0x03, 0xDC,
    0x03, 0xD6, 0x03, 0xE2, 0x03, 0xD6, 0x03, 0xD6, 0x03, 0xD0, 0x03, 0xD0, 0x03, 0xCA, 0x03, 0xC4,
    0x03, 0xBE, 0x03, 0xBE, 0x03, 0xBE, 0x03, 0xBE, 0x03, 0xB8, 0x03, 0xBE, 0x03, 0xCA, 0x03, 0xB2,
    0x03, 0xAC, 0x03, 0xA6, 0x03, 0xA0, 0x03, 0xA0, 0x03, 0xA0, 0x03, 0x9A, 0x03, 0xA0, 0x03, 0xA0,
    0x03, 0x94, 0x03, 0x8E, 0x03, 0x88, 0x03, 0x82, 0x03, 0x7C, 0x03, 0x7C, 0x03, 0x7C, 0x03, 0x7C,
    0x03, 0x76, 0x03, 0x7C, 0x03, 0x7C, 0x03, 0x7C, 0x03, 0x70, 0x03, 0x6A, 0x03, 0x64, 0x03, 0x5E,
    0x03, 0x5E, 0x03, 0x58, 0x03, 0x52, 0x03, 0x58, 0x03, 0x58, 0x03, 0x4C, 0x03, 0xCA, 0x03, 0xC4,
    0x03, 0xBE, 0x03, 0xCA, 0x03, 0xB2, 0x03, 0x46, 0x03, 0x40, 0x03, 0x3A, 0x03, 0x3A, 0x03, 0x3A,
    0x03, 0x34, 0x03, 0x2E, 0x03, 0x3A, 0x03, 0x28, 0x03, 0xE8, 0x03, 0xD0, 0x06, 0xBE, 0x03, 0x22,
    0x03, 0x1C, 0x06, 0xBE, 0x03, 0x16, 0x03, 0x10, 0x03, 0x0A, 0x03, 0x16, 0x03, 0x0A, 0x03, 0x16,
    0x03, 0x04, 0x03, 0x04, 0x03, 0x04, 0x03, 0x04, 0x03, 0xCA, 0x03, 0xC4, 0x03, 0xBE, 0x03, 0xBE,
    0x03, 0xBE, 0x03, 0xB8, 0x02, 0xFE, 0x03, 0xBE, 0x03, 0xCA, 0x02, 0xF8, 0x03, 0xB2, 0x02, 0xF2,
    0x02, 0xEC, 0x02, 0xE6, 0x02, 0xE0, 0x02, 0xE0, 0x02, 0xDA, 0x02, 0xD4, 0x02, 0xF2, 0x02, 0xCE,
    0x02, 0xC8, 0x02, 0xC8, 0x02, 0xC2, 0x02, 0xBC, 0x02, 0xB6, 0x02, 0xB0, 0x02, 0xAA, 0x02, 0xAA,
    0x03, 0x58, 0x03, 0xCA, 0x02, 0xA4, 0x02, 0x9E, 0x02, 0x98, 0x02, 0x98, 0x02, 0x98, 0x02, 0x92,
    0x02, 0x98, 0x02, 0xA4, 0x02, 0x8C, 0x02, 0x86, 0x03, 0xCA, 0x03, 0xC4, 0x03, 0xBE, 0x03, 0xBE,
    0x03, 0xBE, 0x03, 0xBE, 0x03, 0xB8, 0x03, 0xBE, 0x03, 0xCA, 0x03, 0xB2, 0x02, 0x80, 0x02, 0x7A,
    0x02, 0x7A, 0x02, 0x7A, 0x02, 0x7A, 0x02, 0xF2, 0x02, 0xCE, 0x02, 0xC8, 0x02, 0xC8, 0x02, 0xC2,
    0x02, 0xBC, 0x02, 0x74, 0x03, 0x1C, 0x02, 0x6E, 0x02, 0x68, 0x02, 0x68, 0x02, 0x62, 0x02, 0x5C,
    0x02, 0x5C, 0x02, 0x56, 0x02, 0x50, 0x02, 0x4A, 0x02, 0x44, 0x00, 0x01, 0x00, 0xA7, 0x02, 0xEE,
    0x00, 0x01, 0x00, 0xCA, 0x02, 0xF7, 0x00, 0x01, 0x00, 0x72, 0x02, 0xFE, 0x00, 0x01, 0x00, 0xC8,
    0x02, 0xEE, 0x00, 0x01, 0x00, 0xC0, 0x02, 0xEE, 0x00, 0x01, 0x00, 0xC4, 0x03, 0x02, 0x00, 0x01,
    0x00, 0x82, 0x02, 0xEE, 0x00, 0x01, 0x00, 0x50, 0x02, 0xEE, 0x00, 0x01, 0x01, 0x41, 0x02, 0xBC,
    0x00, 0x01, 0x00, 0xB8, 0x02, 0xBC, 0x00, 0x01, 0x00, 0xB3, 0x02, 0xEE, 0x00, 0x01, 0x01, 0x1E,
    0x02, 0xF7, 0x00, 0x01, 0x01, 0x1E, 0x02, 0xFE, 0x00, 0x01, 0x00, 0xE7, 0x02, 0xEE, 0x00, 0x01,
    0x01, 0x1E, 0x02, 0xEE, 0x00, 0x01, 0x01, 0x5B, 0x02, 0xEE, 0x00, 0x01, 0x01, 0x1E, 0x02, 0x30,
    0x00, 0x01, 0x00, 0xF7, 0x02, 0xEE, 0x00, 0x01, 0x01, 0x34, 0x02, 0xEE, 0x00, 0x01, 0x00, 0xF7,
    0x02, 0x30, 0x00, 0x01, 0x01, 0x1D, 0x02, 0xF7, 0x00, 0x01, 0x00, 0xE6, 0x02, 0xEE, 0x00, 0x01,
    0x01, 0x1D, 0x02, 0xEE, 0x00, 0x01, 0x01, 0x5A, 0x02, 0xEE, 0x00, 0x01, 0x01, 0x1C, 0x02, 0x30,
    0x00, 0x01, 0x01, 0x5F, 0x02, 0xEE, 0x00, 0x01, 0x01, 0x96, 0x02, 0xEE, 0x00, 0x01, 0x01, 0xD3,
    0x02, 0xEE, 0x00, 0x01, 0x01, 0x96, 0x02, 0x30, 0x00, 0x01, 0x01, 0x1D, 0x02, 0x30, 0x00, 0x01,
    0x01, 0x2A, 0x02, 0xFE, 0x00, 0x01, 0x01, 0x48, 0x03, 0x02, 0x00, 0x01, 0x00, 0xAE, 0x02, 0xBC,
    0x00, 0x01, 0x01, 0x08, 0x02, 0xEE, 0x00, 0x01, 0x01, 0x45, 0x02, 0xEE, 0x00, 0x01, 0x01, 0x08,
    0x02, 0x30, 0x00, 0x01, 0x00, 0xC1, 0x02, 0xEE, 0x00, 0x01, 0x00, 0xFE, 0x02, 0xEE, 0x00, 0x01,
    0x01, 0x37, 0x02, 0xF7, 0x00, 0x01, 0x01, 0x55, 0x03, 0x02, 0x00, 0x01, 0x01, 0x00, 0x02, 0xEE,
    0x00, 0x01, 0x01, 0x37, 0x02, 0xEE, 0x00, 0x01, 0x01, 0x74, 0x02, 0xEE, 0x00, 0x01, 0x01, 0x37,
    0x02, 0x30, 0x00, 0x01, 0x01, 0xC2, 0x02, 0x30, 0x00, 0x01, 0x00, 0xA6, 0x03, 0xAC, 0x00, 0x01,
    0x00, 0x69, 0x02, 0xEE, 0x00, 0x01, 0x01, 0x12, 0x02, 0xEE, 0x00, 0x01, 0x00, 0x79, 0x02, 0xEE,
    0x00, 0x01, 0x00, 0xB6, 0x02, 0xEE, 0x00, 0x01, 0x00, 0x79, 0x02, 0x30, 0x00, 0x01, 0x00, 0x41,
    0x02, 0xEE, 0x00, 0x01, 0x00, 0x78, 0x02, 0xEE, 0x00, 0x01, 0x00, 0xB5, 0x02, 0xEE, 0x00, 0x01,
    0x00, 0x78, 0x02, 0x30, 0x00, 0x01, 0x01, 0x28, 0x03, 0x98, 0x00, 0x01, 0x01, 0x28, 0x02, 0xDA,
    0x00, 0x01, 0x01, 0x35, 0x03, 0x76, 0x00, 0x01, 0x01, 0x35, 0x02, 0xEE, 0x00, 0x01, 0x01, 0x35,
    0x02, 0x30, 0x00, 0x01, 0x00, 0xB4, 0x02, 0xEE, 0x00, 0x01, 0x01, 0x2A, 0x02, 0xF7, 0x00, 0x01,
    0x00, 0xF3, 0x02, 0xEE, 0x00, 0x01, 0x01, 0x2A, 0x02, 0xEE, 0x00, 0x01, 0x01, 0x67, 0x02, 0xEE,
    0x00, 0x01, 0x01, 0x2A, 0x02, 0x30, 0x00, 0x01, 0x01, 0x39, 0x02, 0x30, 0x00, 0x01, 0x01, 0x2C,
    0x02, 0xEE, 0x00, 0x01, 0x01, 0x69, 0x02, 0xEE, 0x00, 0x01, 0x01, 0x2C, 0x02, 0x30, 0x00, 0x01,
    0x01, 0x3C, 0x02, 0x30, 0x00, 0x01, 0x01, 0x23, 0x02, 0xF7, 0x00, 0x01, 0x01, 0x23, 0x02, 0xFE,
    0x00, 0x01, 0x00, 0xEC, 0x02, 0xEE, 0x00, 0x01, 0x01, 0x23, 0x02, 0xEE, 0x00, 0x01, 0x01, 0x60,
    0x02, 0xEE, 0x00, 0x01, 0x01, 0x23, 0x02, 0x30, 0x00, 0x01, 0x01, 0x3D, 0x02, 0xBC, 0x00, 0x01,
    0x01, 0x25, 0x02, 0xBC, 0x00, 0x01, 0x01, 0x5D, 0x02, 0xBC, 0x00, 0x01, 0x01, 0x3A, 0x03, 0x83,
    0x00, 0x01, 0x01, 0x03, 0x03, 0x7A, 0x00, 0x01, 0x01, 0x3A, 0x03, 0x7A, 0x00, 0x01, 0x01, 0x77,
    0x03, 0x7A, 0x00, 0x01, 0x01, 0x3A, 0x02, 0xBC, 0x00, 0x01, 0x01, 0x4F, 0x02, 0xBC, 0x00, 0x01,
    0x01, 0xCA, 0x03, 0x7A, 0x00, 0x01, 0x02, 0x01, 0x03, 0x7A, 0x00, 0x01, 0x02, 0x3E, 0x03, 0x7A,
    0x00, 0x01, 0x02, 0x01, 0x02, 0xBC, 0x00, 0x01, 0x01, 0x51, 0x03, 0x83, 0x00, 0x01, 0x01, 0x4E,
    0x03, 0x81, 0x00, 0x01, 0x01, 0x6F, 0x03, 0x8E, 0x00, 0x01, 0x01, 0x1A, 0x03, 0x7A, 0x00, 0x01,
    0x01, 0x8E, 0x03, 0x7A, 0x00, 0x01, 0x01, 0x37, 0x03, 0x7A, 0x00, 0x01, 0x01, 0x37, 0x02, 0xBC,
    0x00, 0x01, 0x01, 0x3E, 0x03, 0x7A, 0x00, 0x01, 0x01, 0x7B, 0x03, 0x7A, 0x00, 0x01, 0x01, 0x3E,
    0x02, 0xBC, 0x00, 0x01, 0x01, 0x2F, 0x03, 0x7A, 0x00, 0x01, 0x01, 0x6C, 0x03, 0x7A, 0x00, 0x01,
    0x01, 0x2F, 0x02, 0xBC, 0x00, 0x01, 0x01, 0x40, 0x02, 0xBC, 0x00, 0x01, 0x01, 0x76, 0x03, 0x83,
    0x00, 0x01, 0x01, 0x94, 0x03, 0x8E, 0x00, 0x01, 0x01, 0x3F, 0x03, 0x7A, 0x00, 0x01, 0x01, 0xB3,
    0x03, 0x7A, 0x00, 0x01, 0x01, 0x5C, 0x03, 0x83, 0x00, 0x01, 0x01, 0x5C, 0x03, 0x7A, 0x00, 0x01,
    0x01, 0x99, 0x03, 0x7A, 0x00, 0x01, 0x01, 0x5C, 0x02, 0xBC, 0x00, 0x01, 0x01, 0xA6, 0x02, 0xBC,
    0x00, 0x01, 0x00, 0xB3, 0x03, 0x7A, 0x00, 0x01, 0x00, 0x76, 0x02, 0xBC, 0x00, 0x01, 0x01, 0x43,
    0x02, 0xBC, 0x00, 0x01, 0x00, 0xE0, 0x03, 0x7A, 0x00, 0x01, 0x01, 0x1D, 0x03, 0x7A, 0x00, 0x01,
    0x00, 0xE0, 0x02, 0xBC, 0x00, 0x01, 0x00, 0x46, 0x03, 0x7A, 0x00, 0x01, 0x00, 0x7D, 0x03, 0x7A,
    0x00, 0x01, 0x00, 0xBA, 0x03, 0x7A, 0x00, 0x01, 0x01, 0xD9, 0x02, 0xBC, 0x00, 0x01, 0x00, 0x7D,
    0x02, 0xBC, 0x00, 0x01, 0x01, 0x51, 0x03, 0x7A, 0x00, 0x01, 0x01, 0x51, 0x02, 0xBC, 0x00, 0x01,
    0x01, 0x76, 0x03, 0x7A, 0x00, 0x01, 0x01, 0x76, 0x02, 0xBC, 0x00, 0x01, 0x01, 0x1E, 0x02, 0xBC,
    0x00, 0x01, 0x01, 0x26, 0x03, 0x83, 0x00, 0x01, 0x00, 0xEF, 0x03, 0x7A, 0x00, 0x01, 0x01, 0x26,
    0x03, 0x7A, 0x00, 0x01, 0x01, 0x63, 0x03, 0x7A, 0x00, 0x01, 0x01, 0x26, 0x02, 0xBC, 0x00, 0x01,
    0x01, 0x49, 0x03, 0x7A, 0x00, 0x01, 0x01, 0x49, 0x02, 0xBC, 0x00, 0x01, 0x01, 0x72, 0x03, 0x7A,
    0x00, 0x01, 0x01, 0xAF, 0x03, 0x7A, 0x00, 0x01, 0x01, 0x72, 0x02, 0xBC, 0x00, 0x01, 0x01, 0x33,
    0x02, 0xBC, 0x00, 0x01, 0x01, 0x4E, 0x03, 0x83, 0x00, 0x01, 0x01, 0x4B, 0x03, 0x81, 0x00, 0x01,
    0x01, 0x17, 0x03, 0x7A, 0x00, 0x01, 0x01, 0x4E, 0x03, 0x7A, 0x00, 0x01, 0x01, 0x8B, 0x03, 0x7A,
    0x00, 0x01, 0x01, 0x4E, 0x02, 0xBC, 0x00, 0x02, 0x00, 0x1A, 0x00, 0x01, 0x00, 0x0A, 0x00, 0x00,
    0x00, 0x0C, 0x00, 0x14, 0x00, 0x0A, 0x00, 0x17, 0x00, 0x20, 0x00, 0x13, 0x00, 0x22, 0x00, 0x2A,
    0x00, 0x1D, 0x00, 0x2C, 0x00, 0x40, 0x00, 0x26, 0x00, 0x42, 0x00, 0x4F, 0x00, 0x3B, 0x00, 0x51,
    0x00, 0x51, 0x00, 0x49, 0x00, 0x53, 0x00, 0x53, 0x00, 0x4A, 0x00, 0x55, 0x00, 0x5F, 0x00, 0x4B,
    0x00, 0x61, 0x00, 0x80, 0x00, 0x56, 0x00, 0x82, 0x00, 0x94, 0x00, 0x76, 0x00, 0x96, 0x00, 0x9E,
    0x00, 0x89, 0x00, 0xA1, 0x00, 0xAA, 0x00, 0x92, 0x00, 0xAC, 0x00, 0xB4, 0x00, 0x9C, 0x00, 0xB6,
    0x00, 0xB6, 0x00, 0xA5, 0x00, 0xB8, 0x00, 0xC1, 0x00, 0xA6, 0x00, 0xC4, 0x00, 0xCC, 0x00, 0xB0,
    0x00, 0xCE, 0x00, 0xDB, 0x00, 0xB9, 0x00, 0xDD, 0x00, 0xDD, 0x00, 0xC7, 0x00, 0xDF, 0x00, 0xDF,
    0x00, 0xC8, 0x00, 0xE1, 0x00, 0xEB, 0x00, 0xC9, 0x00, 0xED, 0x01, 0x0C, 0x00, 0xD4, 0x01, 0x0E,
    0x01, 0x24, 0x00, 0xF4, 0x01, 0x27, 0x01, 0x30, 0x01, 0x0B, 0x01, 0xDF, 0x01, 0xDF, 0x01, 0x15,
    0x01, 0xFB, 0x02, 0x05, 0x01, 0x16, 0x00, 0x0C, 0x00, 0x00, 0x00, 0x6E, 0x00, 0x00, 0x00, 0x68,
    0x00, 0x00, 0x00, 0x62, 0x00, 0x00, 0x00, 0x5C, 0x00, 0x00, 0x00, 0x56, 0x00, 0x00, 0x00, 0x50,
    0x00, 0x00, 0x00, 0x50, 0x00, 0x00, 0x00, 0x4A, 0x00, 0x00, 0x00, 0x44, 0x00, 0x00, 0x00, 0x3E,
    0x00, 0x00, 0x00, 0x38, 0x00, 0x00, 0x00, 0x32, 0x00, 0x01, 0x00, 0x6B, 0x02, 0x1A, 0x00, 0x01,
    0x00, 0xA7, 0x02, 0x30, 0x00, 0x01, 0x00, 0xCA, 0x02, 0x30, 0x00, 0x01, 0x00, 0x72, 0x02, 0x30,
    0x00, 0x01, 0x00, 0xC8, 0x02, 0x30, 0x00, 0x01, 0x00, 0xC0, 0x02, 0x30, 0x00, 0x01, 0x00, 0xA6,
    0x02, 0x30, 0x00, 0x01, 0x00, 0x45, 0x02, 0x30, 0x00, 0x01, 0x00, 0xB9, 0x02, 0x30, 0x00, 0x01,
    0x00, 0x50, 0x02, 0x30, 0x00, 0x01, 0x00, 0xC1, 0x02, 0x30, 0x00, 0x02, 0x00, 0x02, 0x01, 0xE6,
    0x01, 0xEA, 0x00, 0x00, 0x01, 0xEC, 0x01, 0xF2, 0x00, 0x05, 0x00, 0x04, 0x00, 0x00, 0x00, 0x01,
    0x00, 0x08, 0x00, 0x01, 0x01, 0xAE, 0x01, 0x4A, 0x00, 0x01, 0x01, 0xA2, 0x00, 0x0C, 0x00, 0x7A,
    0x01, 0x38, 0x01, 0x38, 0x01, 0x38, 0x01, 0x38, 0x01, 0x38, 0x01, 0x38, 0x01, 0x38, 0x01, 0x38,
    0x01, 0x38, 0x01, 0x38, 0x01, 0x32, 0x01, 0x32, 0x01, 0x32, 0x01, 0x32, 0x01, 0x32, 0x01, 0x32,
    0x01, 0x32, 0x01, 0x32, 0x01, 0x32, 0x01, 0x32, 0x01, 0x2C, 0x01, 0x2C, 0x01, 0x2C, 0x01, 0x2C,
    0x01, 0x2C, 0x01, 0x2C, 0x01, 0x2C, 0x01, 0x2C, 0x01, 0x2C, 0x01, 0x2C, 0x01, 0x2C, 0x01, 0x26,
    0x01, 0x26, 0x01, 0x26, 0x01, 0x26, 0x01, 0x26, 0x01, 0x26, 0x01, 0x26, 0x01, 0x26, 0x01, 0x26,
    0x01, 0x20, 0x01, 0x20, 0x01, 0x20, 0x01, 0x20, 0x01, 0x20, 0x01, 0x20, 0x01, 0x20, 0x01, 0x20,
    0x01, 0x20, 0x01, 0x20, 0x01, 0x20, 0x01, 0x1A, 0x01, 0x14, 0x01, 0x14, 0x01, 0x14, 0x01, 0x14,
    0x01, 0x14, 0x01, 0x14, 0x01, 0x14, 0x01, 0x14, 0x01, 0x14, 0x01, 0x14, 0x01, 0x0E, 0x01, 0x0E,
    0x01, 0x0E, 0x01, 0x0E, 0x01, 0x0E, 0x01, 0x0E, 0x01, 0x0E, 0x01, 0x0E, 0x01, 0x0E, 0x01, 0x0E,
    0x01, 0x08, 0x01, 0x08, 0x01, 0x08, 0x01, 0x08, 0x01, 0x08, 0x01, 0x08, 0x01, 0x08, 0x01, 0x08,
    0x01, 0x08, 0x01, 0x08, 0x01, 0x02, 0x01, 0x02, 0x01, 0x02, 0x01, 0x02, 0x01, 0x02, 0x01, 0x02,
    0x01, 0x02, 0x01, 0x02, 0x01, 0x02, 0x00, 0xFC, 0x00, 0xFC, 0x00, 0xFC, 0x00, 0xFC, 0x00, 0xFC,
    0x00, 0xFC, 0x00, 0xFC, 0x00, 0xFC, 0x00, 0xFC, 0x00, 0xFC, 0x00, 0xFC, 0x01, 0x14, 0x01, 0x14,
    0x01, 0x14, 0x01, 0x14, 0x01, 0x14, 0x01, 0x14, 0x01, 0x14, 0x01, 0x14, 0x01, 0x14, 0x01, 0x14,
    0x00, 0xF6, 0x00, 0xF6, 0x00, 0xF6, 0x00, 0xF6, 0x00, 0xF6, 0x00, 0xF6, 0x00, 0xF6, 0x00, 0xF6,
    0x00, 0xF6, 0x00, 0xF6, 0x00, 0x01, 0x01, 0x9B, 0x00, 0x00, 0x00, 0x01, 0x02, 0x26, 0x00, 0x00,
    0x00, 0x01, 0x02, 0x30, 0x00, 0x0A, 0x00, 0x01, 0x00, 0xBF, 0x00, 0x00, 0x00, 0x01, 0x01, 0x9A,
    0x00, 0x00, 0x00, 0x01, 0x02, 0x14, 0x00, 0x00, 0x00, 0x01, 0x02, 0x07, 0x00, 0x0A, 0x00, 0x01,
    0x01, 0xE1, 0x00, 0x0A, 0x00, 0x01, 0x02, 0xA0, 0x00, 0x0A, 0x00, 0x01, 0x00, 0xC5, 0x00, 0x00,
    0x00, 0x01, 0x02, 0x1F, 0x00, 0x00, 0x00, 0x01, 0x02, 0x87, 0x00, 0x00, 0x00, 0x02, 0x00, 0x0E,
    0x00, 0x01, 0x00, 0x0A, 0x00, 0x00, 0x00, 0x17, 0x00, 0x20, 0x00, 0x0A, 0x00, 0x2D, 0x00, 0x37,
    0x00, 0x14, 0x00, 0x48, 0x00, 0x4F, 0x00, 0x1F, 0x00, 0x51, 0x00, 0x51, 0x00, 0x27, 0x00, 0x65,
    0x00, 0x6F, 0x00, 0x28, 0x00, 0x86, 0x00, 0x86, 0x00, 0x33, 0x00, 0x8B, 0x00, 0x94, 0x00, 0x34,
    0x00, 0xA1, 0x00, 0xAA, 0x00, 0x3E, 0x00, 0xB8, 0x00, 0xC1, 0x00, 0x48, 0x00, 0xD4, 0x00, 0xDB,
    0x00, 0x52, 0x00, 0xDD, 0x00, 0xDD, 0x00, 0x5A, 0x00, 0xF1, 0x00, 0xFB, 0x00, 0x5B, 0x01, 0x10,
    0x01, 0x23, 0x00, 0x66, 0x00, 0x01, 0x00, 0x00, 0x00, 0x06, 0x00, 0x01, 0x00, 0xCB, 0x00, 0x00,
    0x00, 0x01, 0x00, 0x01, 0x01, 0xF5, 0x00, 0x04, 0x00, 0x00, 0x00, 0x01, 0x00, 0x08, 0x00, 0x01,
    0x04, 0x78, 0x03, 0xC8, 0x00, 0x01, 0x04, 0x62, 0x00, 0x0C, 0x01, 0x1A, 0x03, 0xB6, 0x03, 0xB6,
    0x03, 0xB6, 0x03, 0xB6, 0x03, 0xB6, 0x03, 0xB6, 0x03, 0xB6, 0x03, 0xB6, 0x03, 0xB6, 0x03, 0xB6,
    0x03, 0xB0, 0x03, 0xAA, 0x03, 0xAA, 0x03, 0xAA, 0x03, 0xA4, 0x03, 0xAA, 0x03, 0xAA, 0x03, 0x9E,
    0x03, 0x9E, 0x03, 0x98, 0x03, 0x98, 0x03, 0x98, 0x03, 0x98, 0x03, 0x98, 0x03, 0x98, 0x03, 0x98,
    0x03, 0x98, 0x03, 0x98, 0x03, 0x98, 0x03, 0x92, 0x03, 0x8C, 0x03, 0x8C, 0x03, 0x8C, 0x03, 0x8C,
    0x03, 0x86, 0x03, 0x8C, 0x03, 0x8C, 0x03, 0x80, 0x03, 0x80, 0x03, 0x7A, 0x03, 0x74, 0x03, 0x7A,
    0x03, 0x7A, 0x03, 0x7A, 0x03, 0x7A, 0x03, 0x7A, 0x03, 0x7A, 0x03, 0x7A, 0x03, 0x7A, 0x03, 0x7A,
    0x03, 0x6E, 0x03, 0x6E, 0x03, 0x6E, 0x03, 0x68, 0x03, 0x62, 0x03, 0x5C, 0x03, 0x5C, 0x03, 0x5C,
    0x03, 0x56, 0x03, 0x50, 0x03, 0x4A, 0x03, 0x4A, 0x03, 0x4A, 0x03, 0x44, 0x03, 0x4A, 0x03, 0x8C,
    0x03, 0x8C, 0x03, 0x8C, 0x03, 0x8C, 0x03, 0x8C, 0x03, 0x8C, 0x03, 0x8C, 0x03, 0x8C, 0x03, 0x8C,
    0x03, 0x3E, 0x03, 0x8C, 0x03, 0x38, 0x03, 0x38, 0x03, 0x38, 0x03, 0x32, 0x03, 0x2C, 0x03, 0x2C,
    0x03, 0x2C, 0x03, 0x26, 0x03, 0x2C, 0x03, 0x20, 0x03, 0x1A, 0x03, 0x1A, 0x03, 0x14, 0x03, 0x0E,
    0x03, 0x80, 0x03, 0x80, 0x03, 0x80, 0x03, 0x80, 0x03, 0x80, 0x03, 0x80, 0x03, 0x80, 0x03, 0x80,
    0x03, 0x80, 0x03, 0x80, 0x03, 0x80, 0x03, 0xB6, 0x03, 0x08, 0x03, 0x08, 0x03, 0x08, 0x03, 0x08,
    0x03, 0x08, 0x03, 0x02, 0x02, 0xFC, 0x02, 0xFC, 0x02, 0xFC, 0x02, 0xFC, 0x02, 0xFC, 0x02, 0xFC,
    0x02, 0xF6, 0x02, 0xF6, 0x02, 0xF6, 0x02, 0xF6, 0x03, 0x56, 0x03, 0x44, 0x03, 0xB0, 0x03, 0x9E,
    0x02, 0xF0, 0x03, 0x92, 0x03, 0x3E, 0x03, 0x8C, 0x03, 0x38, 0x03, 0x92, 0x03, 0x92, 0x03, 0x92,
    0x03, 0x92, 0x03, 0x92, 0x03, 0x92, 0x03, 0x92, 0x03, 0x92, 0x03, 0x92, 0x03, 0x92, 0x02, 0xEA,
    0x02, 0xE4, 0x02, 0xE4, 0x02, 0xE4, 0x02, 0xDE, 0x02, 0xE4, 0x02, 0xE4, 0x02, 0xD8, 0x02, 0xD8,
    0x02, 0xD2, 0x02, 0xD2, 0x02, 0xD2, 0x02, 0xD2, 0x02, 0xD2, 0x02, 0xD2, 0x02, 0xD2, 0x02, 0xD2,
    0x02, 0xD2, 0x02, 0xD2, 0x02, 0xCC, 0x02, 0xC6, 0x02, 0xC6, 0x02, 0xC6, 0x02, 0xC6, 0x02, 0xC6,
    0x02, 0xC6, 0x02, 0xC6, 0x02, 0xC0, 0x02, 0xC0, 0x03, 0x7A, 0x02, 0xBA, 0x02, 0xBA, 0x02, 0xBA,
    0x02, 0xBA, 0x02, 0xBA, 0x02, 0xBA, 0x02, 0xBA, 0x02, 0xBA, 0x02, 0xBA, 0x02, 0xBA, 0x03, 0x7A,
    0x02, 0xB4, 0x02, 0xB4, 0x02, 0xB4, 0x02, 0xAE, 0x02, 0xA8, 0x02, 0xBA, 0x02, 0xBA, 0x02, 0xBA,
    0x02, 0xA2, 0x02, 0x9C, 0x02, 0xD2, 0x02, 0xD2, 0x02, 0xD2, 0x02, 0x96, 0x02, 0xD2, 0x03, 0x1A,
    0x03, 0x1A, 0x03, 0x1A, 0x03, 0x1A, 0x03, 0x1A, 0x03, 0x1A, 0x03, 0x1A, 0x03, 0x1A, 0x03, 0x1A,
    0x02, 0xEA, 0x02, 0xD8, 0x02, 0xBA, 0x02, 0xBA, 0x02, 0xBA, 0x02, 0xA2, 0x03, 0x98, 0x03, 0x98,
    0x03, 0x98, 0x02, 0x90, 0x03, 0x98, 0x02, 0x8A, 0x02, 0x84, 0x02, 0x84, 0x02, 0x7E, 0x02, 0x78,
    0x02, 0xD2, 0x02, 0xD2, 0x02, 0xD2, 0x02, 0xD2, 0x02, 0xD2, 0x02, 0xD2, 0x02, 0xD2, 0x02, 0xD2,
    0x02, 0xD2, 0x02, 0xD2, 0x02, 0xD2, 0x02, 0x72, 0x02, 0x6C, 0x02, 0x6C, 0x02, 0x6C, 0x02, 0x6C,
    0x02, 0x6C, 0x02, 0x66, 0x02, 0x72, 0x02, 0x72, 0x02, 0x72, 0x02, 0x72, 0x02, 0x72, 0x02, 0x72,
    0x02, 0x60, 0x02, 0x60, 0x02, 0x60, 0x02, 0x60, 0x02, 0xA2, 0x02, 0x96, 0x03, 0x92, 0x03, 0x92,
    0x03, 0x92, 0x03, 0x92, 0x03, 0x92, 0x03, 0x92, 0x03, 0x92, 0x03, 0x92, 0x03, 0x92, 0x03, 0x92,
    0x02, 0xD2, 0x02, 0xD2, 0x02, 0xD2, 0x02, 0xD2, 0x02, 0xD2, 0x02, 0xD2, 0x02, 0xD2, 0x02, 0xD2,
    0x02, 0xD2, 0x02, 0xD2, 0x02, 0x5A, 0x02, 0x54, 0x02, 0x4E, 0x02, 0x4E, 0x02, 0x48, 0x02, 0x42,
    0x02, 0x72, 0x02, 0x72, 0x02, 0x72, 0x02, 0x72, 0x02, 0x72, 0x02, 0x72, 0x02, 0x3C, 0x02, 0x36,
    0x00, 0x01, 0x00, 0xA9, 0xFF, 0x24, 0x00, 0x01, 0x01, 0x41, 0x00, 0x00, 0x00, 0x01, 0x00, 0xB8,
    0xFE, 0xEF, 0x00, 0x01, 0x00, 0xF3, 0xFF, 0x24, 0x00, 0x01, 0x00, 0xB8, 0x00, 0x00, 0x00, 0x01,
    0x00, 0x8E, 0x00, 0x00, 0x00, 0x01, 0x00, 0xB3, 0x00, 0x00, 0x00, 0x01, 0x00, 0xF7, 0x00, 0x00,
    0x00, 0x01, 0x01, 0x1C, 0x00, 0x00, 0x00, 0x01, 0x01, 0x96, 0x00, 0x00, 0x00, 0x01, 0x01, 0x1D,
    0x00, 0x00, 0x00, 0x01, 0x00, 0xC9, 0xFE, 0xEF, 0x00, 0x01, 0x01, 0x04, 0xFF, 0x24, 0x00, 0x01,
    0x00, 0xC9, 0x00, 0x00, 0x00, 0x01, 0x01, 0x08, 0xFE, 0xEF, 0x00, 0x01, 0x01, 0x43, 0xFF, 0x24,
    0x00, 0x01, 0x01, 0x2A, 0xFE, 0xEF, 0x00, 0x01, 0x01, 0xC2, 0x00, 0x00, 0x00, 0x01, 0x00, 0x78,
    0xFE, 0xEF, 0x00, 0x01, 0x01, 0x12, 0xFE, 0xEF, 0x00, 0x01, 0x01, 0x12, 0x00, 0x00, 0x00, 0x01,
    0x00, 0x77, 0xFF, 0x38, 0x00, 0x01, 0x00, 0x78, 0x00, 0x00, 0x00, 0x01, 0x01, 0x28, 0x00, 0x00,
    0x00, 0x01, 0x01, 0x35, 0xFF, 0x38, 0x00, 0x01, 0x00, 0xB4, 0x00, 0x00, 0x00, 0x01, 0x01, 0x2A,
    0x00, 0x00, 0x00, 0x01, 0x01, 0x39, 0x00, 0x00, 0x00, 0x01, 0x01, 0x67, 0xFF, 0x24, 0x00, 0x01,
    0x01, 0x2C, 0x00, 0x00, 0x00, 0x01, 0x01, 0x3C, 0x00, 0x00, 0x00, 0x01, 0x01, 0x25, 0x00, 0x00,
    0x00, 0x01, 0x01, 0x2F, 0x00, 0x00, 0x00, 0x01, 0x01, 0x3A, 0x00, 0x00, 0x00, 0x01, 0x01, 0x4F,
    0x00, 0x00, 0x00, 0x01, 0x02, 0x01, 0x00, 0x00, 0x00, 0x01, 0x01, 0x37, 0xFE, 0xEF, 0x00, 0x01,
    0x01, 0x5B, 0xFF, 0x24, 0x00, 0x01, 0x01, 0x37, 0x00, 0x00, 0x00, 0x01, 0x01, 0x3E, 0xFE, 0xEF,
    0x00, 0x01, 0x01, 0x79, 0xFF, 0x24, 0x00, 0x01, 0x01, 0x3E, 0x00, 0x00, 0x00, 0x01, 0x01, 0x3D,
    0xFE, 0xEF, 0x00, 0x01, 0x01, 0x3D, 0x00, 0x00, 0x00, 0x01, 0x01, 0x40, 0x00, 0x00, 0x00, 0x01,
    0x01, 0x5C, 0xFE, 0xEF, 0x00, 0x01, 0x01, 0x5C, 0x00, 0x00, 0x00, 0x01, 0x01, 0xA6, 0x00, 0x00,
    0x00, 0x01, 0x01, 0x01, 0xFE, 0xEF, 0x00, 0x01, 0x01, 0x01, 0x00, 0x00, 0x00, 0x01, 0x01, 0x43,
    0xFE, 0xEF, 0x00, 0x01, 0x01, 0x43, 0x00, 0x00, 0x00, 0x01, 0x00, 0xAF, 0x00, 0x00, 0x00, 0x01,
    0x01, 0xA8, 0x00, 0x00, 0x00, 0x01, 0x00, 0x7D, 0x00, 0x00, 0x00, 0x01, 0x01, 0x51, 0x00, 0x00,
    0x00, 0x01, 0x01, 0x76, 0xFE, 0xEF, 0x00, 0x01, 0x01, 0x76, 0x00, 0x00, 0x00, 0x01, 0x01, 0x1E,
    0x00, 0x00, 0x00, 0x01, 0x01, 0x08, 0x00, 0x00, 0x00, 0x01, 0x01, 0x5D, 0x00, 0x00, 0x00, 0x01,
    0x01, 0xAA, 0xFF, 0x24, 0x00, 0x01, 0x01, 0x6F, 0x00, 0x00, 0x00, 0x01, 0x01, 0x33, 0x00, 0x00,
    0x00, 0x01, 0x01, 0x4E, 0x00, 0x00, 0x00, 0x02, 0x00, 0x19, 0x00, 0x01, 0x00, 0x0A, 0x00, 0x00,
    0x00, 0x0C, 0x00, 0x14, 0x00, 0x0A, 0x00, 0x17, 0x00, 0x20, 0x00, 0x13, 0x00, 0x22, 0x00, 0x2A,
    0x00, 0x1D, 0x00, 0x2C, 0x00, 0x40, 0x00, 0x26, 0x00, 0x42, 0x00, 0x4F, 0x00, 0x3B, 0x00, 0x51,
    0x00, 0x51, 0x00, 0x49, 0x00, 0x53, 0x00, 0x53, 0x00, 0x4A, 0x00, 0x55, 0x00, 0x5F, 0x00, 0x4B,
    0x00, 0x61, 0x00, 0x80, 0x00, 0x56, 0x00, 0x82, 0x00, 0x94, 0x00, 0x76, 0x00, 0x96, 0x00, 0x9E,
    0x00, 0x89, 0x00, 0xA1, 0x00, 0xAA, 0x00, 0x92, 0x00, 0xAC, 0x00, 0xB4, 0x00, 0x9C, 0x00, 0xB6,
    0x00, 0xC2, 0x00, 0xA5, 0x00, 0xC4, 0x00, 0xCC, 0x00, 0xB2, 0x00, 0xCE, 0x00, 0xDB, 0x00, 0xBB,
    0x00, 0xDD, 0x00, 0xDD, 0x00, 0xC9, 0x00, 0xDF, 0x00, 0xDF, 0x00, 0xCA, 0x00, 0xE1, 0x00, 0xEB,
    0x00, 0xCB, 0x00, 0xED, 0x01, 0x0C, 0x00, 0xD6, 0x01, 0x0E, 0x01, 0x25, 0x00, 0xF6, 0x01, 0x27,
    0x01, 0x30, 0x01, 0x0E, 0x01, 0xDF, 0x01, 0xDF, 0x01, 0x18, 0x02, 0x06, 0x02, 0x06, 0x01, 0x19,
    0x00, 0x02, 0x00, 0x00, 0x00, 0x10, 0x00, 0x00, 0x00, 0x0A, 0x00, 0x01, 0x00, 0x6E, 0x00, 0x00,
    0x00, 0x01, 0x00, 0x6A, 0x00, 0x00, 0x00, 0x01, 0x00, 0x02, 0x01, 0xF3, 0x01, 0xF4, 0x00, 0x02,
    0x00, 0x08, 0x00, 0x03, 0x20, 0xF4, 0x10, 0xA0, 0x00, 0x0C, 0x00, 0x02, 0x0D, 0xD6, 0x00, 0x04,
    0x00, 0x00, 0x0F, 0x64, 0x0E, 0x28, 0x00, 0x2B, 0x00, 0x29, 0x00, 0x00, 0xFF, 0xFE, 0xFF, 0x96,
    0xFF, 0x9E, 0xFF, 0xD5, 0xFF, 0xF5, 0xFF, 0xFB, 0xFF, 0x96, 0xFF, 0xCA, 0xFF, 0xED, 0xFF, 0x96,
    0xFF, 0x96, 0xFF, 0x96, 0x00, 0x00, 0x00, 0x00, 0x00, 0x00, 0xFF, 0x96, 0x00, 0x00, 0x00, 0x00,
    0xFF, 0xAD, 0xFF, 0xF4, 0x00, 0x00, 0x00, 0x00, 0xFF, 0xC0, 0x00, 0x00, 0x00, 0x00, 0x00, 0x00,
    0x00, 0x06, 0xFF, 0xF6, 0xFF, 0xED, 0xFF, 0xDE, 0xFF, 0xEA, 0xFF, 0xA8, 0x00, 0x00, 0xFF, 0x96,
    0xFF, 0x96, 0xFF, 0xA2, 0xFF, 0xFE, 0x00, 0x00, 0xFF, 0xF5, 0x00, 0x00, 0x00, 0x00, 0xFF, 0xF5,
    0xFF, 0xE4, 0xFF, 0xF6, 0x00, 0x00, 0x00, 0x00, 0x00, 0x00, 0xFF, 0xE1, 0xFF, 0xEF, 0xFF, 0xEE,
    0x00, 0x00, 0xFF, 0xEF, 0xFF, 0xEF, 0x00, 0x00, 0x00, 0x00, 0x00, 0x00, 0xFF, 0xE9, 0x00, 0x00,
    0x00, 0x00, 0xFF, 0xF6, 0xFF, 0xEC, 0x00, 0x00, 0x00, 0x00, 0x00, 0x00, 0x00, 0x00, 0x00, 0x00,
    0x00, 0x00, 0x00, 0x08, 0x00, 0x08, 0x00, 0x08, 0xFF, 0xFB, 0xFF, 0xF2, 0xFF, 0xF5, 0xFF, 0xF7,
    0xFF, 0xF3, 0xFF, 0xF3, 0xFF, 0xFD, 0xFF, 0xFC, 0x00, 0x00, 0xFF, 0xF8, 0x00, 0x00, 0x00, 0x00,
    0xFF, 0xF9, 0xFF, 0xDC, 0x00, 0x00, 0x00, 0x00, 0xFF, 0xFC, 0xFF, 0xF7, 0xFF, 0xEB, 0xFF, 0xF9,
    0xFF, 0xEC, 0x00, 0x00, 0xFF, 0xAE, 0xFF, 0xB2, 0x00, 0x00, 0x00, 0x00, 0x00, 0x00, 0x00, 0x00,
    0x00, 0x00, 0x00, 0x00, 0x00, 0x00, 0x00, 0x00, 0x00, 0x00, 0x00, 0x00, 0xFF, 0xFE, 0x00, 0x00,
    0x00, 0x00, 0x00, 0x00, 0x00, 0x00, 0x00, 0x00, 0x00, 0x00, 0xFF, 0xDF, 0xFF, 0xE7, 0xFF, 0xAB,
    0x00, 0x00, 0xFF, 0xAD, 0x00, 0x00, 0x00, 0x00, 0xFF, 0xF6, 0x00, 0x00, 0x00, 0x00, 0x00, 0x00,
    0x00, 0x00, 0x00, 0x00, 0x00, 0x00, 0x00, 0x00, 0x00, 0x00, 0x00, 0x00, 0x00, 0x00, 0xFF, 0xD5,
    0xFF, 0xD0, 0xFF, 0xF3, 0x00, 0x00, 0xFF, 0xE4, 0xFF, 0xE4, 0x00, 0x00, 0x00, 0x00, 0x00, 0x00,
    0xFF, 0xE8, 0x00, 0x00, 0x00, 0x00, 0xFF, 0xC7, 0xFF, 0xEB, 0x00, 0x00, 0x00, 0x00, 0xFF, 0xF8,
    0x00, 0x00, 0x00, 0x00, 0x00, 0x00, 0x00, 0x00, 0x00, 0x00, 0x00, 0x03, 0xFF, 0xF4, 0xFF, 0xEB,
    0x00, 0x00, 0x00, 0x00, 0xFF, 0xEF, 0xFF, 0xEF, 0xFF, 0xD1, 0x00, 0x00, 0x00, 0x00, 0xFF, 0xFD,
    0x00, 0x00, 0x00, 0x00, 0xFF, 0x96, 0xFF, 0xE7, 0xFF, 0xE8, 0xFF, 0xF0, 0xFF, 0xE4, 0xFF, 0xE6,
    0x00, 0x00, 0xFF, 0xEA, 0xFF, 0xCF, 0x00, 0x00, 0xFF, 0xA1, 0xFF, 0xA1, 0x00, 0x00, 0x00, 0x00,
    0x00, 0x00, 0xFF, 0xAB, 0x00, 0x00, 0x00, 0x00, 0xFF, 0x9D, 0xFF, 0x9D, 0x00, 0x00, 0x00, 0x00,
    0xFF, 0xFA, 0x00, 0x00, 0x00, 0x00, 0x00, 0x00, 0xFF, 0x9E, 0xFF, 0xF1, 0xFF, 0xF2, 0xFF, 0xC3,
    0xFF, 0xC1, 0xFF, 0xAD, 0x00, 0x00, 0xFF, 0xAC, 0xFF, 0xA2, 0xFF, 0x98, 0xFF, 0xBC, 0x00, 0x00,
    0xFF, 0xB9, 0x00, 0x00, 0x00, 0x00, 0xFF, 0x96, 0x00, 0x00, 0x00, 0x00, 0x00, 0x00, 0xFF, 0xE1,
    0xFF, 0xD5, 0xFF, 0xE7, 0xFF, 0xF2, 0xFF, 0xBB, 0x00, 0x00, 0xFF, 0x35, 0xFF, 0x96, 0x00, 0x00,
    0x00, 0x00, 0x00, 0x00, 0x00, 0x00, 0x00, 0x00, 0x00, 0x00, 0xFF, 0x9D, 0xFF, 0x9D, 0x00, 0x00,
    0x00, 0x00, 0x00, 0x00, 0x00, 0x00, 0x00, 0x00, 0x00, 0x00, 0xFF, 0x9A, 0xFF, 0xEE, 0xFF, 0xEE,
    0xFF, 0xC0, 0xFF, 0xBF, 0xFF, 0x8D, 0xFF, 0xAD, 0xFF, 0x35, 0xFF, 0x96, 0xFF, 0x86, 0xFF, 0xC3,
    0x00, 0x00, 0xFF, 0xA5, 0x00, 0x00, 0x00, 0x00, 0xFF, 0xED, 0xFF, 0xCF, 0xFF, 0xEA, 0xFF, 0xE7,
    0xFF, 0xEF, 0xFF, 0xF3, 0xFF, 0xBB, 0xFF, 0xC0, 0xFF, 0xED, 0xFF, 0xEF, 0xFF, 0xD0, 0xFF, 0xD0,
    0x00, 0x00, 0x00, 0x00, 0xFF, 0xAE, 0xFF, 0xD6, 0x00, 0x00, 0x00, 0x00, 0xFF, 0x97, 0xFF, 0xAC,
    0x00, 0x00, 0x00, 0x00, 0xFF, 0xEE, 0x00, 0x00, 0x00, 0x00, 0x00, 0x00, 0xFF, 0xF7, 0xFF, 0xF2,
    0xFF, 0xF5, 0xFF, 0xD6, 0xFF, 0xD6, 0xFF, 0xF1, 0xFF, 0xED, 0xFF, 0xE0, 0xFF, 0xE0, 0xFF, 0xBB,
    0xFF, 0xEB, 0x00, 0x00, 0xFF, 0xF9, 0x00, 0x00, 0x00, 0x00, 0xFF, 0xCA, 0xFF, 0xE9, 0xFF, 0xF4,
    0xFF, 0xFE, 0xFF, 0xF0, 0xFF, 0xD0, 0xFF, 0xF2, 0xFF, 0xFD, 0xFF, 0xC0, 0xFF, 0xD6, 0xFF, 0x94,
    0xFF, 0x96, 0x00, 0x00, 0x00, 0x00, 0xFF, 0xF2, 0xFF, 0x93, 0x00, 0x00, 0x00, 0x00, 0xFF, 0x9B,
    0xFF, 0xA3, 0x00, 0x00, 0x00, 0x00, 0x00, 0x00, 0x00, 0x00, 0x00, 0x00, 0x00, 0x00, 0xFF, 0xCB,
    0x00, 0x00, 0xFF, 0xFE, 0xFF, 0xCA, 0xFF, 0xCC, 0xFF, 0xB8, 0xFF, 0xC8, 0xFF, 0xA3, 0xFF, 0xA3,
    0xFF, 0xA0, 0xFF, 0xD4, 0x00, 0x00, 0xFF, 0xC4, 0x00, 0x00, 0x00, 0x00, 0xFF, 0xF6, 0xFF, 0xF0,
    0xFF, 0xF9, 0x00, 0x00, 0x00, 0x07, 0x00, 0x03, 0xFF, 0xEE, 0x00, 0x00, 0xFF, 0xF5, 0x00, 0x00,
    0xFF, 0xD9, 0xFF, 0xD9, 0x00, 0x00, 0x00, 0x00, 0x00, 0x00, 0xFF, 0xE5, 0x00, 0x00, 0x00, 0x00,
    0xFF, 0xDD, 0xFF, 0xDE, 0x00, 0x00, 0x00, 0x00, 0x00, 0x05, 0x00, 0x00, 0x00, 0x00, 0x00, 0x00,
    0x00, 0x00, 0x00, 0x19, 0x00, 0x19, 0xFF, 0xE0, 0xFF, 0xE0, 0xFF, 0xFA, 0x00, 0x00, 0xFF, 0xE4,
    0xFF, 0xE4, 0xFF, 0xDB, 0xFF, 0xF7, 0x00, 0x00, 0x00, 0x00, 0x00, 0x00, 0x00, 0x00, 0xFF, 0xF3,
    0x00, 0x00, 0x00, 0x00, 0x00, 0x00, 0xFF, 0xF9, 0xFF, 0xF3, 0xFF, 0xEA, 0xFF, 0xFB, 0xFF, 0xDD,
    0x00, 0x00, 0xFF, 0x82, 0xFF, 0x96, 0x00, 0x00, 0x00, 0x00, 0x00, 0x00, 0xFF, 0x7F, 0x00, 0x00,
    0x00, 0x00, 0xFF, 0xB1, 0xFF, 0xC9, 0x00, 0x00, 0x00, 0x00, 0xFF, 0xFC, 0x00, 0x00, 0x00, 0x00,
    0x00, 0x00, 0x00, 0x00, 0x00, 0x00, 0x00, 0x00, 0xFF, 0xD8, 0xFF, 0xDF, 0xFF, 0xAF, 0x00, 0x00,
    0xFF, 0x84, 0xFF, 0x96, 0x00, 0x00, 0xFF, 0xED, 0x00, 0x00, 0x00, 0x00, 0x00, 0x00, 0x00, 0x00,
    0xFF, 0x96, 0xFF, 0xA2, 0xFF, 0xDF, 0xFF, 0xD2, 0xFF, 0xF3, 0xFF, 0xED, 0xFF, 0x35, 0xFF, 0x90,
    0xFF, 0xD8, 0xFF, 0xF5, 0xFF, 0xFE, 0xFF, 0xFE, 0x00, 0x00, 0x00, 0x00, 0xFF, 0x61, 0xFF, 0xF3,
    0x00, 0x00, 0x00, 0x00, 0xFF, 0xFB, 0xFF, 0xFE, 0x00, 0x00, 0x00, 0x00, 0xFF, 0xB3, 0x00, 0x00,
    0x00, 0x00, 0x00, 0x00, 0x00, 0x00, 0xFF, 0xDE, 0xFF, 0xED, 0xFF, 0xFE, 0xFF, 0xF6, 0xFF, 0xF5,
    0xFF, 0x78, 0xFF, 0xFD, 0xFF, 0xFD, 0x00, 0x00, 0xFF, 0x9B, 0x00, 0x00, 0xFF, 0xF6, 0x00, 0x00,
    0x00, 0x00, 0xFF, 0x96, 0xFF, 0xA2, 0xFF, 0xDF, 0xFF, 0xD2, 0xFF, 0xF3, 0xFF, 0xED, 0xFF, 0x96,
    0xFF, 0x96, 0xFF, 0xD8, 0xFF, 0xF5, 0xFF, 0xFE, 0xFF, 0xFE, 0x00, 0x00, 0x00, 0x00, 0xFF, 0x96,
    0xFF, 0xF3, 0x00, 0x00, 0x00, 0x00, 0xFF, 0xFB, 0xFF, 0xFE, 0x00, 0x00, 0x00, 0x00, 0xFF, 0xB3,
    0x00, 0x00, 0x00, 0x00, 0x00, 0x00, 0x00, 0x00, 0xFF, 0xDE, 0xFF, 0xED, 0xFF, 0xFE, 0xFF, 0xF6,
    0xFF, 0xF5, 0xFF, 0x96, 0xFF, 0xFD, 0xFF, 0xFD, 0x00, 0x00, 0xFF, 0x9B, 0x00, 0x00, 0xFF, 0xF6,
    0x00, 0x00, 0x00, 0x00, 0x00, 0x00, 0x00, 0x00, 0x00, 0x00, 0x00, 0x00, 0x00, 0x00, 0x00, 0x00,
    0x00, 0x00, 0x00, 0x00, 0x00, 0x00, 0x00, 0x00, 0x00, 0x00, 0x00, 0x00, 0x00, 0x00, 0x00, 0x00,
    0x00, 0x00, 0x00, 0x00, 0x00, 0x00, 0x00, 0x00, 0x00, 0x00, 0x00, 0x00, 0x00, 0x00, 0x00, 0x00,
    0x00, 0x00, 0x00, 0x00, 0x00, 0x00, 0x00, 0x00, 0x00, 0x00, 0x00, 0x00, 0x00, 0x00, 0x00, 0x00,
    0x00, 0x00, 0x00, 0x00, 0x00, 0x00, 0x00, 0x00, 0x00, 0x00, 0x00, 0x00, 0x00, 0x00, 0x00, 0x00,
    0x00, 0x00, 0x00, 0x00, 0x00, 0x00, 0x00, 0x00, 0x00, 0x00, 0x00, 0x00, 0x00, 0x00, 0x00, 0x00,
    0x00, 0x00, 0x00, 0x00, 0x00, 0x00, 0x00, 0x00, 0x00, 0x00, 0x00, 0x00, 0x00, 0x00, 0x00, 0x00,
    0x00, 0x00, 0x00, 0x00, 0x00, 0x00, 0x00, 0x00, 0x00, 0x00, 0x00, 0x00, 0x00, 0x00, 0x00, 0x00,
    0x00, 0x00, 0x00, 0x00, 0x00, 0x00, 0x00, 0x00, 0x00, 0x00, 0x00, 0x00, 0x00, 0x00, 0x00, 0x00,
    0x00, 0x00, 0x00, 0x00, 0x00, 0x00, 0x00, 0x00, 0x00, 0x00, 0x00, 0x00, 0x00, 0x00, 0x00, 0x00,
    0x00, 0x00, 0x00, 0x00, 0x00, 0x00, 0x00, 0x00, 0x00, 0x00, 0x00, 0x00, 0x00, 0x00, 0x00, 0x00,
    0x00, 0x00, 0x00, 0x00, 0x00, 0x00, 0x00, 0x00, 0x00, 0x00, 0x00, 0x00, 0x00, 0x00, 0x00, 0x00,
    0x00, 0x00, 0x00, 0x00, 0x00, 0x00, 0x00, 0x00, 0x00, 0x00, 0x00, 0x00, 0x00, 0x00, 0x00, 0x00,
    0x00, 0x00, 0x00, 0x00, 0x00, 0x00, 0x00, 0x00, 0x00, 0x00, 0x00, 0x00, 0x00, 0x00, 0x00, 0x00,
    0x00, 0x00, 0x00, 0x00, 0x00, 0x00, 0x00, 0x00, 0x00, 0x00, 0x00, 0x00, 0x00, 0x00, 0x00, 0x00,
    0x00, 0x00, 0x00, 0x00, 0x00, 0x00, 0x00, 0x00, 0x00, 0x00, 0xFF, 0x96, 0x00, 0x00, 0x00, 0x00,
    0x00, 0x00, 0xFF, 0xE9, 0xFF, 0xE8, 0xFF, 0x71, 0xFF, 0x93, 0xFF, 0xD7, 0x00, 0x00, 0xFF, 0xEF,
    0xFF, 0xEF, 0x00, 0x00, 0x00, 0x00, 0x00, 0x00, 0xFF, 0xEA, 0x00, 0x00, 0x00, 0x00, 0xFF, 0xF0,
    0xFF, 0xD8, 0x00, 0x00, 0x00, 0x00, 0xFF, 0xC9, 0x00, 0x00, 0x00, 0x00, 0x00, 0x00, 0xFF, 0xF8,
    0xFF, 0xD6, 0xFF, 0xE5, 0xFF, 0xE8, 0xFF, 0xD8, 0xFF, 0xEF, 0x00, 0x00, 0xFF, 0xF4, 0xFF, 0xF4,
    0xFF, 0xF8, 0xFF, 0x95, 0x00, 0x00, 0xFF, 0xF0, 0x00, 0x00, 0x00, 0x00, 0x00, 0x00, 0x00, 0x00,
    0x00, 0x00, 0x00, 0x00, 0x00, 0x00, 0x00, 0x00, 0x00, 0x00, 0xFF, 0xD4, 0xFF, 0xEB, 0x00, 0x00,
    0xFF, 0x9D, 0xFF, 0x9D, 0x00, 0x00, 0x00, 0x00, 0x00, 0x00, 0xFF, 0x95, 0x00, 0x00, 0x00, 0x00,
    0xFF, 0xB2, 0xFF, 0xFC, 0x00, 0x00, 0x00, 0x00, 0x00, 0x00, 0x00, 0x00, 0x00, 0x00, 0x00, 0x00,
    0x00, 0x00, 0x00, 0x00, 0x00, 0x00, 0xFF, 0xE0, 0xFF, 0xED, 0x00, 0x00, 0x00, 0x00, 0xFF, 0xA2,
    0xFF, 0xA4, 0xFF, 0xB3, 0x00, 0x00, 0x00, 0x00, 0xFF, 0xF2, 0x00, 0x00, 0x00, 0x00, 0xFF, 0xE3,
    0xFF, 0xAA, 0x00, 0x00, 0xFF, 0xCF, 0x00, 0x06, 0x00, 0x00, 0x00, 0x00, 0xFF, 0xAD, 0xFF, 0xB3,
    0x00, 0x00, 0xFF, 0xFE, 0xFF, 0xFE, 0x00, 0x00, 0x00, 0x00, 0x00, 0x00, 0xFF, 0xF0, 0x00, 0x00,
    0x00, 0x00, 0x00, 0x00, 0x00, 0x00, 0x00, 0x00, 0x00, 0x00, 0xFF, 0xDC, 0x00, 0x00, 0x00, 0x00,
    0x00, 0x00, 0x00, 0x07, 0xFF, 0xDD, 0x00, 0x00, 0x00, 0x00, 0x00, 0x00, 0xFF, 0xE6, 0x00, 0x00,
    0xFF, 0xFE, 0x00, 0x00, 0x00, 0x00, 0xFF, 0xC7, 0x00, 0x00, 0xFF, 0xE4, 0x00, 0x00, 0x00, 0x00,
    0xFF, 0xF5, 0xFF, 0xA5, 0x00, 0x00, 0xFF, 0xC6, 0x00, 0x06, 0x00, 0x00, 0x00, 0x00, 0xFF, 0xB4,
    0xFF, 0xC5, 0x00, 0x00, 0xFF, 0xFE, 0xFF, 0xFE, 0x00, 0x00, 0x00, 0x00, 0x00, 0x00, 0xFF, 0xD6,
    0x00, 0x00, 0x00, 0x00, 0x00, 0x00, 0x00, 0x00, 0x00, 0x00, 0x00, 0x00, 0xFF, 0xD6, 0x00, 0x00,
    0x00, 0x00, 0x00, 0x00, 0x00, 0x00, 0x00, 0x00, 0xFF, 0xDD, 0x00, 0x00, 0x00, 0x00, 0xFF, 0xCD,
    0x00, 0x00, 0xFF, 0xF1, 0x00, 0x00, 0xFF, 0xFE, 0xFF, 0xF7, 0x00, 0x00, 0xFF, 0xD3, 0x00, 0x00,
    0x00, 0x00, 0xFF, 0xAD, 0xFF, 0x9C, 0xFF, 0xA8, 0xFF, 0xC7, 0xFF, 0xF6, 0xFF, 0xC7, 0xFF, 0x9C,
    0xFF, 0x9B, 0xFF, 0x97, 0xFF, 0xEC, 0xFF, 0xFB, 0xFF, 0xFB, 0x00, 0x00, 0x00, 0x00, 0xFF, 0x8B,
    0xFF, 0xF0, 0x00, 0x00, 0x00, 0x00, 0x00, 0x09, 0x00, 0x00, 0x00, 0x00, 0x00, 0x00, 0xFF, 0xB3,
    0x00, 0x00, 0x00, 0x00, 0x00, 0x00, 0x00, 0x00, 0xFF, 0xDD, 0x00, 0x00, 0x00, 0x00, 0x00, 0x00,
    0xFF, 0xE2, 0xFF, 0xDD, 0xFF, 0xFE, 0xFF, 0xFE, 0x00, 0x00, 0xFF, 0xB2, 0x00, 0x00, 0xFF, 0xE3,
    0x00, 0x00, 0x00, 0x00, 0xFF, 0xF4, 0xFF, 0x9C, 0xFF, 0xA1, 0xFF, 0xB7, 0xFF, 0xEC, 0xFF, 0xEB,
    0xFF, 0x9C, 0xFF, 0xA3, 0xFF, 0xAC, 0xFF, 0xC9, 0xFF, 0xFE, 0xFF, 0xFE, 0x00, 0x00, 0x00, 0x00,
    0xFF, 0x8B, 0xFF, 0xD8, 0x00, 0x00, 0x00, 0x00, 0x00, 0x00, 0x00, 0x0A, 0x00, 0x00, 0x00, 0x00,
    0xFF, 0xB3, 0x00, 0x00, 0x00, 0x00, 0x00, 0x00, 0x00, 0x00, 0x00, 0x00, 0xFF, 0xDE, 0x00, 0x00,
    0x00, 0x00, 0xFF, 0xC2, 0xFF, 0xF7, 0xFF, 0xF4, 0xFF, 0xF4, 0x00, 0x00, 0xFF, 0xFC, 0x00, 0x00,
    0xFF, 0xC7, 0x00, 0x00, 0x00, 0x00, 0xFF, 0x96, 0x00, 0x00, 0x00, 0x00, 0x00, 0x00, 0x00, 0x00,
    0x00, 0x00, 0x00, 0x00, 0xFF, 0xF4, 0xFF, 0xC2, 0x00, 0x00, 0xFF, 0x7E, 0xFF, 0x96, 0x00, 0x00,
    0x00, 0x00, 0x00, 0x00, 0xFF, 0x9E, 0x00, 0x00, 0x00, 0x00, 0xFF, 0x99, 0xFF, 0x99, 0x00, 0x00,
    0x00, 0x00, 0x00, 0x00, 0x00, 0x00, 0x00, 0x00, 0x00, 0x00, 0x00, 0x00, 0x00, 0x00, 0x00, 0x00,
    0xFF, 0xCA, 0xFF, 0xC8, 0x00, 0x00, 0x00, 0x00, 0xFF, 0x7E, 0x00, 0x00, 0x00, 0x00, 0x00, 0x00,
    0x00, 0x00, 0x00, 0x00, 0x00, 0x00, 0x00, 0x00, 0x00, 0x00, 0x00, 0x00, 0x00, 0x00, 0x00, 0x00,
    0x00, 0x00, 0x00, 0x00, 0x00, 0x00, 0x00, 0x00, 0x00, 0x00, 0x00, 0x00, 0x00, 0x00, 0x00, 0x00,
    0x00, 0x00, 0x00, 0x00, 0x00, 0x00, 0x00, 0x00, 0x00, 0x00, 0x00, 0x00, 0x00, 0x00, 0x00, 0x00,
    0x00, 0x00, 0x00, 0x00, 0x00, 0x00, 0x00, 0x00, 0x00, 0x00, 0x00, 0x00, 0x00, 0x00, 0x00, 0x00,
    0x00, 0x00, 0x00, 0x00, 0x00, 0x00, 0x00, 0x00, 0x00, 0x00, 0x00, 0x00, 0x00, 0x00, 0x00, 0x00,
    0x00, 0x00, 0x00, 0x00, 0x00, 0x00, 0x00, 0x00, 0x00, 0x00, 0x00, 0x00, 0x00, 0x00, 0x00, 0x00,
    0x00, 0x00, 0x00, 0x00, 0x00, 0x00, 0x00, 0x00, 0x00, 0x00, 0x00, 0x00, 0x00, 0x00, 0x00, 0x00,
    0x00, 0x00, 0x00, 0x00, 0x00, 0x00, 0x00, 0x00, 0x00, 0x00, 0x00, 0x00, 0x00, 0x00, 0x00, 0x00,
    0x00, 0x00, 0x00, 0x00, 0x00, 0x00, 0x00, 0x00, 0x00, 0x00, 0x00, 0x00, 0x00, 0x00, 0x00, 0x00,
    0x00, 0x00, 0x00, 0x00, 0x00, 0x00, 0x00, 0x00, 0x00, 0x00, 0x00, 0x00, 0x00, 0x00, 0x00, 0x00,
    0x00, 0x00, 0x00, 0x00, 0x00, 0x00, 0x00, 0x00, 0x00, 0x00, 0x00, 0x00, 0x00, 0x00, 0x00, 0x00,
    0x00, 0x00, 0x00, 0x00, 0x00, 0x00, 0x00, 0x00, 0x00, 0x00, 0x00, 0x00, 0x00, 0x00, 0x00, 0x00,
    0x00, 0x00, 0x00, 0x00, 0x00, 0x00, 0x00, 0x00, 0x00, 0x00, 0x00, 0x00, 0x00, 0x00, 0x00, 0x00,
    0x00, 0x00, 0x00, 0x00, 0x00, 0x00, 0x00, 0x00, 0x00, 0x00, 0x00, 0x00, 0x00, 0x00, 0x00, 0x00,
    0x00, 0x00, 0x00, 0x00, 0x00, 0x00, 0x00, 0x00, 0x00, 0x00, 0x00, 0x00, 0x00, 0x00, 0x00, 0x00,
    0x00, 0x00, 0x00, 0x00, 0x00, 0x00, 0x00, 0x00, 0x00, 0x00, 0x00, 0x00, 0x00, 0x00, 0xFF, 0xC0,
    0xFF, 0xF9, 0x00, 0x00, 0x00, 0x00, 0x00, 0x00, 0xFF, 0xF7, 0x00, 0x00, 0x00, 0x02, 0xFF, 0xEE,
    0x00, 0x00, 0xFF, 0xBE, 0xFF, 0xBE, 0x00, 0x00, 0x00, 0x00, 0x00, 0x00, 0xFF, 0xCA, 0x00, 0x00,
    0x00, 0x00, 0xFF, 0xB3, 0xFF, 0xB3, 0x00, 0x00, 0x00, 0x00, 0x00, 0x00, 0x00, 0x00, 0x00, 0x00,
    0x00, 0x00, 0xFF, 0xB9, 0x00, 0x05, 0x00, 0x0B, 0xFF, 0xE2, 0xFF, 0xE0, 0xFF, 0xD8, 0xFF, 0xD3,
    0xFF, 0xB8, 0xFF, 0xB8, 0xFF, 0xAE, 0xFF, 0xE1, 0x00, 0x00, 0xFF, 0xDA, 0x00, 0x00, 0x00, 0x00,
    0x00, 0x00, 0x00, 0x00, 0x00, 0x00, 0x00, 0x00, 0x00, 0x00, 0x00, 0x00, 0x00, 0x00, 0x00, 0x00,
    0x00, 0x00, 0x00, 0x00, 0x00, 0x00, 0x00, 0x00, 0x00, 0x00, 0x00, 0x00, 0x00, 0x00, 0x00, 0x00,
    0x00, 0x00, 0x00, 0x00, 0x00, 0x00, 0x00, 0x00, 0x00, 0x00, 0x00, 0x00, 0x00, 0x00, 0x00, 0x00,
    0x00, 0x00, 0x00, 0x00, 0x00, 0x00, 0x00, 0x00, 0x00, 0x00, 0x00, 0x00, 0x00, 0x00, 0x00, 0x00,
    0x00, 0x00, 0x00, 0x00, 0x00, 0x00, 0x00, 0x00, 0x00, 0x00, 0x00, 0x00, 0x00, 0x00, 0x00, 0x00,
    0x00, 0x00, 0x00, 0x00, 0x00, 0x00, 0x00, 0x00, 0x00, 0x00, 0x00, 0x00, 0x00, 0x00, 0x00, 0x00,
    0x00, 0x00, 0x00, 0x00, 0x00, 0x00, 0x00, 0x00, 0x00, 0x00, 0x00, 0x00, 0x00, 0x00, 0x00, 0x00,
    0x00, 0x00, 0x00, 0x00, 0x00, 0x00, 0x00, 0x00, 0x00, 0x00, 0x00, 0x00, 0x00, 0x00, 0x00, 0x00,
    0x00, 0x00, 0x00, 0x00, 0x00, 0x00, 0x00, 0x00, 0x00, 0x00, 0x00, 0x00, 0x00, 0x00, 0x00, 0x00,
    0x00, 0x00, 0x00, 0x00, 0x00, 0x00, 0x00, 0x00, 0x00, 0x00, 0x00, 0x00, 0x00, 0x00, 0x00, 0x00,
    0x00, 0x00, 0x00, 0x00, 0x00, 0x00, 0x00, 0x00, 0x00, 0x00, 0x00, 0x00, 0x00, 0x00, 0x00, 0x00,
    0x00, 0x00, 0x00, 0x00, 0x00, 0x00, 0x00, 0x00, 0x00, 0x00, 0x00, 0x00, 0x00, 0x00, 0x00, 0x00,
    0x00, 0x00, 0x00, 0x00, 0x00, 0x00, 0x00, 0x00, 0x00, 0x00, 0x00, 0x00, 0x00, 0x00, 0x00, 0x00,
    0x00, 0x00, 0x00, 0x00, 0x00, 0x00, 0x00, 0x00, 0x00, 0x00, 0x00, 0x00, 0x00, 0x00, 0x00, 0x00,
    0x00, 0x00, 0x00, 0x00, 0x00, 0x00, 0x00, 0x00, 0x00, 0x00, 0x00, 0x00, 0x00, 0x00, 0x00, 0x00,
    0x00, 0x00, 0x00, 0x00, 0x00, 0x00, 0x00, 0x00, 0x00, 0x00, 0x00, 0x00, 0x00, 0x00, 0x00, 0x00,
    0x00, 0x00, 0x00, 0x00, 0x00, 0x00, 0x00, 0x00, 0x00, 0x00, 0x00, 0x00, 0x00, 0x00, 0x00, 0x00,
    0x00, 0x00, 0x00, 0x00, 0x00, 0x00, 0x00, 0x00, 0x00, 0x00, 0x00, 0x00, 0x00, 0x00, 0x00, 0x00,
    0x00, 0x00, 0x00, 0x00, 0x00, 0x00, 0x00, 0x00, 0x00, 0x00, 0x00, 0x00, 0x00, 0x00, 0x00, 0x00,
    0x00, 0x00, 0x00, 0x00, 0x00, 0x00, 0x00, 0x00, 0x00, 0x00, 0x00, 0x00, 0x00, 0x00, 0x00, 0x00,
    0x00, 0x00, 0x00, 0x00, 0x00, 0x00, 0x00, 0x00, 0xFF, 0xD1, 0x00, 0x00, 0x00, 0x00, 0x00, 0x00,
    0x00, 0x04, 0x00, 0x00, 0x00, 0x00, 0xFF, 0xE0, 0xFF, 0xF3, 0x00, 0x00, 0xFF, 0xF4, 0xFF, 0xF4,
    0x00, 0x00, 0x00, 0x00, 0x00, 0x00, 0xFF, 0xF2, 0x00, 0x00, 0x00, 0x00, 0xFF, 0xE6, 0xFF, 0xD0,
    0x00, 0x00, 0x00, 0x00, 0x00, 0x00, 0x00, 0x00, 0x00, 0x00, 0x00, 0x00, 0x00, 0x00, 0x00, 0x05,
    0x00, 0x0D, 0xFF, 0xF6, 0xFF, 0xE4, 0x00, 0x00, 0x00, 0x00, 0xFF, 0xFE, 0xFF, 0xFE, 0x00, 0x00,
    0xFF, 0xD6, 0x00, 0x00, 0x00, 0x00, 0x00, 0x00, 0x00, 0x00, 0x00, 0x00, 0xFF, 0x9A, 0xFF, 0xB2,
    0xFF, 0xD1, 0x00, 0x00, 0x00, 0x00, 0xFF, 0x9A, 0xFF, 0xCB, 0xFF, 0xF6, 0xFF, 0xA9, 0xFF, 0x90,
    0xFF, 0x96, 0x00, 0x00, 0x00, 0x00, 0xFF, 0x8C, 0xFF, 0x8B, 0x00, 0x00, 0x00, 0x00, 0xFF, 0xB5,
    0x00, 0x00, 0x00, 0x00, 0x00, 0x00, 0xFF, 0xB9, 0x00, 0x00, 0x00, 0x00, 0x00, 0x00, 0x00, 0x0D,
    0xFF, 0xFD, 0xFF, 0xF3, 0xFF, 0xE0, 0xFF, 0xF3, 0xFF, 0xAE, 0x00, 0x00, 0xFF, 0xA2, 0xFF, 0xA2,
    0xFF, 0xB4, 0x00, 0x00, 0x00, 0x00, 0xFF, 0xFD, 0x00, 0x00, 0x00, 0x00, 0xFF, 0xE7, 0xFF, 0xC3,
    0xFF, 0xD9, 0xFF, 0xDF, 0xFF, 0xFB, 0xFF, 0xF4, 0xFF, 0xBF, 0xFF, 0xCA, 0xFF, 0xD6, 0xFF, 0xED,
    0xFF, 0xFC, 0xFF, 0xFC, 0x00, 0x00, 0x00, 0x00, 0xFF, 0xBB, 0xFF, 0xE9, 0x00, 0x00, 0x00, 0x00,
    0x00, 0x06, 0x00, 0x00, 0x00, 0x00, 0x00, 0x00, 0xFF, 0xE2, 0x00, 0x00, 0x00, 0x00, 0x00, 0x00,
    0x00, 0x09, 0xFF, 0xE0, 0x00, 0x00, 0x00, 0x1B, 0x00, 0x00, 0xFF, 0xE9, 0xFF, 0xE4, 0xFF, 0xF9,
    0xFF, 0xF9, 0x00, 0x00, 0xFF, 0xE0, 0x00, 0x00, 0xFF, 0xED, 0x00, 0x00, 0x00, 0x00, 0xFF, 0xEF,
    0xFF, 0xC0, 0xFF, 0xD7, 0xFF, 0xDC, 0xFF, 0xF2, 0xFF, 0xF4, 0xFF, 0xC0, 0xFF, 0xCC, 0xFF, 0xD6,
    0xFF, 0xDF, 0xFF, 0xF4, 0xFF, 0xF4, 0x00, 0x00, 0x00, 0x00, 0xFF, 0xBD, 0xFF, 0xD8, 0x00, 0x00,
    0x00, 0x00, 0x00, 0x00, 0x00, 0x07, 0x00, 0x00, 0x00, 0x00, 0xFF, 0xE0, 0x00, 0x00, 0x00, 0x00,
    0x00, 0x00, 0x00, 0x00, 0x00, 0x00, 0xFF, 0xE0, 0x00, 0x00, 0x00, 0x1B, 0xFF, 0xDD, 0xFF, 0xF0,
    0xFF, 0xED, 0xFF, 0xED, 0xFF, 0xF4, 0xFF, 0xED, 0x00, 0x00, 0xFF, 0xEC, 0x00, 0x00, 0x00, 0x00,
    0x00, 0x00, 0x00, 0x00, 0x00, 0x00, 0x00, 0x00, 0x00, 0x00, 0x00, 0x00, 0x00, 0x00, 0x00, 0x00,
    0x00, 0x00, 0x00, 0x00, 0x00, 0x00, 0x00, 0x00, 0x00, 0x00, 0x00, 0x00, 0x00, 0x00, 0x00, 0x00,
    0x00, 0x00, 0x00, 0x00, 0x00, 0x00, 0x00, 0x00, 0x00, 0x00, 0x00, 0x00, 0x00, 0x00, 0x00, 0x00,
    0x00, 0x00, 0x00, 0x00, 0x00, 0x00, 0x00, 0x00, 0x00, 0x00, 0x00, 0x00, 0x00, 0x00, 0x00, 0x00,
    0x00, 0x00, 0x00, 0x00, 0x00, 0x00, 0x00, 0x00, 0x00, 0x00, 0x00, 0x00, 0x00, 0x00, 0x00, 0x00,
    0x00, 0x00, 0xFF, 0x96, 0x00, 0x00, 0x00, 0x00, 0x00, 0x00, 0xFF, 0xFE, 0xFF, 0xFD, 0xFF, 0xDA,
    0xFF, 0xCC, 0xFF, 0xF3, 0x00, 0x00, 0xFF, 0xF6, 0xFF, 0xF6, 0x00, 0x00, 0x00, 0x00, 0x00, 0x00,
    0xFF, 0xF3, 0x00, 0x00, 0x00, 0x00, 0xFF, 0xEE, 0xFF, 0xCA, 0x00, 0x00, 0x00, 0x00, 0xFF, 0xF2,
    0x00, 0x00, 0x00, 0x00, 0x00, 0x00, 0x00, 0x00, 0x00, 0x00, 0x00, 0x03, 0xFF, 0xEF, 0xFF, 0xE2,
    0x00, 0x00, 0xFF, 0x9E, 0xFF, 0xFE, 0xFF, 0xFE, 0x00, 0x00, 0xFF, 0xBF, 0x00, 0x00, 0x00, 0x00,
    0x00, 0x00, 0x00, 0x00, 0x00, 0x00, 0x00, 0x00, 0x00, 0x00, 0x00, 0x00, 0x00, 0x00, 0x00, 0x00,
    0x00, 0x00, 0x00, 0x00, 0xFF, 0xE7, 0x00, 0x00, 0xFF, 0x82, 0xFF, 0x96, 0x00, 0x00, 0x00, 0x00,
    0x00, 0x00, 0x00, 0x00, 0x00, 0x00, 0x00, 0x00, 0x00, 0x00, 0x00, 0x00, 0x00, 0x00, 0x00, 0x00,
    0x00, 0x00, 0x00, 0x00, 0x00, 0x00, 0x00, 0x00, 0x00, 0x00, 0x00, 0x00, 0x00, 0x00, 0xFF, 0xDB,
    0xFF, 0xEB, 0x00, 0x00, 0xFF, 0xF4, 0xFF, 0x89, 0x00, 0x00, 0xFF, 0x9E, 0x00, 0x00, 0x00, 0x00,
    0xFF, 0xF3, 0x00, 0x00, 0x00, 0x00, 0xFF, 0x96, 0xFF, 0xAC, 0xFF, 0xE7, 0xFF, 0xE5, 0xFF, 0xF3,
    0xFF, 0xEF, 0xFF, 0x35, 0xFF, 0xA3, 0xFF, 0xE0, 0xFF, 0xF9, 0xFF, 0xF8, 0xFF, 0xF8, 0x00, 0x00,
    0x00, 0x00, 0xFF, 0x53, 0xFF, 0xF3, 0x00, 0x00, 0x00, 0x00, 0xFF, 0xFE, 0xFF, 0xEB, 0x00, 0x00,
    0x00, 0x00, 0xFF, 0xB8, 0x00, 0x00, 0x00, 0x00, 0x00, 0x00, 0x00, 0x00, 0xFF, 0xE3, 0xFF, 0xF2,
    0xFF, 0xF3, 0xFF, 0xEE, 0xFF, 0xFC, 0xFF, 0x7B, 0xFF, 0xFE, 0xFF, 0xFE, 0x00, 0x00, 0xFF, 0xA1,
    0x00, 0x00, 0xFF, 0xFE, 0x00, 0x00, 0x00, 0x00, 0xFF, 0x96, 0xFF, 0x96, 0xFF, 0xE7, 0xFF, 0xE5,
    0xFF, 0xF3, 0xFF, 0xEF, 0xFF, 0x96, 0xFF, 0xA3, 0xFF, 0xE0, 0xFF, 0xF9, 0xFF, 0xF8, 0xFF, 0xF8,
    0x00, 0x00, 0x00, 0x00, 0xFF, 0x96, 0xFF, 0xF3, 0x00, 0x00, 0x00, 0x00, 0xFF, 0xFE, 0xFF, 0xEB,
    0x00, 0x00, 0x00, 0x00, 0xFF, 0xB8, 0x00, 0x00, 0x00, 0x00, 0x00, 0x00, 0x00, 0x00, 0xFF, 0xE3,
    0xFF, 0xF2, 0xFF, 0xF3, 0xFF, 0xEE, 0xFF, 0xFC, 0xFF, 0x96, 0xFF, 0xFE, 0xFF, 0xFE, 0x00, 0x00,
    0xFF, 0xA4, 0x00, 0x00, 0xFF, 0xFE, 0x00, 0x00, 0x00, 0x00, 0xFF, 0x96, 0xFF, 0xB0, 0xFF, 0xD5,
    0xFF, 0xD8, 0xFF, 0xF5, 0xFF, 0xEA, 0xFF, 0xA0, 0xFF, 0xA4, 0xFF, 0xC9, 0xFF, 0xF8, 0x00, 0x00,
    0x00, 0x00, 0x00, 0x00, 0x00, 0x00, 0xFF, 0x98, 0xFF, 0xF2, 0x00, 0x00, 0x00, 0x00, 0x00, 0x00,
    0xFF, 0xC1, 0x00, 0x00, 0x00, 0x00, 0xFF, 0xD1, 0x00, 0x00, 0x00, 0x00, 0x00, 0x00, 0x00, 0x00,
    0xFF, 0xE1, 0xFF, 0xEE, 0xFF, 0xF1, 0xFF, 0xE3, 0xFF, 0xF6, 0x00, 0x00, 0x00, 0x00, 0x00, 0x00,
    0x00, 0x00, 0xFF, 0xAC, 0x00, 0x00, 0xFF, 0xF8, 0x00, 0x00, 0x00, 0x00, 0xFF, 0x9B, 0xFF, 0xC3,
    0xFF, 0xDA, 0x00, 0x00, 0xFF, 0xFD, 0xFF, 0xE5, 0xFF, 0xB8, 0xFF, 0xB8, 0xFF, 0xD0, 0xFF, 0xEF,
    0xFF, 0xFC, 0xFF, 0xFC, 0x00, 0x00, 0x00, 0x00, 0x00, 0x00, 0xFF, 0xEF, 0x00, 0x00, 0x00, 0x00,
    0x00, 0x00, 0xFF, 0xFC, 0x00, 0x00, 0x00, 0x00, 0xFF, 0xD6, 0x00, 0x00, 0x00, 0x00, 0x00, 0x00,
    0x00, 0x04, 0xFF, 0xDF, 0xFF, 0xEE, 0xFF, 0xFD, 0xFF, 0xF0, 0xFF, 0xED, 0x00, 0x00, 0xFF, 0xFB,
    0xFF, 0xFB, 0x00, 0x00, 0xFF, 0xA1, 0x00, 0x00, 0xFF, 0xF0, 0x00, 0x00, 0x00, 0x00, 0x00, 0x02,
    0xFF, 0xF1, 0xFF, 0xF9, 0x00, 0x03, 0x00, 0x0C, 0x00, 0x10, 0xFF, 0xE6, 0xFF, 0xDE, 0xFF, 0xFD,
    0x00, 0x00, 0xFF, 0xF1, 0xFF, 0xF1, 0x00, 0x00, 0x00, 0x00, 0xFF, 0xD1, 0xFF, 0xF1, 0x00, 0x00,
    0x00, 0x00, 0xFF, 0xEE, 0xFF, 0xFD, 0x00, 0x00, 0x00, 0x00, 0x00, 0x0B, 0x00, 0x00, 0x00, 0x00,
    0x00, 0x00, 0x00, 0x1A, 0x00, 0x16, 0x00, 0x1A, 0xFF, 0xF7, 0xFF, 0xFD, 0x00, 0x00, 0x00, 0x00,
    0xFF, 0xFD, 0xFF, 0xFD, 0xFF, 0xFA, 0x00, 0x00, 0x00, 0x00, 0x00, 0x08, 0x00, 0x00, 0x00, 0x00,
    0xFF, 0xB8, 0x00, 0x00, 0x00, 0x00, 0x00, 0x00, 0x00, 0x00, 0xFF, 0xE0, 0x00, 0x00, 0x00, 0x00,
    0x00, 0x00, 0x00, 0x00, 0xFF, 0x35, 0xFF, 0x96, 0x00, 0x00, 0x00, 0x00, 0x00, 0x00, 0xFF, 0x39,
    0x00, 0x00, 0x00, 0x00, 0xFF, 0xF3, 0xFF, 0xF1, 0x00, 0x00, 0x00, 0x00, 0x00, 0x00, 0x00, 0x00,
    0x00, 0x00, 0x00, 0x00, 0xFF, 0xAD, 0xFF, 0xCB, 0xFF, 0xB4, 0xFF, 0xF0, 0xFF, 0xF2, 0x00, 0x00,
    0x00, 0x00, 0x00, 0x00, 0x00, 0x00, 0xFF, 0x77, 0xFF, 0xAD, 0x00, 0x00, 0xFF, 0x72, 0x00, 0x00,
    0x00, 0x02, 0x00, 0x0D, 0x01, 0x3E, 0x01, 0x40, 0x00, 0x00, 0x01, 0x63, 0x01, 0x66, 0x00, 0x03,
    0x01, 0x7F, 0x01, 0x85, 0x00, 0x07, 0x01, 0x87, 0x01, 0x8B, 0x00, 0x0E, 0x01, 0x8D, 0x01, 0xA3,
    0x00, 0x13, 0x01, 0xA5, 0x01, 0xA9, 0x00, 0x2A, 0x01, 0xB8, 0x01, 0xBC, 0x00, 0x2F, 0x01, 0xBE,
    0x01, 0xBF, 0x00, 0x34, 0x01, 0xC2, 0x01, 0xC2, 0x00, 0x36, 0x01, 0xC4, 0x01, 0xC6, 0x00, 0x37,
    0x01, 0xCD, 0x01, 0xCE, 0x00, 0x3A, 0x01, 0xDA, 0x01, 0xDA, 0x00, 0x3C, 0x01, 0xE0, 0x01, 0xE0,
    0x00, 0x3D, 0x00, 0x02, 0x00, 0x34, 0x01, 0x3E, 0x01, 0x3E, 0x00, 0x1B, 0x01, 0x3F, 0x01, 0x3F,
    0x00, 0x27, 0x01, 0x40, 0x01, 0x40, 0x00, 0x24, 0x01, 0x7F, 0x01, 0x7F, 0x00, 0x17, 0x01, 0x80,
    0x01, 0x81, 0x00, 0x07, 0x01, 0x82, 0x01, 0x82, 0x00, 0x28, 0x01, 0x83, 0x01, 0x83, 0x00, 0x1C,
    0x01, 0x84, 0x01, 0x84, 0x00, 0x1E, 0x01, 0x86, 0x01, 0x86, 0x00, 0x12, 0x01, 0x87, 0x01, 0x87,
    0x00, 0x05, 0x01, 0x88, 0x01, 0x88, 0x00, 0x13, 0x01, 0x89, 0x01, 0x89, 0x00, 0x1D, 0x01, 0x8A,
    0x01, 0x8A, 0x00, 0x1F, 0x01, 0x8D, 0x01, 0x8D, 0x00, 0x05, 0x01, 0x8E, 0x01, 0x8E, 0x00, 0x14,
    0x01, 0x8F, 0x01, 0x90, 0x00, 0x01, 0x01, 0x91, 0x01, 0x91, 0x00, 0x22, 0x01, 0x92, 0x01, 0x92,
    0x00, 0x0B, 0x01, 0x93, 0x01, 0x93, 0x00, 0x23, 0x01, 0x94, 0x01, 0x94, 0x00, 0x0C, 0x01, 0x95,
    0x01, 0x95, 0x00, 0x08, 0x01, 0x96, 0x01, 0x96, 0x00, 0x09, 0x01, 0x97, 0x01, 0x97, 0x00, 0x08,
    0x01, 0x98, 0x01, 0x98, 0x00, 0x09, 0x01, 0x99, 0x01, 0x99, 0x00, 0x0B, 0x01, 0x9A, 0x01, 0x9A,
    0x00, 0x0C, 0x01, 0x9B, 0x01, 0x9C, 0x00, 0x01, 0x01, 0x9D, 0x01, 0x9E, 0x00, 0x06, 0x01, 0x9F,
    0x01, 0x9F, 0x00, 0x01, 0x01, 0xA0, 0x01, 0xA0, 0x00, 0x05, 0x01, 0xA2, 0x01, 0xA2, 0x00, 0x20,
    0x01, 0xA3, 0x01, 0xA3, 0x00, 0x21, 0x01, 0xA6, 0x01, 0xA6, 0x00, 0x10, 0x01, 0xA7, 0x01, 0xA7,
    0x00, 0x1A, 0x01, 0xA8, 0x01, 0xA8, 0x00, 0x25, 0x01, 0xA9, 0x01, 0xA9, 0x00, 0x11, 0x01, 0xB8,
    0x01, 0xB9, 0x00, 0x02, 0x01, 0xBA, 0x01, 0xBA, 0x00, 0x19, 0x01, 0xBB, 0x01, 0xBB, 0x00, 0x02,
    0x01, 0xBC, 0x01, 0xBD, 0x00, 0x03, 0x01, 0xBE, 0x01, 0xBE, 0x00, 0x16, 0x01, 0xBF, 0x01, 0xBF,
    0x00, 0x18, 0x01, 0xC3, 0x01, 0xC3, 0x00, 0x03, 0x01, 0xC4, 0x01, 0xC4, 0x00, 0x0F, 0x01, 0xC5,
    0x01, 0xC5, 0x00, 0x02, 0x01, 0xC6, 0x01, 0xC6, 0x00, 0x0E, 0x01, 0xCD, 0x01, 0xCE, 0x00, 0x0A,
    0x01, 0xD9, 0x01, 0xD9, 0x00, 0x04, 0x01, 0xDA, 0x01, 0xDA, 0x00, 0x0D, 0x01, 0xDD, 0x01, 0xDE,
    0x00, 0x04, 0x01, 0xDF, 0x01, 0xDF, 0x00, 0x26, 0x01, 0xE3, 0x01, 0xE3, 0x00, 0x15, 0x00, 0x02,
    0x00, 0x32, 0x01, 0x3E, 0x01, 0x3E, 0x00, 0x1F, 0x01, 0x3F, 0x01, 0x3F, 0x00, 0x29, 0x01, 0x40,
    0x01, 0x40, 0x00, 0x27, 0x01, 0x63, 0x01, 0x66, 0x00, 0x02, 0x01, 0x7F, 0x01, 0x7F, 0x00, 0x19,
    0x01, 0x80, 0x01, 0x81, 0x00, 0x05, 0x01, 0x82, 0x01, 0x82, 0x00, 0x2A, 0x01, 0x83, 0x01, 0x83,
    0x00, 0x20, 0x01, 0x84, 0x01, 0x84, 0x00, 0x08, 0x01, 0x85, 0x01, 0x85, 0x00, 0x11, 0x01, 0x87,
    0x01, 0x87, 0x00, 0x13, 0x01, 0x88, 0x01, 0x88, 0x00, 0x01, 0x01, 0x89, 0x01, 0x89, 0x00, 0x21,
    0x01, 0x8A, 0x01, 0x8A, 0x00, 0x08, 0x01, 0x8B, 0x01, 0x8B, 0x00, 0x12, 0x01, 0x8D, 0x01, 0x8D,
    0x00, 0x14, 0x01, 0x8E, 0x01, 0x8E, 0x00, 0x01, 0x01, 0x91, 0x01, 0x91, 0x00, 0x25, 0x01, 0x92,
    0x01, 0x92, 0x00, 0x0A, 0x01, 0x93, 0x01, 0x93, 0x00, 0x26, 0x01, 0x94, 0x01, 0x94, 0x00, 0x0B,
    0x01, 0x95, 0x01, 0x95, 0x00, 0x06, 0x01, 0x96, 0x01, 0x96, 0x00, 0x07, 0x01, 0x97, 0x01, 0x97,
    0x00, 0x06, 0x01, 0x98, 0x01, 0x98, 0x00, 0x07, 0x01, 0x99, 0x01, 0x99, 0x00, 0x0A, 0x01, 0x9A,
    0x01, 0x9A, 0x00, 0x0B, 0x01, 0x9D, 0x01, 0x9E, 0x00, 0x03, 0x01, 0xA0, 0x01, 0xA1, 0x00, 0x01,
    0x01, 0xA2, 0x01, 0xA2, 0x00, 0x23, 0x01, 0xA3, 0x01, 0xA3, 0x00, 0x24, 0x01, 0xA5, 0x01, 0xA5,
    0x00, 0x15, 0x01, 0xA6, 0x01, 0xA6, 0x00, 0x0F, 0x01, 0xA7, 0x01, 0xA7, 0x00, 0x1E, 0x01, 0xA8,
    0x01, 0xA8, 0x00, 0x28, 0x01, 0xA9, 0x01, 0xA9, 0x00, 0x10, 0x01, 0xB8, 0x01, 0xB8, 0x00, 0x04,
    0x01, 0xB9, 0x01, 0xB9, 0x00, 0x1C, 0x01, 0xBA, 0x01, 0xBA, 0x00, 0x1D, 0x01, 0xBB, 0x01, 0xBB,
    0x00, 0x04, 0x01, 0xBC, 0x01, 0xBC, 0x00, 0x17, 0x01, 0xBE, 0x01, 0xBE, 0x00, 0x18, 0x01, 0xBF,
    0x01, 0xBF, 0x00, 0x1A, 0x01, 0xC2, 0x01, 0xC2, 0x00, 0x22, 0x01, 0xC4, 0x01, 0xC4, 0x00, 0x0E,
    0x01, 0xC5, 0x01, 0xC5, 0x00, 0x1B, 0x01, 0xC6, 0x01, 0xC6, 0x00, 0x0D, 0x01, 0xCD, 0x01, 0xCE,
    0x00, 0x09, 0x01, 0xDA, 0x01, 0xDA, 0x00, 0x0C, 0x01, 0xE0, 0x01, 0xE0, 0x00, 0x16, 0x00, 0x01,
    0x00, 0xCC, 0x00, 0x04, 0x00, 0x00, 0x00, 0x61, 0x0F, 0xCA, 0x0F, 0xA8, 0x0F, 0x6A, 0x0F, 0x64,
    0x0F, 0x5E, 0x0F, 0x50, 0x0F, 0x4A, 0x0F, 0x44, 0x0F, 0x32, 0x0F, 0x2C, 0x0E, 0xF2, 0x0E, 0xAC,
    0x0E, 0x6E, 0x0E, 0x64, 0x0E, 0x64, 0x0E, 0x64, 0x0E, 0x64, 0x0E, 0x32, 0x0D, 0xF8, 0x0D, 0xBA,
    0x0D, 0xAC, 0x0D, 0x26, 0x0D, 0x10, 0x0C, 0xF6, 0x0C, 0xB0, 0x0C, 0x76, 0x0C, 0x68, 0x0B, 0xC2,
    0x0B, 0x8C, 0x0B, 0x7A, 0x0B, 0x38, 0x0B, 0x02, 0x0A, 0xF4, 0x0A, 0xDA, 0x0A, 0xB4, 0x0A, 0x6E,
    0x0A, 0x64, 0x0A, 0x42, 0x0A, 0x38, 0x0A, 0x02, 0x09, 0xE8, 0x0A, 0x02, 0x09, 0xE8, 0x09, 0x96,
    0x09, 0x4C, 0x09, 0x42, 0x09, 0x28, 0x09, 0x16, 0x09, 0x08, 0x08, 0xFA, 0x08, 0xF4, 0x08, 0xDE,
    0x08, 0xD4, 0x08, 0xCE, 0x08, 0x98, 0x08, 0x8E, 0x08, 0x74, 0x08, 0x3A, 0x07, 0xEC, 0x07, 0xAE,
    0x07, 0x88, 0x07, 0x5E, 0x07, 0x38, 0x07, 0x2A, 0x06, 0xEC, 0x06, 0xCA, 0x06, 0xAC, 0x06, 0x52,
    0x05, 0xB8, 0x05, 0x42, 0x04, 0xC8, 0x04, 0xB6, 0x04, 0x84, 0x04, 0x62, 0x04, 0x54, 0x04, 0x42,
    0x04, 0x10, 0x03, 0xEE, 0x03, 0x88, 0x03, 0x72, 0x03, 0x1C, 0x02, 0xF6, 0x02, 0xE0, 0x02, 0xD2,
    0x02, 0xC4, 0x02, 0xB6, 0x02, 0xAC, 0x02, 0x6A, 0x02, 0x38, 0x02, 0x32, 0x02, 0x24, 0x01, 0xE2,
    0x01, 0xC4, 0x01, 0x7E, 0x01, 0x60, 0x01, 0x4E, 0x01, 0x24, 0x00, 0x02, 0x00, 0x0E, 0x01, 0x3E,
    0x01, 0x40, 0x00, 0x00, 0x01, 0x55, 0x01, 0x5A, 0x00, 0x03, 0x01, 0x5C, 0x01, 0x5C, 0x00, 0x09,
    0x01, 0x60, 0x01, 0x66, 0x00, 0x0A, 0x01, 0x7F, 0x01, 0xA2, 0x00, 0x11, 0x01, 0xA6, 0x01, 0xA6,
    0x00, 0x35, 0x01, 0xA8, 0x01, 0xA9, 0x00, 0x36, 0x01, 0xAC, 0x01, 0xAD, 0x00, 0x38, 0x01, 0xAF,
    0x01, 0xBA, 0x00, 0x3A, 0x01, 0xBC, 0x01, 0xCB, 0x00, 0x46, 0x01, 0xCE, 0x01, 0xCE, 0x00, 0x56,
    0x01, 0xD9, 0x01, 0xDA, 0x00, 0x57, 0x01, 0xDC, 0x01, 0xE0, 0x00, 0x59, 0x01, 0xE3, 0x01, 0xE5,
    0x00, 0x5E, 0x00, 0x0A, 0x01, 0x3E, 0xFF, 0xD5, 0x01, 0x40, 0xFF, 0xB1, 0x01, 0x84, 0xFF, 0xD8,
    0x01, 0x88, 0xFF, 0xB2, 0x01, 0x8A, 0xFF, 0xDB, 0x01, 0x8E, 0xFF, 0xBE, 0x01, 0x91, 0xFF, 0xAD,
    0x01, 0x93, 0xFF, 0xAD, 0x01, 0x96, 0xFF, 0xDD, 0x01, 0x98, 0xFF, 0xDD, 0x00, 0x04, 0x01, 0x8A,
    0xFF, 0xF1, 0x01, 0x9B, 0xFF, 0xBD, 0x01, 0x9C, 0xFF, 0xC8, 0x01, 0xE4, 0x00, 0x23, 0x00, 0x07,
    0x01, 0x84, 0xFF, 0xFD, 0x01, 0x8A, 0xFF, 0xF0, 0x01, 0x9B, 0xFF, 0xC0, 0x01, 0x9C, 0xFF, 0xCA,
    0x01, 0xA8, 0xFF, 0xCF, 0x01, 0xE3, 0x00, 0x1F, 0x01, 0xE4, 0x00, 0x1A, 0x00, 0x11, 0x01, 0x7F,
    0xFF, 0xCD, 0x01, 0x80, 0xFF, 0x74, 0x01, 0x81, 0xFF, 0x74, 0x01, 0x84, 0xFF, 0xEE, 0x01, 0x8A,
    0xFF, 0xDF, 0x01, 0x8E, 0xFF, 0xD4, 0x01, 0x92, 0xFF, 0xF6, 0x01, 0x96, 0xFF, 0xDD, 0x01, 0x98,
    0xFF, 0xDD, 0x01, 0x99, 0xFF, 0xF6, 0x01, 0x9B, 0xFF, 0x96, 0x01, 0x9C, 0xFF, 0x96, 0x01, 0x9D,
    0xFF, 0xF0, 0x01, 0x9E, 0xFF, 0xF0, 0x01, 0xA0, 0xFF, 0xF0, 0x01, 0xA6, 0xFF, 0xF0, 0x01, 0xA8,
    0xFF, 0x9D, 0x00, 0x07, 0x01, 0x95, 0xFF, 0xE9, 0x01, 0x96, 0xFF, 0xEF, 0x01, 0x97, 0xFF, 0xE9,
    0x01, 0x98, 0xFF, 0xEF, 0x01, 0x9B, 0xFF, 0x96, 0x01, 0x9C, 0xFF, 0x96, 0x01, 0xA8, 0xFF, 0xC2,
    0x00, 0x10, 0x01, 0x84, 0xFF, 0xDD, 0x01, 0x8A, 0xFF, 0xDA, 0x01, 0x91, 0xFF, 0xE2, 0x01, 0x92,
    0xFF, 0xCE, 0x01, 0x93, 0xFF, 0xE2, 0x01, 0x94, 0xFF, 0xCE, 0x01, 0x96, 0xFF, 0xE5, 0x01, 0x98,
    0xFF, 0xE5, 0x01, 0x99, 0xFF, 0xCE, 0x01, 0x9A, 0xFF, 0xCE, 0x01, 0x9B, 0xFF, 0xD1, 0x01, 0x9C,
    0xFF, 0xD1, 0x01, 0x9D, 0xFF, 0xF5, 0x01, 0x9E, 0xFF, 0xF6, 0x01, 0xA2, 0xFF, 0xF0, 0x01, 0xDF,
    0xFF, 0xC3, 0x00, 0x03, 0x01, 0x3E, 0xFF, 0xE0, 0x01, 0x84, 0xFF, 0xDD, 0x01, 0x8A, 0xFF, 0xDA,
    0x00, 0x01, 0x01, 0x3E, 0x00, 0x12, 0x00, 0x0C, 0x01, 0x84, 0xFF, 0xDA, 0x01, 0x88, 0xFF, 0xBF,
    0x01, 0x8A, 0xFF, 0xDB, 0x01, 0x8E, 0xFF, 0xBE, 0x01, 0x91, 0xFF, 0xBD, 0x01, 0x92, 0xFF, 0xC0,
    0x01, 0x93, 0xFF, 0xBD, 0x01, 0x94, 0xFF, 0xC0, 0x01, 0x96, 0xFF, 0xDE, 0x01, 0x98, 0xFF, 0xDE,
    0x01, 0x99, 0xFF, 0xC0, 0x01, 0x9A, 0xFF, 0xC0, 0x00, 0x10, 0x01, 0x3E, 0xFF, 0xE6, 0x01, 0x40,
    0xFF, 0xD6, 0x01, 0x82, 0xFF, 0x6C, 0x01, 0x84, 0xFF, 0xDD, 0x01, 0x88, 0xFF, 0xC7, 0x01, 0x8A,
    0xFF, 0xD8, 0x01, 0x8E, 0xFF, 0xB7, 0x01, 0x91, 0xFF, 0xE5, 0x01, 0x92, 0xFF, 0xD0, 0x01, 0x93,
    0xFF, 0xE5, 0x01, 0x94, 0xFF, 0xD0, 0x01, 0x96, 0xFF, 0xE5, 0x01, 0x98, 0xFF, 0xE5, 0x01, 0x99,
    0xFF, 0xD0, 0x01, 0x9A, 0xFF, 0xD0, 0x01, 0xA6, 0xFF, 0xD2, 0x00, 0x02, 0x01, 0x91, 0xFF, 0x4D,
    0x01, 0x92, 0xFF, 0x5F, 0x00, 0x03, 0x01, 0x7F, 0xFF, 0x9C, 0x01, 0x83, 0xFF, 0xDF, 0x01, 0x89,
    0xFF, 0xF0, 0x00, 0x03, 0x01, 0x83, 0xFF, 0xF1, 0x01, 0x89, 0xFF, 0xEF, 0x01, 0x8A, 0xFF, 0xF1,
    0x00, 0x03, 0x01, 0x7F, 0xFF, 0xD7, 0x01, 0x83, 0xFF, 0xE8, 0x01, 0x89, 0xFF, 0xF8, 0x00, 0x05,
    0x01, 0x83, 0xFF, 0xE0, 0x01, 0x89, 0xFF, 0xF1, 0x01, 0x96, 0xFF, 0xB8, 0x01, 0x98, 0xFF, 0xB8,
    0x01, 0xC8, 0xFF, 0xBF, 0x00, 0x09, 0x01, 0x84, 0xFF, 0xD4, 0x01, 0x88, 0xFF, 0xAC, 0x01, 0x8A,
    0xFF, 0xD1, 0x01, 0x8E, 0xFF, 0xA4, 0x01, 0x91, 0xFF, 0xDB, 0x01, 0x92, 0xFF, 0xCA, 0x01, 0x94,
    0xFF, 0xCA, 0x01, 0x96, 0xFF, 0xDE, 0x01, 0x98, 0xFF, 0xDE, 0x00, 0x15, 0x01, 0x3E, 0xFF, 0xD2,
    0x01, 0x3F, 0xFF, 0xE4, 0x01, 0x40, 0xFF, 0xD2, 0x01, 0x83, 0xFF, 0xF1, 0x01, 0x84, 0xFF, 0xD0,
    0x01, 0x88, 0xFF, 0xC8, 0x01, 0x8A, 0xFF, 0xC4, 0x01, 0x8E, 0xFF, 0xB7, 0x01, 0x92, 0xFF, 0xD2,
    0x01, 0x94, 0xFF, 0xD2, 0x01, 0x96, 0xFF, 0xD5, 0x01, 0x98, 0xFF, 0xD5, 0x01, 0x99, 0xFF, 0xD2,
    0x01, 0x9A, 0xFF, 0xD2, 0x01, 0x9B, 0xFF, 0x96, 0x01, 0x9C, 0xFF, 0x96, 0x01, 0x9E, 0xFF, 0xEA,
    0x01, 0xA0, 0xFF, 0xEA, 0x01, 0xA2, 0xFF, 0xE4, 0x01, 0xA6, 0xFF, 0xCF, 0x01, 0xA8, 0xFF, 0xB3,
    0x00, 0x05, 0x01, 0x3E, 0xFF, 0xB5, 0x01, 0x3F, 0xFF, 0xDF, 0x01, 0x40, 0xFF, 0x9E, 0x01, 0x84,
    0xFF, 0xD6, 0x01, 0x8A, 0xFF, 0xD5, 0x00, 0x19, 0x01, 0x3E, 0xFF, 0x92, 0x01, 0x3F, 0xFF, 0xB9,
    0x01, 0x40, 0xFF, 0x81, 0x01, 0x83, 0xFF, 0xF2, 0x01, 0x84, 0xFF, 0xC0, 0x01, 0x88, 0xFF, 0x8E,
    0x01, 0x89, 0xFF, 0xF2, 0x01, 0x8A, 0xFF, 0xBC, 0x01, 0x8E, 0xFF, 0x8E, 0x01, 0x91, 0xFF, 0x3D,
    0x01, 0x92, 0xFF, 0x5C, 0x01, 0x93, 0xFF, 0x96, 0x01, 0x94, 0xFF, 0x96, 0x01, 0x95, 0xFF, 0xE4,
    0x01, 0x96, 0xFF, 0xC8, 0x01, 0x97, 0xFF, 0xE4, 0x01, 0x98, 0xFF, 0xC8, 0x01, 0x99, 0xFF, 0x5C,
    0x01, 0x9A, 0xFF, 0x96, 0x01, 0x9B, 0xFF, 0x96, 0x01, 0x9C, 0xFF, 0x96, 0x01, 0xA0, 0xFF, 0xE6,
    0x01, 0xA2, 0xFF, 0xA4, 0x01, 0xA6, 0xFF, 0x9B, 0x01, 0xA8, 0xFF, 0xB4, 0x00, 0x08, 0x01, 0x3E,
    0xFF, 0xF1, 0x01, 0x40, 0xFF, 0xDC, 0x01, 0x84, 0xFF, 0xDA, 0x01, 0x8A, 0xFF, 0xD0, 0x01, 0x91,
    0xFF, 0xEC, 0x01, 0x93, 0xFF, 0xEC, 0x01, 0x99, 0xFF, 0xE4, 0x01, 0x9A, 0xFF, 0xE4, 0x00, 0x0C,
    0x01, 0x40, 0xFF, 0xAF, 0x01, 0x55, 0xFF, 0xED, 0x01, 0x5B, 0xFF, 0xEE, 0x01, 0x5C, 0xFF, 0xC9,
    0x01, 0x5E, 0xFF, 0xE8, 0x01, 0x66, 0xFF, 0xD6, 0x01, 0x84, 0xFF, 0xDC, 0x01, 0x8A, 0xFF, 0xD9,
    0x01, 0x99, 0xFF, 0xBA, 0x01, 0x9A, 0xFF, 0xBA, 0x01, 0xCA, 0xFF, 0xED, 0x01, 0xCB, 0xFF, 0xEB,
    0x00, 0x04, 0x01, 0x84, 0xFF, 0xF1, 0x01, 0x8A, 0xFF, 0xEC, 0x01, 0x99, 0xFF, 0xEF, 0x01, 0x9A,
    0xFF, 0xEF, 0x00, 0x03, 0x01, 0x40, 0xFF, 0xA7, 0x01, 0x84, 0xFF, 0xDA, 0x01, 0x8A, 0xFF, 0xD9,
    0x00, 0x08, 0x01, 0x5C, 0xFF, 0xF6, 0x01, 0x66, 0xFF, 0xF8, 0x01, 0x7F, 0xFF, 0xF8, 0x01, 0x84,
    0xFF, 0xEC, 0x01, 0x8A, 0xFF, 0xE8, 0x01, 0x99, 0xFF, 0xF0, 0x01, 0x9A, 0xFF, 0xF0, 0x01, 0xBF,
    0xFF, 0xE9, 0x00, 0x0C, 0x01, 0x3E, 0xFF, 0xAF, 0x01, 0x3F, 0xFF, 0xF3, 0x01, 0x40, 0xFF, 0xAB,
    0x01, 0x5C, 0xFF, 0xD1, 0x01, 0x66, 0xFF, 0xD3, 0x01, 0x84, 0xFF, 0xD6, 0x01, 0x88, 0xFF, 0xA6,
    0x01, 0x8A, 0xFF, 0xD1, 0x01, 0x8E, 0xFF, 0xA6, 0x01, 0x99, 0xFF, 0xD2, 0x01, 0x9A, 0xFF, 0xD2,
    0x01, 0xBE, 0xFF, 0xE9, 0x00, 0x04, 0x01, 0x3E, 0xFF, 0xDE, 0x01, 0x40, 0xFF, 0xD3, 0x01, 0x84,
    0xFF, 0xDA, 0x01, 0x8A, 0xFF, 0xD8, 0x00, 0x1E, 0x01, 0x3E, 0xFF, 0xD9, 0x01, 0x40, 0xFF, 0xB8,
    0x01, 0x57, 0xFF, 0xF2, 0x01, 0x5C, 0xFF, 0xD5, 0x01, 0x5E, 0xFF, 0xEE, 0x01, 0x60, 0xFF, 0xF7,
    0x01, 0x61, 0xFF, 0xF7, 0x01, 0x63, 0xFF, 0xF7, 0x01, 0x66, 0xFF, 0xD5, 0x01, 0x83, 0xFF, 0xF8,
    0x01, 0x84, 0xFF, 0xDA, 0x01, 0x88, 0xFF, 0xA8, 0x01, 0x8A, 0xFF, 0xD8, 0x01, 0x8E, 0xFF, 0xA1,
    0x01, 0x91, 0xFF, 0xE7, 0x01, 0x92, 0xFF, 0xCC, 0x01, 0x93, 0xFF, 0xE7, 0x01, 0x94, 0xFF, 0xCC,
    0x01, 0x99, 0xFF, 0xCC, 0x01, 0x9A, 0xFF, 0xCC, 0x01, 0x9B, 0xFF, 0x96, 0x01, 0x9C, 0xFF, 0x96,
    0x01, 0xAF, 0xFF, 0xF4, 0x01, 0xB2, 0xFF, 0xED, 0x01, 0xB5, 0xFF, 0xF1, 0x01, 0xB8, 0xFF, 0xE8,
    0x01, 0xB9, 0xFF, 0xE7, 0x01, 0xBC, 0xFF, 0xFC, 0x01, 0xC2, 0xFF, 0xEF, 0x01, 0xC7, 0xFF, 0xF5,
    0x00, 0x1D, 0x01, 0x3E, 0xFF, 0xDA, 0x01, 0x3F, 0xFF, 0xFA, 0x01, 0x40, 0xFF, 0xD1, 0x01, 0x55,
    0xFF, 0xF2, 0x01, 0x56, 0xFF, 0xDA, 0x01, 0x57, 0xFF, 0xDB, 0x01, 0x58, 0xFF, 0xED, 0x01, 0x59,
    0xFF, 0xF9, 0x01, 0x5A, 0xFF, 0xF9, 0x01, 0x5B, 0xFF, 0xF2, 0x01, 0x5C, 0xFF, 0xCA, 0x01, 0x5D,
    0xFF, 0xEE, 0x01, 0x5E, 0xFF, 0xE9, 0x01, 0x60, 0xFF, 0xDA, 0x01, 0x61, 0xFF, 0xDA, 0x01, 0x62,
    0xFF, 0xED, 0x01, 0x63, 0xFF, 0xDA, 0x01, 0x64, 0xFF, 0xED, 0x01, 0x65, 0xFF, 0xF9, 0x01, 0x66,
    0xFF, 0xCC, 0x01, 0x7F, 0x00, 0x00, 0x01, 0x83, 0xFF, 0xFD, 0x01, 0x84, 0xFF, 0xD5, 0x01, 0x89,
    0x00, 0x00, 0x01, 0x8A, 0xFF, 0xCF, 0x01, 0x91, 0xFF, 0xF0, 0x01, 0x92, 0xFF, 0xD9, 0x01, 0x99,
    0xFF, 0xD9, 0x01, 0x9A, 0xFF, 0xD9, 0x00, 0x26, 0x01, 0x3E, 0xFF, 0x9A, 0x01, 0x3F, 0xFF, 0xB9,
    0x01, 0x40, 0xFF, 0x7D, 0x01, 0x55, 0xFF, 0xE3, 0x01, 0x5B, 0xFF, 0xE6, 0x01, 0x5C, 0xFF, 0xC8,
    0x01, 0x5D, 0xFF, 0xED, 0x01, 0x5E, 0xFF, 0xE5, 0x01, 0x62, 0xFF, 0xF3, 0x01, 0x64, 0xFF, 0xF3,
    0x01, 0x65, 0xFF, 0xF3, 0x01, 0x66, 0xFF, 0xC8, 0x01, 0x83, 0xFF, 0xEE, 0x01, 0x84, 0xFF, 0xC0,
    0x01, 0x8A, 0xFF, 0xC1, 0x01, 0x91, 0xFF, 0x61, 0x01, 0x92, 0xFF, 0x7F, 0x01, 0x93, 0xFF, 0x96,
    0x01, 0x94, 0xFF, 0x96, 0x01, 0x95, 0xFF, 0xEA, 0x01, 0x96, 0xFF, 0xCF, 0x01, 0x97, 0xFF, 0xEA,
    0x01, 0x98, 0xFF, 0xCF, 0x01, 0x99, 0xFF, 0x7F, 0x01, 0x9A, 0xFF, 0x96, 0x01, 0x9B, 0xFF, 0x96,
    0x01, 0x9C, 0xFF, 0x96, 0x01, 0xAF, 0xFF, 0xDE, 0x01, 0xB1, 0xFF, 0xEF, 0x01, 0xB2, 0xFF, 0xE1,
    0x01, 0xB3, 0xFF, 0xF0, 0x01, 0xB4, 0xFF, 0xE3, 0x01, 0xB5, 0xFF, 0xE2, 0x01, 0xB6, 0xFF, 0xF1,
    0x01, 0xB7, 0xFF, 0xD1, 0x01, 0xB8, 0xFF, 0xE7, 0x01, 0xC7, 0xFF, 0xED, 0x01, 0xCB, 0xFF, 0xDC,
    0x00, 0x16, 0x01, 0x55, 0xFF, 0xE3, 0x01, 0x5B, 0xFF, 0xE6, 0x01, 0x5C, 0xFF, 0xC9, 0x01, 0x5D,
    0xFF, 0xEE, 0x01, 0x5E, 0xFF, 0xE5, 0x01, 0x62, 0xFF, 0xF3, 0x01, 0x64, 0xFF, 0xF3, 0x01, 0x65,
    0xFF, 0xF3, 0x01, 0x66, 0xFF, 0xC9, 0x01, 0x86, 0xFF, 0xAD, 0x01, 0x8C, 0xFF, 0xA5, 0x01, 0xAF,
    0xFF, 0xE1, 0x01, 0xB1, 0xFF, 0xF0, 0x01, 0xB2, 0xFF, 0xE6, 0x01, 0xB3, 0xFF, 0xF0, 0x01, 0xB4,
    0xFF, 0xE8, 0x01, 0xB5, 0xFF, 0xE4, 0x01, 0xB6, 0xFF, 0xF3, 0x01, 0xB7, 0xFF, 0xD3, 0x01, 0xC7,
    0xFF, 0xEE, 0x01, 0xCB, 0xFF, 0xDE, 0x01, 0xDF, 0xFF, 0xAC, 0x00, 0x07, 0x01, 0x3F, 0xFF, 0xE2,
    0x01, 0x8A, 0xFF, 0xEE, 0x01, 0x9B, 0xFF, 0xD5, 0x01, 0x9C, 0xFF, 0xD5, 0x01, 0x9E, 0xFF, 0xDF,
    0x01, 0xA2, 0xFF, 0xD8, 0x01, 0xA8, 0xFF, 0xD0, 0x00, 0x08, 0x01, 0x8A, 0xFF, 0xEC, 0x01, 0x92,
    0xFF, 0xEF, 0x01, 0x94, 0xFF, 0xEF, 0x01, 0x99, 0xFF, 0xEF, 0x01, 0x9A, 0xFF, 0xEF, 0x01, 0x9B,
    0xFF, 0xAD, 0x01, 0x9C, 0xFF, 0xAD, 0x01, 0xA8, 0xFF, 0xD7, 0x00, 0x0F, 0x01, 0x3F, 0xFF, 0xF6,
    0x01, 0x40, 0xFF, 0xE7, 0x01, 0x7F, 0xFF, 0xE0, 0x01, 0x84, 0xFF, 0xE1, 0x01, 0x88, 0xFF, 0xD2,
    0x01, 0x8A, 0xFF, 0xE6, 0x01, 0x8E, 0xFF, 0xDE, 0x01, 0x94, 0xFF, 0xE1, 0x01, 0x96, 0xFF, 0xE7,
    0x01, 0x98, 0xFF, 0xE7, 0x01, 0x99, 0xFF, 0xE1, 0x01, 0x9A, 0xFF, 0xE1, 0x01, 0x9B, 0xFF, 0xF2,
    0x01, 0x9C, 0xFF, 0xF2, 0x01, 0xA0, 0xFF, 0xF4, 0x00, 0x03, 0x01, 0x8A, 0xFF, 0xF3, 0x01, 0x99,
    0xFF, 0xF0, 0x01, 0x9A, 0xFF, 0xF0, 0x00, 0x09, 0x01, 0x8A, 0xFF, 0xE9, 0x01, 0x99, 0xFF, 0xF0,
    0x01, 0x9A, 0xFF, 0xF0, 0x01, 0x9B, 0xFF, 0xB8, 0x01, 0x9C, 0xFF, 0xB8, 0x01, 0x9D, 0xFF, 0xF3,
    0x01, 0x9E, 0xFF, 0xF3, 0x01, 0xA0, 0xFF, 0xF3, 0x01, 0xA8, 0xFF, 0xC5, 0x00, 0x0A, 0x01, 0x3E,
    0xFF, 0xF0, 0x01, 0x40, 0xFF, 0xF0, 0x01, 0x84, 0xFF, 0xE3, 0x01, 0x8A, 0xFF, 0xD6, 0x01, 0x99,
    0xFF, 0xEC, 0x01, 0x9A, 0xFF, 0xEC, 0x01, 0x9B, 0xFF, 0x96, 0x01, 0x9C, 0xFF, 0x96, 0x01, 0xA0,
    0xFF, 0xF3, 0x01, 0xA8, 0xFF, 0xB7, 0x00, 0x09, 0x01, 0x3E, 0xFF, 0xEE, 0x01, 0x40, 0xFF, 0xE7,
    0x01, 0x84, 0xFF, 0xE4, 0x01, 0x8A, 0xFF, 0xDF, 0x01, 0x99, 0xFF, 0xDF, 0x01, 0x9A, 0xFF, 0xDF,
    0x01, 0x9B, 0xFF, 0xDB, 0x01, 0x9C, 0xFF, 0xDB, 0x01, 0xA8, 0xFF, 0xDF, 0x00, 0x0F, 0x01, 0x3E,
    0xFF, 0xF4, 0x01, 0x40, 0xFF, 0xE9, 0x01, 0x84, 0xFF, 0xE5, 0x01, 0x88, 0xFF, 0xD1, 0x01, 0x8A,
    0xFF, 0xE0, 0x01, 0x8E, 0xFF, 0xBD, 0x01, 0x91, 0xFF, 0xF1, 0x01, 0x92, 0xFF, 0xE0, 0x01, 0x93,
    0xFF, 0xF1, 0x01, 0x94, 0xFF, 0xE0, 0x01, 0x99, 0xFF, 0xE0, 0x01, 0x9A, 0xFF, 0xE0, 0x01, 0x9B,
    0xFF, 0xE6, 0x01, 0x9C, 0xFF, 0xE6, 0x01, 0xA8, 0xFF, 0xE1, 0x00, 0x13, 0x01, 0x3E, 0x00, 0x00,
    0x01, 0x40, 0xFF, 0xEB, 0x01, 0x82, 0xFF, 0x91, 0x01, 0x84, 0xFF, 0xE6, 0x01, 0x88, 0xFF, 0xD9,
    0x01, 0x8A, 0xFF, 0xE4, 0x01, 0x91, 0xFF, 0xEE, 0x01, 0x92, 0xFF, 0xE5, 0x01, 0x93, 0xFF, 0xEE,
    0x01, 0x94, 0xFF, 0xE5, 0x01, 0x96, 0xFF, 0xED, 0x01, 0x99, 0xFF, 0xE5, 0x01, 0x9A, 0xFF, 0xE5,
    0x01, 0x9B, 0xFF, 0xF2, 0x01, 0x9C, 0xFF, 0xF3, 0x01, 0xA6, 0xFF, 0xE0, 0x01, 0xA8, 0xFF, 0xEF,
    0x01, 0xB8, 0xFF, 0xD9, 0x01, 0xBC, 0xFF, 0xF4, 0x00, 0x0E, 0x01, 0x3F, 0xFF, 0xEE, 0x01, 0x40,
    0xFF, 0xBB, 0x01, 0x84, 0xFF, 0xDD, 0x01, 0x88, 0xFF, 0xAF, 0x01, 0x8A, 0xFF, 0xE0, 0x01, 0x8E,
    0xFF, 0xBC, 0x01, 0x99, 0xFF, 0xC3, 0x01, 0x9A, 0xFF, 0xC3, 0x01, 0x9B, 0xFF, 0xF3, 0x01, 0x9C,
    0xFF, 0xF3, 0x01, 0x9D, 0xFF, 0xF6, 0x01, 0x9E, 0xFF, 0xF8, 0x01, 0xA2, 0xFF, 0xDD, 0x01, 0xA8,
    0xFF, 0xEA, 0x00, 0x06, 0x01, 0x83, 0x00, 0x06, 0x01, 0x84, 0xFF, 0xDB, 0x01, 0x8A, 0xFF, 0xDD,
    0x01, 0x9B, 0xFF, 0xF1, 0x01, 0x9C, 0xFF, 0xF1, 0x01, 0xA8, 0xFF, 0xEC, 0x00, 0x02, 0x01, 0x82,
    0xFF, 0xAD, 0x01, 0xA9, 0xFF, 0xA1, 0x00, 0x0D, 0x01, 0x82, 0xFF, 0x5E, 0x01, 0xA7, 0xFF, 0xD6,
    0x01, 0xAD, 0xFF, 0xCD, 0x01, 0xAF, 0xFF, 0xEA, 0x01, 0xB0, 0xFF, 0xE1, 0x01, 0xB1, 0xFF, 0xE1,
    0x01, 0xB2, 0xFF, 0xCC, 0x01, 0xB5, 0xFF, 0xE1, 0x01, 0xBE, 0xFF, 0xF0, 0x01, 0xBF, 0xFF, 0xD6,
    0x01, 0xC7, 0xFF, 0xD2, 0x01, 0xC8, 0xFF, 0xB6, 0x01, 0xCB, 0xFF, 0xE9, 0x00, 0x01, 0x01, 0x8C,
    0xFF, 0xD6, 0x00, 0x02, 0x01, 0x86, 0xFF, 0xED, 0x01, 0x8C, 0xFF, 0xD6, 0x00, 0x05, 0x01, 0x40,
    0xFF, 0xC6, 0x01, 0x8A, 0xFF, 0xFA, 0x01, 0x92, 0xFF, 0xDB, 0x01, 0x99, 0xFF, 0xDB, 0x01, 0x9A,
    0xFF, 0xDB, 0x00, 0x01, 0x01, 0x8C, 0xFF, 0xEF, 0x00, 0x03, 0x01, 0x86, 0xFF, 0xBF, 0x01, 0x8C,
    0xFF, 0xF3, 0x01, 0xE3, 0xFF, 0xC6, 0x00, 0x03, 0x01, 0x86, 0xFF, 0xE8, 0x01, 0x88, 0xFF, 0xE9,
    0x01, 0x8A, 0xFF, 0xF9, 0x00, 0x04, 0x01, 0x85, 0xFF, 0xE6, 0x01, 0x86, 0xFF, 0xCD, 0x01, 0x8B,
    0x00, 0x00, 0x01, 0x8C, 0xFF, 0xEB, 0x00, 0x06, 0x01, 0x84, 0xFF, 0xE8, 0x01, 0x86, 0xFF, 0xE7,
    0x01, 0x88, 0xFF, 0xE7, 0x01, 0x8A, 0xFF, 0xF3, 0x01, 0x99, 0xFF, 0x96, 0x01, 0xE3, 0xFF, 0xCA,
    0x00, 0x02, 0x01, 0x86, 0xFF, 0xC4, 0x01, 0x8C, 0xFF, 0xF3, 0x00, 0x12, 0x01, 0x82, 0xFF, 0x96,
    0x01, 0x85, 0xFF, 0xCC, 0x01, 0x8B, 0xFF, 0xD5, 0x01, 0xA1, 0xFF, 0xE4, 0x01, 0xA7, 0xFF, 0xD2,
    0x01, 0xAD, 0xFF, 0xB8, 0x01, 0xAF, 0xFF, 0xEE, 0x01, 0xB0, 0xFF, 0xDB, 0x01, 0xB1, 0xFF, 0xDD,
    0x01, 0xB5, 0xFF, 0xE7, 0x01, 0xB6, 0xFF, 0xEF, 0x01, 0xBA, 0xFF, 0xE1, 0x01, 0xBE, 0xFF, 0xEF,
    0x01, 0xBF, 0xFF, 0xC6, 0x01, 0xC2, 0xFF, 0xBB, 0x01, 0xC6, 0xFF, 0xD8, 0x01, 0xDA, 0xFF, 0xEE,
    0x01, 0xE5, 0xFF, 0xD3, 0x00, 0x14, 0x01, 0x82, 0xFF, 0x35, 0x01, 0x85, 0xFF, 0xCC, 0x01, 0x8B,
    0xFF, 0xD5, 0x01, 0x9C, 0xFF, 0x96, 0x01, 0xA1, 0xFF, 0xE4, 0x01, 0xA7, 0xFF, 0xD2, 0x01, 0xAD,
    0xFF, 0xB8, 0x01, 0xAF, 0xFF, 0xEE, 0x01, 0xB0, 0xFF, 0xDB, 0x01, 0xB5, 0xFF, 0xE7, 0x01, 0xB6,
    0xFF, 0xEF, 0x01, 0xBA, 0xFF, 0xE1, 0x01, 0xBE, 0xFF, 0xEF, 0x01, 0xBF, 0xFF, 0xC6, 0x01, 0xC1,
    0xFF, 0xB3, 0x01, 0xC2, 0xFF, 0xBB, 0x01, 0xC6, 0xFF, 0xD8, 0x01, 0xDA, 0xFF, 0xEE, 0x01, 0xDC,
    0xFF, 0xF5, 0x01, 0xE5, 0xFF, 0xD3, 0x00, 0x06, 0x01, 0x61, 0xFF, 0xE6, 0x01, 0x86, 0xFF, 0xAD,
    0x01, 0x8C, 0xFF, 0xB4, 0x01, 0xBE, 0xFF, 0xEF, 0x01, 0xC1, 0xFF, 0xE9, 0x01, 0xE3, 0xFF, 0xC6,
    0x00, 0x0D, 0x01, 0x85, 0xFF, 0xD3, 0x01, 0x86, 0xFF, 0xB3, 0x01, 0x8B, 0xFF, 0xDE, 0x01, 0x8C,
    0xFF, 0xC5, 0x01, 0xA1, 0xFF, 0xEE, 0x01, 0xA7, 0xFF, 0xE5, 0x01, 0xA9, 0xFF, 0xD0, 0x01, 0xB5,
    0xFF, 0xEA, 0x01, 0xBA, 0xFF, 0xED, 0x01, 0xBF, 0xFF, 0xE7, 0x01, 0xC6, 0xFF, 0xD5, 0x01, 0xE0,
    0xFF, 0xDD, 0x01, 0xE5, 0xFF, 0xDF, 0x00, 0x02, 0x01, 0xA7, 0xFF, 0xD2, 0x01, 0xB0, 0xFF, 0xDB,
    0x00, 0x08, 0x01, 0x8C, 0xFF, 0xE7, 0x01, 0xA1, 0xFF, 0xE9, 0x01, 0xA7, 0xFF, 0xD7, 0x01, 0xAF,
    0xFF, 0xF1, 0x01, 0xB5, 0xFF, 0xEB, 0x01, 0xBA, 0xFF, 0xF0, 0x01, 0xDA, 0xFF, 0xEE, 0x01, 0xE5,
    0xFF, 0xD4, 0x00, 0x02, 0x01, 0x9C, 0xFF, 0x96, 0x01, 0xA7, 0xFF, 0xD2, 0x00, 0x11, 0x01, 0x82,
    0xFF, 0x35, 0x01, 0x85, 0xFF, 0xCD, 0x01, 0x8B, 0xFF, 0xD9, 0x01, 0x8C, 0xFF, 0xE7, 0x01, 0x9C,
    0xFF, 0x96, 0x01, 0xA1, 0xFF, 0xE7, 0x01, 0xA7, 0xFF, 0xD7, 0x01, 0xAF, 0xFF, 0xF1, 0x01, 0xB5,
    0xFF, 0xEB, 0x01, 0xB6, 0xFF, 0xF4, 0x01, 0xB9, 0xFF, 0x61, 0x01, 0xBA, 0xFF, 0xF0, 0x01, 0xBF,
    0xFF, 0xD6, 0x01, 0xC6, 0xFF, 0xDD, 0x01, 0xC7, 0xFF, 0xDB, 0x01, 0xDA, 0xFF, 0xEE, 0x01, 0xE5,
    0xFF, 0xD4, 0x00, 0x09, 0x01, 0x61, 0xFF, 0xDC, 0x01, 0xA7, 0xFF, 0xFD, 0x01, 0xAF, 0xFF, 0xED,
    0x01, 0xB0, 0xFF, 0xBF, 0x01, 0xB5, 0xFF, 0xEA, 0x01, 0xBA, 0xFF, 0xB5, 0x01, 0xC1, 0xFF, 0xED,
    0x01, 0xDA, 0xFF, 0xEE, 0x01, 0xE5, 0xFF, 0xEC, 0x00, 0x06, 0x01, 0xA7, 0xFF, 0xFD, 0x01, 0xAF,
    0xFF, 0xED, 0x01, 0xB0, 0xFF, 0xBF, 0x01, 0xC1, 0xFF, 0xED, 0x01, 0xDA, 0xFF, 0xEE, 0x01, 0xE5,
    0xFF, 0xEC, 0x00, 0x03, 0x01, 0x8A, 0x00, 0x02, 0x01, 0x8E, 0x00, 0x04, 0x01, 0xC6, 0xFF, 0xEB,
    0x00, 0x0D, 0x01, 0x8B, 0xFF, 0xD3, 0x01, 0x8D, 0x00, 0x04, 0x01, 0xA5, 0xFF, 0x99, 0x01, 0xA7,
    0xFF, 0xC8, 0x01, 0xAF, 0xFF, 0xC3, 0x01, 0xB0, 0xFF, 0xAD, 0x01, 0xBF, 0xFF, 0xA6, 0x01, 0xC2,
    0xFF, 0xB2, 0x01, 0xC6, 0xFF, 0xB7, 0x01, 0xC7, 0xFF, 0xA4, 0x01, 0xDA, 0xFF, 0xC4, 0x01, 0xE0,
    0xFF, 0xD4, 0x01, 0xE5, 0xFF, 0xBC, 0x00, 0x10, 0x01, 0x89, 0x00, 0x16, 0x01, 0x8A, 0xFF, 0xDE,
    0x01, 0x8B, 0x00, 0x0B, 0x01, 0x8C, 0xFF, 0xD3, 0x01, 0x8E, 0xFF, 0xD3, 0x01, 0x92, 0xFF, 0xD2,
    0x01, 0x94, 0xFF, 0xD2, 0x01, 0x96, 0xFF, 0xDE, 0x01, 0x98, 0xFF, 0xDE, 0x01, 0x99, 0xFF, 0xD2,
    0x01, 0x9A, 0xFF, 0xD2, 0x01, 0x9B, 0xFF, 0xD6, 0x01, 0x9C, 0xFF, 0xD6, 0x01, 0x9D, 0x00, 0x00,
    0x01, 0x9E, 0x00, 0x00, 0x01, 0xA6, 0xFF, 0xC9, 0x00, 0x04, 0x01, 0x8B, 0xFF, 0xD3, 0x01, 0x8C,
    0x00, 0x16, 0x01, 0xC6, 0xFF, 0xBA, 0x01, 0xE0, 0xFF, 0xD5, 0x00, 0x0D, 0x01, 0x40, 0xFF, 0xF2,
    0x01, 0x8B, 0x00, 0x16, 0x01, 0x8C, 0xFF, 0xDD, 0x01, 0x91, 0xFF, 0xF3, 0x01, 0x92, 0xFF, 0xEA,
    0x01, 0x93, 0xFF, 0xF3, 0x01, 0x94, 0xFF, 0xEA, 0x01, 0x99, 0xFF, 0xEA, 0x01, 0x9A, 0xFF, 0xEA,
    0x01, 0x9B, 0xFF, 0xED, 0x01, 0x9C, 0xFF, 0xED, 0x01, 0xA8, 0xFF, 0xED, 0x01, 0xBA, 0x00, 0x00,
    0x00, 0x29, 0x01, 0x55, 0xFF, 0xDF, 0x01, 0x57, 0xFF, 0xE6, 0x01, 0x58, 0xFF, 0xE6, 0x01, 0x59,
    0xFF, 0xD5, 0x01, 0x5A, 0xFF, 0xEE, 0x01, 0x5B, 0xFF, 0xE0, 0x01, 0x5D, 0xFF, 0xE3, 0x01, 0x5E,
    0xFF, 0xE3, 0x01, 0x62, 0xFF, 0xF2, 0x01, 0x64, 0xFF, 0xF2, 0x01, 0x65, 0xFF, 0xF0, 0x01, 0x8B,
    0xFF, 0xDE, 0x01, 0x8D, 0x00, 0x02, 0x01, 0xA5, 0xFF, 0xC8, 0x01, 0xA7, 0xFF, 0xE6, 0x01, 0xAC,
    0xFF, 0xF3, 0x01, 0xAD, 0xFF, 0xDE, 0x01, 0xAF, 0xFF, 0xE0, 0x01, 0xB0, 0xFF, 0xE1, 0x01, 0xB1,
    0xFF, 0xDF, 0x01, 0xB2, 0xFF, 0xDC, 0x01, 0xB4, 0xFF, 0xF3, 0x01, 0xB5, 0xFF, 0xE7, 0x01, 0xB6,
    0xFF, 0xEC, 0x01, 0xB7, 0xFF, 0xEE, 0x01, 0xBA, 0xFF, 0xCF, 0x01, 0xBE, 0xFF, 0xE8, 0x01, 0xBF,
    0xFF, 0xD1, 0x01, 0xC0, 0xFF, 0xEC, 0x01, 0xC1, 0xFF, 0xD9, 0x01, 0xC2, 0xFF, 0xD9, 0x01, 0xC6,
    0xFF, 0xC4, 0x01, 0xC7, 0xFF, 0xD1, 0x01, 0xCA, 0xFF, 0xF0, 0x01, 0xDA, 0xFF, 0xE1, 0x01, 0xDC,
    0xFF, 0xF1, 0x01, 0xDF, 0xFF, 0xE6, 0x01, 0xE0, 0xFF, 0xDF, 0x01, 0xE3, 0xFF, 0xF0, 0x01, 0xE4,
    0xFF, 0xF1, 0x01, 0xE5, 0xFF, 0xD9, 0x00, 0x03, 0x01, 0x84, 0x00, 0x02, 0x01, 0x88, 0x00, 0x04,
    0x01, 0xC6, 0xFF, 0xEB, 0x00, 0x0E, 0x01, 0x85, 0xFF, 0xD3, 0x01, 0x87, 0x00, 0x04, 0x01, 0x9C,
    0xFF, 0xE2, 0x01, 0xA1, 0xFF, 0xF2, 0x01, 0xA5, 0xFF, 0x99, 0x01, 0xA7, 0xFF, 0xC9, 0x01, 0xAF,
    0xFF, 0xDE, 0x01, 0xB0, 0xFF, 0xB2, 0x01, 0xBF, 0xFF, 0xA6, 0x01, 0xC2, 0xFF, 0xA1, 0x01, 0xC6,
    0xFF, 0xC8, 0x01, 0xC7, 0xFF, 0xAC, 0x01, 0xDA, 0xFF, 0xE0, 0x01, 0xE5, 0xFF, 0xCC, 0x00, 0x11,
    0x01, 0x83, 0x00, 0x16, 0x01, 0x84, 0xFF, 0xDE, 0x01, 0x85, 0x00, 0x0B, 0x01, 0x86, 0xFF, 0xD3,
    0x01, 0x88, 0xFF, 0xD3, 0x01, 0x92, 0xFF, 0xC4, 0x01, 0x94, 0xFF, 0xC6, 0x01, 0x96, 0xFF, 0xD3,
    0x01, 0x98, 0xFF, 0xD3, 0x01, 0x99, 0xFF, 0xC4, 0x01, 0x9A, 0xFF, 0xC6, 0x01, 0x9B, 0xFF, 0xDE,
    0x01, 0x9C, 0xFF, 0xDE, 0x01, 0x9D, 0xFF, 0xE6, 0x01, 0x9E, 0xFF, 0xEA, 0x01, 0xA6, 0xFF, 0xC2,
    0x01, 0xC6, 0xFF, 0xE7, 0x00, 0x06, 0x01, 0x85, 0xFF, 0xD3, 0x01, 0x86, 0x00, 0x16, 0x01, 0x9B,
    0xFF, 0xC4, 0x01, 0x9F, 0xFF, 0xBF, 0x01, 0xC6, 0xFF, 0xCA, 0x01, 0xE0, 0xFF, 0xF0, 0x00, 0x05,
    0x01, 0x85, 0x00, 0x16, 0x01, 0x86, 0xFF, 0xDD, 0x01, 0xA2, 0xFF, 0xF1, 0x01, 0xBA, 0xFF, 0xFE,
    0x01, 0xC6, 0xFF, 0xF1, 0x00, 0x21, 0x01, 0x55, 0xFF, 0xEB, 0x01, 0x59, 0xFF, 0xE2, 0x01, 0x5B,
    0xFF, 0xEC, 0x01, 0x5D, 0xFF, 0xF0, 0x01, 0x5E, 0xFF, 0xEF, 0x01, 0x60, 0x00, 0x14, 0x01, 0x61,
    0x00, 0x14, 0x01, 0x63, 0x00, 0x14, 0x01, 0x82, 0xFF, 0xF0, 0x01, 0x85, 0xFF, 0xDE, 0x01, 0xA5,
    0xFF, 0xCA, 0x01, 0xA7, 0xFF, 0xDE, 0x01, 0xAD, 0xFF, 0xDC, 0x01, 0xAF, 0xFF, 0xE8, 0x01, 0xB0,
    0xFF, 0xE6, 0x01, 0xB1, 0xFF, 0xE1, 0x01, 0xB2, 0xFF, 0xD9, 0x01, 0xB5, 0xFF, 0xE4, 0x01, 0xBA,
    0xFF, 0xD6, 0x01, 0xBE, 0xFF, 0xEC, 0x01, 0xBF, 0xFF, 0xD6, 0x01, 0xC0, 0xFF, 0xF1, 0x01, 0xC1,
    0xFF, 0xDA, 0x01, 0xC2, 0xFF, 0xDC, 0x01, 0xC6, 0xFF, 0xD0, 0x01, 0xC7, 0xFF, 0xD4, 0x01, 0xC8,
    0xFF, 0xF4, 0x01, 0xCB, 0xFF, 0xE6, 0x01, 0xDA, 0xFF, 0xE7, 0x01, 0xDC, 0xFF, 0xF7, 0x01, 0xE0,
    0xFF, 0xEE, 0x01, 0xE3, 0xFF, 0xFD, 0x01, 0xE5, 0xFF, 0xD9, 0x00, 0x03, 0x01, 0x82, 0xFF, 0xE7,
    0x01, 0x9C, 0xFF, 0xE3, 0x01, 0x9D, 0xFF, 0xAD, 0x00, 0x0F, 0x01, 0x55, 0xFF, 0xD0, 0x01, 0x58,
    0xFF, 0xDE, 0x01, 0x59, 0xFF, 0xB8, 0x01, 0x5A, 0xFF, 0xDE, 0x01, 0x5B, 0xFF, 0xD5, 0x01, 0x5D,
    0xFF, 0xDB, 0x01, 0x5E, 0xFF, 0xD5, 0x01, 0x62, 0xFF, 0xDE, 0x01, 0x64, 0xFF, 0xDE, 0x01, 0x65,
    0xFF, 0xDE, 0x01, 0x66, 0xFF, 0xC1, 0x01, 0xA1, 0xFF, 0xDD, 0x01, 0xAF, 0xFF, 0xE2, 0x01, 0xB5,
    0xFF, 0xE3, 0x01, 0xC7, 0xFF, 0xED, 0x00, 0x0E, 0x01, 0x55, 0xFF, 0xD0, 0x01, 0x58, 0xFF, 0xDE,
    0x01, 0x59, 0xFF, 0xB8, 0x01, 0x5A, 0xFF, 0xDE, 0x01, 0x5B, 0xFF, 0xD5, 0x01, 0x5D, 0xFF, 0xDB,
    0x01, 0x5E, 0xFF, 0xD5, 0x01, 0x62, 0xFF, 0xDE, 0x01, 0x64, 0xFF, 0xDE, 0x01, 0x65, 0xFF, 0xDE,
    0x01, 0x66, 0xFF, 0xC1, 0x01, 0xA7, 0xFF, 0xED, 0x01, 0xAF, 0xFF, 0xE2, 0x01, 0xB5, 0xFF, 0xE3,
    0x00, 0x0C, 0x01, 0x55, 0xFF, 0xEC, 0x01, 0x59, 0xFF, 0xFD, 0x01, 0x5B, 0xFF, 0xEF, 0x01, 0x5C,
    0xFF, 0xDE, 0x01, 0x5E, 0xFF, 0xEF, 0x01, 0x66, 0xFF, 0xE7, 0x01, 0x86, 0xFF, 0xDC, 0x01, 0x8C,
    0xFF, 0xD6, 0x01, 0xA1, 0x00, 0x0A, 0x01, 0xAF, 0x00, 0x00, 0x01, 0xB0, 0x00, 0x19, 0x01, 0xCB,
    0xFF, 0xEF, 0x00, 0x02, 0x01, 0xBA, 0xFF, 0xF0, 0x01, 0xE0, 0xFF, 0xA1, 0x00, 0x0F, 0x01, 0x7F,
    0xFF, 0xFD, 0x01, 0x80, 0xFF, 0xDB, 0x01, 0x84, 0xFF, 0xE7, 0x01, 0x8A, 0xFF, 0xF7, 0x01, 0x92,
    0xFF, 0xC4, 0x01, 0x94, 0xFF, 0xC5, 0x01, 0x95, 0xFF, 0xF0, 0x01, 0x97, 0xFF, 0xF0, 0x01, 0x99,
    0xFF, 0xC4, 0x01, 0x9A, 0xFF, 0xC5, 0x01, 0xA2, 0xFF, 0xB6, 0x01, 0xB8, 0xFF, 0xD8, 0x01, 0xB9,
    0xFF, 0xD8, 0x01, 0xBA, 0xFF, 0xE4, 0x01, 0xE0, 0xFF, 0xB4, 0x00, 0x11, 0x01, 0x7F, 0xFF, 0xFD,
    0x01, 0x80, 0xFF, 0xDB, 0x01, 0x84, 0xFF, 0xE7, 0x01, 0x8A, 0xFF, 0xF7, 0x01, 0x91, 0xFF, 0xC3,
    0x01, 0x92, 0xFF, 0xC4, 0x01, 0x93, 0xFF, 0xC4, 0x01, 0x94, 0xFF, 0xC5, 0x01, 0x95, 0xFF, 0xF0,
    0x01, 0x97, 0xFF, 0xF0, 0x01, 0x99, 0xFF, 0xC4, 0x01, 0x9A, 0xFF, 0xC5, 0x01, 0xA2, 0xFF, 0xB6,
    0x01, 0xB8, 0xFF, 0xD8, 0x01, 0xB9, 0xFF, 0xD8, 0x01, 0xBA, 0xFF, 0xE4, 0x01, 0xE0, 0xFF, 0xB4,
    0x00, 0x0E, 0x01, 0x80, 0xFF, 0xF6, 0x01, 0x84, 0xFF, 0xF2, 0x01, 0x89, 0x00, 0x09, 0x01, 0x91,
    0xFF, 0xC1, 0x01, 0x92, 0xFF, 0xC2, 0x01, 0x93, 0xFF, 0xC2, 0x01, 0x94, 0xFF, 0xC2, 0x01, 0x99,
    0xFF, 0xC2, 0x01, 0x9A, 0xFF, 0xC2, 0x01, 0xA2, 0xFF, 0xB7, 0x01, 0xB8, 0xFF, 0xE5, 0x01, 0xB9,
    0xFF, 0xE5, 0x01, 0xBA, 0xFF, 0xFB, 0x01, 0xE0, 0xFF, 0xB2, 0x00, 0x01, 0x01, 0x59, 0xFF, 0xE4,
    0x00, 0x04, 0x01, 0x58, 0x00, 0x12, 0x01, 0x59, 0x00, 0x0B, 0x01, 0x5A, 0x00, 0x14, 0x01, 0x5F,
    0x00, 0x00, 0x00, 0x01, 0x01, 0x5A, 0x00, 0x16, 0x00, 0x01, 0x01, 0x5F, 0xFF, 0xF9, 0x00, 0x03,
    0x01, 0x56, 0x00, 0x14, 0x01, 0x57, 0x00, 0x14, 0x01, 0x58, 0x00, 0x10, 0x00, 0x01, 0x01, 0x5C,
    0xFF, 0xE3, 0x00, 0x01, 0x01, 0x5F, 0xFF, 0xF2, 0x00, 0x0F, 0x01, 0x59, 0xFF, 0xE9, 0x01, 0x82,
    0xFF, 0x5D, 0x01, 0x85, 0xFF, 0xCD, 0x01, 0x8B, 0xFF, 0xD9, 0x01, 0x8C, 0xFF, 0xBF, 0x01, 0x9C,
    0xFF, 0x97, 0x01, 0xA7, 0xFF, 0xD3, 0x01, 0xAD, 0xFF, 0xBC, 0x01, 0xAF, 0xFF, 0xF0, 0x01, 0xB0,
    0xFF, 0xD5, 0x01, 0xBA, 0xFF, 0xCE, 0x01, 0xBF, 0xFF, 0xC5, 0x01, 0xC2, 0xFF, 0xC1, 0x01, 0xC6,
    0xFF, 0xD4, 0x01, 0xE5, 0xFF, 0xD1, 0x00, 0x08, 0x01, 0x60, 0x00, 0x13, 0x01, 0x65, 0x00, 0x17,
    0x01, 0x82, 0xFF, 0xAD, 0x01, 0x86, 0xFF, 0xEF, 0x01, 0xBA, 0xFF, 0xFD, 0x01, 0xDF, 0xFF, 0xE6,
    0x01, 0xE0, 0xFF, 0xF9, 0x01, 0xE4, 0x00, 0x15, 0x00, 0x22, 0x01, 0x55, 0xFF, 0xA3, 0x01, 0x56,
    0xFF, 0xA0, 0x01, 0x57, 0xFF, 0xA0, 0x01, 0x58, 0xFF, 0xA0, 0x01, 0x59, 0xFF, 0x9E, 0x01, 0x5A,
    0xFF, 0xA7, 0x01, 0x5B, 0xFF, 0xA3, 0x01, 0x5C, 0xFF, 0x9A, 0x01, 0x5D, 0xFF, 0xA3, 0x01, 0x5E,
    0xFF, 0xA2, 0x01, 0x60, 0xFF, 0xE9, 0x01, 0x61, 0xFF, 0xE9, 0x01, 0x62, 0xFF, 0xC3, 0x01, 0x63,
    0xFF, 0xE9, 0x01, 0x64, 0xFF, 0xC3, 0x01, 0x65, 0xFF, 0xCB, 0x01, 0x66, 0xFF, 0xE3, 0x01, 0x82,
    0xFF, 0xAD, 0x01, 0x85, 0xFF, 0xE0, 0x01, 0x86, 0xFF, 0xC3, 0x01, 0x8B, 0xFF, 0xD2, 0x01, 0x9C,
    0x00, 0x06, 0x01, 0xA7, 0x00, 0x00, 0x01, 0xA9, 0xFF, 0xAE, 0x01, 0xAD, 0xFF, 0xEF, 0x01, 0xAF,
    0xFF, 0xEE, 0x01, 0xB0, 0xFF, 0xB7, 0x01, 0xBA, 0xFF, 0xB5, 0x01, 0xBE, 0xFF, 0xF9, 0x01, 0xBF,
    0xFF, 0xA4, 0x01, 0xC6, 0xFF, 0x91, 0x01, 0xDF, 0xFF, 0x8D, 0x01, 0xE0, 0xFF, 0x97, 0x01, 0xE3,
    0xFF, 0xD1, 0x00, 0x01, 0x00, 0x34, 0x00, 0x04, 0x00, 0x00, 0x00, 0x15, 0x00, 0xE8, 0x00, 0xE2,
    0x00, 0xDC, 0x00, 0xD6, 0x00, 0xD6, 0x00, 0xD0, 0x00, 0xCA, 0x00, 0xC4, 0x00, 0xBE, 0x00, 0xB8,
    0x00, 0xAE, 0x00, 0xA8, 0x00, 0xA2, 0x00, 0x9C, 0x00, 0x96, 0x00, 0x90, 0x00, 0x8A, 0x00, 0x84,
    0x00, 0x7E, 0x00, 0x78, 0x00, 0x62, 0x00, 0x01, 0x00, 0x15, 0x01, 0x3E, 0x01, 0x5C, 0x01, 0x7F,
    0x01, 0x80, 0x01, 0x81, 0x01, 0x87, 0x01, 0x89, 0x01, 0x9A, 0x01, 0xA8, 0x01, 0xAC, 0x01, 0xAD,
    0x01, 0xAF, 0x01, 0xB0, 0x01, 0xB5, 0x01, 0xB7, 0x01, 0xB9, 0x01, 0xBC, 0x01, 0xC2, 0x01, 0xCD,
    0x01, 0xDE, 0x01, 0xE5, 0x00, 0x05, 0x01, 0x3F, 0xFF, 0xD8, 0x01, 0x92, 0xFF, 0xB3, 0x01, 0x94,
    0xFF, 0xB3, 0x01, 0x99, 0xFF, 0xB3, 0x01, 0x9A, 0xFF, 0xB3, 0x00, 0x01, 0x01, 0xA8, 0xFF, 0xD9,
    0x00, 0x01, 0x01, 0xE3, 0xFF, 0xCD, 0x00, 0x01, 0x01, 0xC7, 0xFF, 0xF2, 0x00, 0x01, 0x01, 0xB7,
    0xFF, 0xDB, 0x00, 0x01, 0x01, 0xAD, 0xFF, 0xF1, 0x00, 0x01, 0x01, 0x9D, 0xFF, 0xDE, 0x00, 0x01,
    0x01, 0xA8, 0xFF, 0xF3, 0x00, 0x01, 0x01, 0xB8, 0xFF, 0xE5, 0x00, 0x01, 0x01, 0x8E, 0xFF, 0xC4,
    0x00, 0x02, 0x01, 0x96, 0xFF, 0xE8, 0x01, 0x98, 0xFF, 0xE8, 0x00, 0x01, 0x01, 0xB8, 0xFF, 0xDB,
    0x00, 0x01, 0x01, 0xC6, 0xFF, 0xD6, 0x00, 0x01, 0x01, 0xC1, 0xFF, 0xB3, 0x00, 0x01, 0x01, 0xCB,
    0xFF, 0xD9, 0x00, 0x01, 0x01, 0x90, 0xFF, 0xDF, 0x00, 0x01, 0x01, 0x5C, 0xFF, 0xBF, 0x00, 0x01,
    0x01, 0x85, 0x00, 0x08, 0x00, 0x01, 0x01, 0x5F, 0xFF, 0xDD, 0x00, 0x01, 0x01, 0xE4, 0xFF, 0xCE,
    0x00, 0x09, 0x00, 0x08, 0x00, 0x03, 0x65, 0xEC, 0x4B, 0x90, 0x00, 0x0C, 0x00, 0x01, 0x00, 0x02,
    0x00, 0x00, 0x00, 0x08, 0x00, 0x02, 0x43, 0x90, 0x00, 0x04, 0x00, 0x00, 0x47, 0xE8, 0x44, 0x1E,
    0x00, 0x60, 0x00, 0x5A, 0x00, 0x00, 0x00, 0x03, 0x00, 0x00, 0x00, 0x00, 0x00, 0x00, 0x00, 0x06,
    0xFF, 0xE9, 0x00, 0x03, 0x00, 0x00, 0x00, 0x03, 0xFF, 0xEC, 0x00, 0x00, 0x00, 0x00, 0x00, 0x00,
    0x00, 0x00, 0xFF, 0xBA, 0x00, 0x00, 0x00, 0x10, 0xFF, 0xD6, 0xFF, 0xF2, 0x00, 0x01, 0xFF, 0xF4,
    0xFF, 0xA2, 0xFF, 0xEA, 0xFF, 0xF1, 0xFF, 0xFC, 0xFF, 0xFD, 0xFF, 0xF8, 0x00, 0x00, 0x00, 0x03,
    0xFF, 0xF6, 0xFF, 0xF8, 0xFF, 0xFE, 0x00, 0x00, 0x00, 0x00, 0xFF, 0xFD, 0xFF, 0xF8, 0xFF, 0xF7,
    0xFF, 0xF0, 0xFF, 0xFE, 0x00, 0x00, 0xFF, 0xE4, 0x00, 0x04, 0x00, 0x02, 0x00, 0x00, 0xFF, 0xBD,
    0xFF, 0xC0, 0xFF, 0xE0, 0x00, 0x00, 0x00, 0x00, 0x00, 0x00, 0xFF, 0xCD, 0xFF, 0xD4, 0x00, 0x00,
    0xFF, 0xF1, 0xFF, 0xF1, 0xFF, 0xBB, 0xFF, 0xCE, 0xFF, 0xC5, 0xFF, 0xC2, 0x00, 0x00, 0xFF, 0xE6,
    0xFF, 0xF8, 0xFF, 0xCF, 0x00, 0x04, 0xFF, 0xEA, 0x00, 0x06, 0x00, 0x02, 0x00, 0x06, 0x00, 0x06,
    0x00, 0x02, 0xFF, 0xFD, 0xFF, 0xF7, 0x00, 0x00, 0x00, 0x00, 0xFF, 0xF9, 0x00, 0x0F, 0x00, 0x00,
    0xFF, 0xE0, 0x00, 0x00, 0xFF, 0xDD, 0xFF, 0xCD, 0xFF, 0xCA, 0x00, 0x00, 0xFF, 0xBB, 0xFF, 0xED,
    0xFF, 0xB4, 0x00, 0x00, 0xFF, 0x90, 0xFF, 0xDD, 0x00, 0x00, 0x00, 0x00, 0x00, 0x00, 0xFF, 0xFF,
    0xFF, 0xFE, 0x00, 0x00, 0xFF, 0xE3, 0x00, 0x00, 0xFF, 0xFB, 0x00, 0x00, 0xFF, 0xFA, 0xFF, 0xFD,
    0xFF, 0xFF, 0x00, 0x01, 0xFF, 0xFC, 0xFF, 0xAF, 0x00, 0x00, 0x00, 0x00, 0xFF, 0xD3, 0xFF, 0xF7,
    0x00, 0x00, 0xFF, 0xEE, 0xFF, 0xC1, 0xFF, 0xF6, 0xFF, 0xE7, 0xFF, 0xF6, 0xFF, 0xF7, 0x00, 0x00,
    0x00, 0x00, 0x00, 0x00, 0xFF, 0xFA, 0xFF, 0xF0, 0xFF, 0xFC, 0xFF, 0xFE, 0xFF, 0xFC, 0xFF, 0xF7,
    0x00, 0x00, 0xFF, 0xF8, 0xFF, 0xE5, 0xFF, 0xF8, 0xFF, 0xF5, 0xFF, 0xED, 0xFF, 0xFE, 0x00, 0x00,
    0x00, 0x00, 0xFF, 0xC0, 0xFF, 0xBA, 0xFF, 0xF3, 0xFF, 0xD1, 0xFF, 0xE7, 0x00, 0x00, 0xFF, 0xD4,
    0xFF, 0xF3, 0xFF, 0xFE, 0xFF, 0xE8, 0xFF, 0xE6, 0xFF, 0xB9, 0xFF, 0xC9, 0xFF, 0xC9, 0xFF, 0xC5,
    0x00, 0x00, 0xFF, 0xDF, 0xFF, 0xF4, 0xFF, 0xCC, 0xFF, 0xFE, 0xFF, 0xE4, 0xFF, 0xFE, 0xFF, 0xFE,
    0x00, 0x00, 0xFF, 0xFE, 0x00, 0x00, 0xFF, 0xF4, 0xFF, 0xED, 0xFF, 0xEF, 0x00, 0x03, 0x00, 0x0C,
    0x00, 0x10, 0x00, 0x00, 0xFF, 0xE0, 0x00, 0x00, 0xFF, 0xDB, 0xFF, 0xCF, 0xFF, 0xC9, 0x00, 0x00,
    0xFF, 0xBB, 0xFF, 0xF9, 0xFF, 0xA9, 0x00, 0x00, 0xFF, 0xAD, 0x00, 0x00, 0x00, 0x00, 0x00, 0x00,
    0x00, 0x00, 0x00, 0x00, 0xFF, 0xFE, 0x00, 0x03, 0xFF, 0xF3, 0x00, 0x02, 0x00, 0x04, 0x00, 0x03,
    0xFF, 0xDF, 0x00, 0x00, 0x00, 0x00, 0x00, 0x00, 0x00, 0x00, 0xFF, 0xCB, 0x00, 0x00, 0x00, 0x00,
    0xFF, 0xE7, 0xFF, 0xD9, 0x00, 0x00, 0xFF, 0xF9, 0xFF, 0xDD, 0xFF, 0xE1, 0xFF, 0xF0, 0x00, 0x05,
    0x00, 0x07, 0x00, 0x00, 0x00, 0x00, 0x00, 0x00, 0xFF, 0xDB, 0xFF, 0xFA, 0x00, 0x00, 0x00, 0x00,
    0xFF, 0xFE, 0xFF, 0xFE, 0x00, 0x00, 0xFF, 0xF9, 0xFF, 0xF0, 0x00, 0x07, 0x00, 0x00, 0xFF, 0xEB,
    0x00, 0x02, 0x00, 0x00, 0x00, 0x00, 0xFF, 0xD4, 0xFF, 0xD4, 0xFF, 0xCB, 0xFF, 0xEB, 0x00, 0x00,
    0x00, 0x0A, 0xFF, 0xE0, 0xFF, 0xC9, 0x00, 0x08, 0xFF, 0xF8, 0xFF, 0xF3, 0xFF, 0xD6, 0xFF, 0xE1,
    0xFF, 0xD3, 0xFF, 0xC9, 0xFF, 0xBA, 0x00, 0x00, 0xFF, 0xFA, 0xFF, 0xD9, 0x00, 0x04, 0xFF, 0xE8,
    0x00, 0x04, 0x00, 0x0D, 0x00, 0x03, 0x00, 0x0E, 0x00, 0x00, 0x00, 0x00, 0x00, 0x00, 0xFF, 0xF9,
    0x00, 0x02, 0xFF, 0xEF, 0x00, 0x0E, 0x00, 0x10, 0xFF, 0xE4, 0xFF, 0xE0, 0xFF, 0xF4, 0xFF, 0xEB,
    0xFF, 0xEB, 0x00, 0x0C, 0xFF, 0xE0, 0xFF, 0xE0, 0xFF, 0xCE, 0x00, 0x00, 0xFF, 0x70, 0xFF, 0xE9,
    0x00, 0x00, 0x00, 0x00, 0x00, 0x04, 0x00, 0x00, 0x00, 0x07, 0x00, 0x00, 0x00, 0x03, 0x00, 0x02,
    0x00, 0x00, 0x00, 0x02, 0xFF, 0xFC, 0x00, 0x00, 0x00, 0x00, 0x00, 0x02, 0xFF, 0xFE, 0xFF, 0xCA,
    0x00, 0x07, 0x00, 0x0A, 0xFF, 0xE8, 0xFF, 0xF6, 0x00, 0x02, 0x00, 0x03, 0xFF, 0xC7, 0xFF, 0xF8,
    0xFF, 0xE4, 0x00, 0x00, 0x00, 0x0B, 0x00, 0x02, 0x00, 0x00, 0x00, 0x00, 0xFF, 0xFB, 0xFF, 0xF9,
    0x00, 0x00, 0x00, 0x00, 0x00, 0x00, 0xFF, 0xF6, 0x00, 0x00, 0x00, 0x00, 0xFF, 0xE4, 0x00, 0x0B,
    0xFF, 0xF4, 0xFF, 0xF7, 0x00, 0x00, 0x00, 0x00, 0x00, 0x00, 0xFF, 0xDD, 0xFF, 0xDD, 0x00, 0x00,
    0x00, 0x00, 0x00, 0x00, 0x00, 0x00, 0xFF, 0xE7, 0xFF, 0xF8, 0x00, 0x06, 0xFF, 0xED, 0xFF, 0xE6,
    0xFF, 0xE0, 0xFF, 0xE2, 0xFF, 0xD0, 0xFF, 0xD0, 0x00, 0x00, 0x00, 0x00, 0xFF, 0xF9, 0xFF, 0xD0,
    0x00, 0x00, 0xFF, 0xE4, 0x00, 0x00, 0x00, 0x00, 0x00, 0x00, 0x00, 0x00, 0x00, 0x00, 0xFF, 0xF6,
    0xFF, 0xF3, 0xFF, 0xF7, 0x00, 0x03, 0x00, 0x0A, 0x00, 0x0E, 0x00, 0x00, 0xFF, 0xE7, 0x00, 0x00,
    0xFF, 0xF6, 0xFF, 0xEA, 0xFF, 0xEA, 0x00, 0x05, 0xFF, 0xC7, 0x00, 0x00, 0xFF, 0xCB, 0x00, 0x00,
    0xFF, 0xDD, 0x00, 0x00, 0x00, 0x00, 0x00, 0x00, 0x00, 0x00, 0x00, 0x00, 0x00, 0x02, 0x00, 0x00,
    0x00, 0x00, 0x00, 0x00, 0x00, 0x00, 0x00, 0x00, 0x00, 0x00, 0x00, 0x00, 0x00, 0x00, 0x00, 0x02,
    0x00, 0x02, 0xFF, 0xF6, 0x00, 0x02, 0x00, 0x05, 0x00, 0x00, 0xFF, 0xF5, 0x00, 0x02, 0x00, 0x00,
    0xFF, 0xFE, 0x00, 0x00, 0xFF, 0xE3, 0x00, 0x05, 0x00, 0x05, 0x00, 0x00, 0x00, 0x00, 0x00, 0x00,
    0x00, 0x00, 0xFF, 0xF6, 0x00, 0x00, 0x00, 0x00, 0x00, 0x00, 0xFF, 0xF5, 0xFF, 0xF7, 0x00, 0x00,
    0xFF, 0xE3, 0x00, 0x05, 0xFF, 0xF3, 0xFF, 0xF1, 0x00, 0x00, 0x00, 0x03, 0x00, 0x00, 0xFF, 0xF0,
    0xFF, 0xF0, 0xFF, 0xF4, 0xFF, 0xF4, 0xFF, 0xF4, 0x00, 0x0A, 0x00, 0x00, 0x00, 0x00, 0x00, 0x02,
    0xFF, 0xED, 0xFF, 0xE4, 0xFF, 0xEB, 0x00, 0x00, 0xFF, 0xFC, 0xFF, 0xFC, 0xFF, 0xF0, 0x00, 0x09,
    0x00, 0x00, 0xFF, 0xEB, 0x00, 0x00, 0xFF, 0xEC, 0x00, 0x13, 0x00, 0x25, 0x00, 0x14, 0x00, 0x26,
    0x00, 0x06, 0xFF, 0xF5, 0xFF, 0xF7, 0xFF, 0xF6, 0x00, 0x05, 0x00, 0x0A, 0x00, 0x09, 0x00, 0x09,
    0xFF, 0xFE, 0xFF, 0xF3, 0xFF, 0xF7, 0xFF, 0xF5, 0xFF, 0xF5, 0x00, 0x00, 0x00, 0x00, 0xFF, 0xFC,
    0xFF, 0xEE, 0x00, 0x00, 0xFF, 0xAB, 0x00, 0x00, 0x00, 0x00, 0x00, 0x00, 0xFF, 0xEA, 0xFF, 0xE7,
    0xFF, 0xE4, 0x00, 0x00, 0xFF, 0xE8, 0xFF, 0xEA, 0xFF, 0xFB, 0xFF, 0xF2, 0xFF, 0xFB, 0xFF, 0xE7,
    0xFF, 0xE9, 0xFF, 0xEA, 0xFF, 0xEB, 0xFF, 0xF6, 0xFF, 0xE6, 0xFF, 0xF2, 0x00, 0x00, 0xFF, 0xF9,
    0xFF, 0xEA, 0xFF, 0xEF, 0x00, 0x00, 0xFF, 0xFE, 0xFF, 0xCD, 0xFF, 0xF7, 0xFF, 0xFB, 0xFF, 0xFB,
    0xFF, 0xF7, 0xFF, 0xF5, 0x00, 0x00, 0xFF, 0xD5, 0xFF, 0xE5, 0xFF, 0xFE, 0x00, 0x00, 0xFF, 0xD0,
    0xFF, 0xD7, 0xFF, 0xF7, 0xFF, 0xC6, 0xFF, 0xFB, 0xFF, 0xDB, 0xFF, 0xEA, 0xFF, 0xF1, 0x00, 0x00,
    0x00, 0x00, 0xFF, 0xF2, 0xFF, 0xF2, 0xFF, 0xF7, 0xFF, 0xEB, 0xFF, 0xD3, 0x00, 0x0A, 0xFF, 0xFB,
    0xFF, 0xFC, 0xFF, 0xEF, 0xFF, 0xD6, 0xFF, 0xC7, 0xFF, 0xE8, 0xFF, 0xF8, 0xFF, 0xFE, 0xFF, 0xFD,
    0xFF, 0xF2, 0x00, 0x00, 0xFF, 0xEF, 0xFF, 0xEB, 0xFF, 0xF9, 0xFF, 0xEF, 0x00, 0x12, 0x00, 0x20,
    0x00, 0x13, 0x00, 0x21, 0x00, 0x00, 0xFF, 0xDC, 0xFF, 0xD2, 0xFF, 0xD0, 0xFF, 0xF5, 0x00, 0x05,
    0xFF, 0xF7, 0xFF, 0xF7, 0x00, 0x00, 0xFF, 0xF4, 0xFF, 0xEB, 0xFF, 0xF2, 0xFF, 0xF2, 0xFF, 0xEB,
    0x00, 0x00, 0xFF, 0xF8, 0xFF, 0xF2, 0x00, 0x00, 0xFF, 0xAD, 0xFF, 0xF5, 0x00, 0x00, 0x00, 0x00,
    0xFF, 0xF3, 0xFF, 0xEA, 0xFF, 0xE9, 0x00, 0x02, 0x00, 0x00, 0x00, 0x00, 0xFF, 0xFA, 0xFF, 0xF8,
    0xFF, 0xBB, 0xFF, 0xE5, 0xFF, 0xEA, 0xFF, 0xEE, 0xFF, 0xF8, 0xFF, 0xDA, 0xFF, 0xE9, 0xFF, 0xEE,
    0xFF, 0xEF, 0xFF, 0xAC, 0xFF, 0xEC, 0x00, 0x00, 0xFF, 0xD9, 0xFF, 0xD7, 0xFF, 0xDE, 0x00, 0x04,
    0x00, 0x04, 0xFF, 0xFD, 0xFF, 0xFB, 0x00, 0x00, 0xFF, 0xC1, 0xFF, 0xF5, 0xFF, 0xF1, 0xFF, 0xFE,
    0xFF, 0xFE, 0xFF, 0xD9, 0x00, 0x00, 0xFF, 0xFE, 0xFF, 0xD1, 0x00, 0x04, 0xFF, 0xD1, 0xFF, 0xEB,
    0xFF, 0xF5, 0xFF, 0xFF, 0x00, 0x00, 0xFF, 0xEC, 0xFF, 0xEC, 0x00, 0x00, 0x00, 0x00, 0x00, 0x00,
    0x00, 0x00, 0xFF, 0xEB, 0xFF, 0xCD, 0xFF, 0xF8, 0xFF, 0xE7, 0xFF, 0xCD, 0xFF, 0xEF, 0xFF, 0xE8,
    0xFF, 0xCC, 0xFF, 0xBF, 0x00, 0x00, 0x00, 0x00, 0xFF, 0xF6, 0x00, 0x00, 0xFF, 0xEF, 0xFF, 0xE0,
    0x00, 0x02, 0x00, 0x02, 0x00, 0x02, 0x00, 0x02, 0xFF, 0xFF, 0xFF, 0xF1, 0xFF, 0xDA, 0xFF, 0xF3,
    0xFF, 0xEE, 0xFF, 0xEB, 0xFF, 0xF6, 0x00, 0x00, 0xFF, 0xE6, 0x00, 0x00, 0xFF, 0xFB, 0xFF, 0xFB,
    0xFF, 0xFB, 0xFF, 0xF5, 0xFF, 0xD9, 0xFF, 0xBA, 0xFF, 0xD8, 0x00, 0x00, 0xFF, 0x7E, 0xFF, 0xFC,
    0x00, 0x00, 0x00, 0x00, 0x00, 0x04, 0xFF, 0xFA, 0xFF, 0xF9, 0x00, 0x02, 0xFF, 0xFC, 0x00, 0x00,
    0x00, 0x02, 0x00, 0x00, 0xFF, 0xE0, 0xFF, 0xF9, 0x00, 0x00, 0xFF, 0xFE, 0x00, 0x02, 0xFF, 0xF9,
    0xFF, 0xFE, 0x00, 0x00, 0x00, 0x05, 0xFF, 0xE0, 0xFF, 0xFE, 0xFF, 0xFE, 0x00, 0x00, 0x00, 0x00,
    0xFF, 0xEB, 0x00, 0x07, 0x00, 0x07, 0x00, 0x00, 0x00, 0x00, 0x00, 0x00, 0xFF, 0xE6, 0xFF, 0xF9,
    0x00, 0x03, 0x00, 0x00, 0x00, 0x00, 0xFF, 0xF6, 0xFF, 0xFB, 0xFF, 0xFA, 0xFF, 0xE5, 0x00, 0x06,
    0xFF, 0xF6, 0xFF, 0xEE, 0x00, 0x00, 0x00, 0x00, 0x00, 0x00, 0xFF, 0xF3, 0xFF, 0xF3, 0xFF, 0xCD,
    0xFF, 0xF7, 0xFF, 0xF9, 0x00, 0x07, 0x00, 0x05, 0xFF, 0xFD, 0x00, 0x02, 0xFF, 0xF0, 0xFF, 0xE8,
    0xFF, 0xEE, 0x00, 0x00, 0xFF, 0xFE, 0xFF, 0xFC, 0xFF, 0xF1, 0x00, 0x0E, 0x00, 0x02, 0xFF, 0xF0,
    0x00, 0x03, 0xFF, 0xF1, 0x00, 0x00, 0x00, 0x00, 0x00, 0x19, 0x00, 0x2A, 0x00, 0x0A, 0xFF, 0xF9,
    0xFF, 0xFA, 0xFF, 0xFC, 0x00, 0x00, 0x00, 0x0B, 0x00, 0x0D, 0x00, 0x0E, 0xFF, 0xFC, 0xFF, 0xEE,
    0xFF, 0xF9, 0xFF, 0xF7, 0xFF, 0xF7, 0x00, 0x03, 0x00, 0x02, 0xFF, 0xDF, 0xFF, 0xF1, 0x00, 0x00,
    0xFF, 0x81, 0xFF, 0xFA, 0x00, 0x00, 0x00, 0x00, 0x00, 0x00, 0x00, 0x00, 0x00, 0x00, 0xFF, 0xFE,
    0xFF, 0xEA, 0x00, 0x00, 0xFF, 0xFA, 0x00, 0x00, 0xFF, 0xE6, 0x00, 0x00, 0x00, 0x00, 0x00, 0x00,
    0x00, 0x00, 0xFF, 0xAC, 0x00, 0x00, 0x00, 0x06, 0xFF, 0xD3, 0xFF, 0xE9, 0x00, 0x00, 0xFF, 0xF2,
    0xFF, 0xA1, 0xFF, 0xE0, 0xFF, 0xF0, 0xFF, 0xF7, 0xFF, 0xF7, 0xFF, 0xF5, 0x00, 0x00, 0x00, 0x00,
    0xFF, 0xEA, 0xFF, 0xF8, 0xFF, 0xFD, 0xFF, 0xFC, 0xFF, 0xFD, 0xFF, 0xFE, 0xFF, 0xFA, 0xFF, 0xF1,
    0xFF, 0xEF, 0xFF, 0xF7, 0x00, 0x00, 0xFF, 0xDF, 0x00, 0x00, 0xFF, 0xFE, 0x00, 0x00, 0xFF, 0xBB,
    0xFF, 0xBC, 0x00, 0x00, 0x00, 0x00, 0xFF, 0xF6, 0x00, 0x07, 0xFF, 0xCA, 0xFF, 0xC8, 0x00, 0x00,
    0xFF, 0xEF, 0xFF, 0xF1, 0xFF, 0xB6, 0xFF, 0xCC, 0xFF, 0xC3, 0xFF, 0xB6, 0x00, 0x00, 0xFF, 0xE3,
    0xFF, 0xF7, 0xFF, 0xCC, 0x00, 0x00, 0xFF, 0xE6, 0xFF, 0xFE, 0xFF, 0xFF, 0x00, 0x00, 0x00, 0x00,
    0xFF, 0xFD, 0xFF, 0xFD, 0xFF, 0xF5, 0xFF, 0xFB, 0x00, 0x00, 0xFF, 0xF2, 0x00, 0x0B, 0x00, 0x00,
    0xFF, 0xDC, 0x00, 0x00, 0xFF, 0xD7, 0xFF, 0xC9, 0xFF, 0xC8, 0x00, 0x00, 0xFF, 0xB8, 0xFF, 0xE9,
    0xFF, 0xB3, 0x00, 0x00, 0xFF, 0x85, 0xFF, 0xD6, 0x00, 0x00, 0x00, 0x00, 0xFF, 0xDF, 0xFF, 0xE6,
    0xFF, 0xE4, 0xFF, 0xFC, 0xFF, 0xBB, 0xFF, 0xEA, 0xFF, 0xE0, 0xFF, 0xFC, 0x00, 0x00, 0xFF, 0xE4,
    0xFF, 0xEA, 0xFF, 0xF0, 0xFF, 0xE4, 0xFF, 0xAE, 0xFF, 0xE7, 0xFF, 0xEE, 0xFF, 0xBA, 0x00, 0x00,
    0xFF, 0xEB, 0xFF, 0xCB, 0xFF, 0xB1, 0x00, 0x00, 0xFF, 0xBA, 0xFF, 0xD2, 0xFF, 0xE6, 0x00, 0x00,
    0xFF, 0xF3, 0x00, 0x00, 0x00, 0x00, 0xFF, 0xCC, 0xFF, 0xD8, 0xFF, 0xF8, 0xFF, 0xF7, 0xFF, 0xD6,
    0xFF, 0xD1, 0xFF, 0xFE, 0xFF, 0xC0, 0xFF, 0xE7, 0xFF, 0xD5, 0xFF, 0xEE, 0xFF, 0xFA, 0xFF, 0xF8,
    0x00, 0x00, 0xFF, 0x98, 0xFF, 0x98, 0x00, 0x00, 0xFF, 0xC9, 0xFF, 0xD1, 0x00, 0x0A, 0xFF, 0xAE,
    0x00, 0x00, 0xFF, 0xEC, 0xFF, 0xB3, 0xFF, 0xC7, 0xFF, 0x91, 0xFF, 0xA1, 0xFF, 0xC5, 0xFF, 0xB3,
    0x00, 0x00, 0xFF, 0xD2, 0xFF, 0xE6, 0xFF, 0xC9, 0xFF, 0xE1, 0xFF, 0xE1, 0xFF, 0xFC, 0xFF, 0xFE,
    0xFF, 0xFC, 0xFF, 0xFE, 0xFF, 0xFA, 0xFF, 0xCD, 0xFF, 0xD2, 0xFF, 0xCD, 0xFF, 0xF2, 0x00, 0x0A,
    0xFF, 0xF6, 0xFF, 0xED, 0xFF, 0xDF, 0xFF, 0xF2, 0xFF, 0xB7, 0xFF, 0xA1, 0xFF, 0xA3, 0xFF, 0xE7,
    0xFF, 0xB7, 0x00, 0x00, 0xFF, 0x94, 0x00, 0x00, 0xFF, 0xAD, 0x00, 0x00, 0x00, 0x00, 0x00, 0x00,
    0x00, 0x00, 0x00, 0x00, 0x00, 0x00, 0x00, 0x00, 0xFF, 0xEA, 0x00, 0x00, 0xFF, 0xFE, 0x00, 0x00,
    0xFF, 0xFA, 0x00, 0x00, 0x00, 0x00, 0x00, 0x02, 0x00, 0x00, 0xFF, 0xBE, 0x00, 0x00, 0x00, 0x00,
    0xFF, 0xD8, 0xFF, 0xF7, 0x00, 0x02, 0xFF, 0xF4, 0xFF, 0xAF, 0xFF, 0xF7, 0xFF, 0xE5, 0xFF, 0xFC,
    0xFF, 0xFC, 0x00, 0x00, 0x00, 0x00, 0x00, 0x00, 0xFF, 0xFA, 0xFF, 0xF1, 0xFF, 0xFE, 0x00, 0x00,
    0xFF, 0xFC, 0xFF, 0xF7, 0xFF, 0xF4, 0xFF, 0xFB, 0xFF, 0xE5, 0xFF, 0xFD, 0xFF, 0xF5, 0xFF, 0xED,
    0x00, 0x00, 0x00, 0x00, 0x00, 0x00, 0xFF, 0xC3, 0xFF, 0xC3, 0x00, 0x00, 0xFF, 0xD5, 0x00, 0x00,
    0x00, 0x00, 0xFF, 0xD1, 0xFF, 0xF7, 0x00, 0x03, 0xFF, 0xEA, 0xFF, 0xE7, 0xFF, 0xC6, 0xFF, 0xCF,
    0xFF, 0xC9, 0xFF, 0xB2, 0x00, 0x00, 0xFF, 0xEA, 0xFF, 0xF4, 0xFF, 0xCD, 0x00, 0x00, 0xFF, 0xE5,
    0x00, 0x00, 0x00, 0x00, 0x00, 0x00, 0x00, 0x00, 0x00, 0x00, 0xFF, 0xF6, 0xFF, 0xF0, 0xFF, 0xF1,
    0x00, 0x03, 0x00, 0x0C, 0x00, 0x10, 0x00, 0x00, 0xFF, 0xE1, 0x00, 0x00, 0xFF, 0xE2, 0xFF, 0xD6,
    0xFF, 0xD5, 0x00, 0x00, 0xFF, 0xBD, 0xFF, 0xF8, 0xFF, 0xB2, 0x00, 0x00, 0xFF, 0xAD, 0x00, 0x00,
    0x00, 0x00, 0x00, 0x09, 0x00, 0x04, 0x00, 0x00, 0x00, 0x00, 0x00, 0x0D, 0xFF, 0xF7, 0x00, 0x0E,
    0x00, 0x05, 0x00, 0x0F, 0xFF, 0xE6, 0x00, 0x00, 0x00, 0x02, 0x00, 0x02, 0x00, 0x00, 0xFF, 0xD1,
    0x00, 0x00, 0x00, 0x05, 0xFF, 0xEA, 0xFF, 0xE4, 0x00, 0x01, 0xFF, 0xFD, 0xFF, 0xE6, 0xFF, 0xEC,
    0xFF, 0xF2, 0x00, 0x0B, 0x00, 0x0B, 0x00, 0x02, 0x00, 0x09, 0x00, 0x09, 0xFF, 0xE6, 0xFF, 0xFA,
    0x00, 0x00, 0x00, 0x05, 0x00, 0x08, 0xFF, 0xFE, 0x00, 0x00, 0xFF, 0xF9, 0xFF, 0xF0, 0x00, 0x0C,
    0x00, 0x00, 0xFF, 0xF1, 0x00, 0x0D, 0x00, 0x09, 0x00, 0x00, 0xFF, 0xDF, 0xFF, 0xDF, 0xFF, 0xD0,
    0xFF, 0xF2, 0x00, 0x00, 0x00, 0x13, 0xFF, 0xE5, 0xFF, 0xD2, 0x00, 0x0C, 0xFF, 0xF9, 0xFF, 0xF3,
    0xFF, 0xE0, 0xFF, 0xE6, 0xFF, 0xD6, 0xFF, 0xD1, 0xFF, 0xC0, 0x00, 0x00, 0x00, 0x00, 0xFF, 0xDC,
    0x00, 0x08, 0xFF, 0xEE, 0x00, 0x0E, 0x00, 0x13, 0x00, 0x0D, 0x00, 0x13, 0x00, 0x09, 0x00, 0x00,
    0x00, 0x00, 0xFF, 0xFC, 0x00, 0x0A, 0xFF, 0xF7, 0x00, 0x10, 0x00, 0x13, 0xFF, 0xE6, 0xFF, 0xE0,
    0xFF, 0xF9, 0xFF, 0xF0, 0xFF, 0xF0, 0x00, 0x0D, 0xFF, 0xE9, 0xFF, 0xE4, 0xFF, 0xD3, 0x00, 0x00,
    0xFF, 0x7C, 0xFF, 0xF1, 0x00, 0x00, 0x00, 0x00, 0x00, 0x03, 0xFF, 0xFE, 0x00, 0x05, 0x00, 0x00,
    0x00, 0x02, 0x00, 0x00, 0x00, 0x02, 0x00, 0x00, 0xFF, 0xFC, 0xFF, 0xFE, 0xFF, 0xFE, 0x00, 0x05,
    0x00, 0x05, 0xFF, 0xF6, 0x00, 0x05, 0x00, 0x08, 0x00, 0x00, 0xFF, 0xF5, 0x00, 0x05, 0x00, 0x02,
    0x00, 0x00, 0x00, 0x00, 0xFF, 0xE3, 0x00, 0x09, 0x00, 0x09, 0x00, 0x00, 0x00, 0x00, 0x00, 0x00,
    0xFF, 0xFC, 0xFF, 0xF8, 0x00, 0x02, 0x00, 0x00, 0x00, 0x00, 0xFF, 0xF5, 0xFF, 0xFA, 0x00, 0x00,
    0xFF, 0xE3, 0x00, 0x09, 0xFF, 0xF2, 0xFF, 0xF3, 0x00, 0x00, 0x00, 0x00, 0x00, 0x00, 0xFF, 0xF5,
    0xFF, 0xF5, 0x00, 0x00, 0xFF, 0xF7, 0xFF, 0xF7, 0x00, 0x06, 0x00, 0x00, 0x00, 0x00, 0x00, 0x04,
    0xFF, 0xED, 0xFF, 0xE5, 0xFF, 0xEB, 0x00, 0x00, 0x00, 0x00, 0xFF, 0xF8, 0x00, 0x00, 0x00, 0x00,
    0x00, 0x00, 0xFF, 0xD9, 0x00, 0x00, 0xFF, 0xE8, 0x00, 0x07, 0x00, 0x0B, 0x00, 0x08, 0x00, 0x0E,
    0x00, 0x06, 0xFF, 0xF6, 0xFF, 0xF5, 0xFF, 0xF6, 0x00, 0x08, 0x00, 0x08, 0x00, 0x0C, 0x00, 0x00,
    0x00, 0x00, 0x00, 0x00, 0xFF, 0xF6, 0xFF, 0xF5, 0xFF, 0xF5, 0x00, 0x03, 0xFF, 0xFB, 0xFF, 0xFE,
    0xFF, 0xEC, 0x00, 0x00, 0xFF, 0xAC, 0x00, 0x00, 0x00, 0x00, 0x00, 0x00, 0xFF, 0xFD, 0xFF, 0xF0,
    0xFF, 0xF4, 0x00, 0x00, 0xFF, 0xF8, 0xFF, 0xFD, 0xFF, 0xF8, 0x00, 0x00, 0x00, 0x00, 0xFF, 0xF0,
    0xFF, 0xF1, 0xFF, 0xF3, 0xFF, 0xFC, 0xFF, 0xD5, 0xFF, 0xF4, 0x00, 0x00, 0xFF, 0xDD, 0xFF, 0xF6,
    0xFF, 0xF4, 0x00, 0x00, 0xFF, 0xE8, 0x00, 0x00, 0xFF, 0xCA, 0x00, 0x00, 0x00, 0x00, 0x00, 0x00,
    0xFF, 0xFE, 0x00, 0x00, 0x00, 0x00, 0xFF, 0xE9, 0xFF, 0xF6, 0x00, 0x00, 0x00, 0x00, 0xFF, 0xC0,
    0x00, 0x00, 0x00, 0x00, 0xFF, 0xC7, 0x00, 0x00, 0xFF, 0xCD, 0xFF, 0xF3, 0x00, 0x00, 0x00, 0x00,
    0x00, 0x00, 0xFF, 0xDC, 0xFF, 0xDC, 0x00, 0x00, 0x00, 0x00, 0x00, 0x00, 0x00, 0x00, 0xFF, 0xD7,
    0xFF, 0xFD, 0x00, 0x00, 0xFF, 0xDD, 0xFF, 0xB9, 0xFF, 0xE1, 0xFF, 0xD9, 0xFF, 0xD8, 0xFF, 0xCD,
    0x00, 0x00, 0x00, 0x00, 0xFF, 0xF3, 0xFF, 0xD1, 0xFF, 0xF1, 0xFF, 0xE4, 0x00, 0x00, 0x00, 0x00,
    0x00, 0x00, 0x00, 0x00, 0x00, 0x00, 0xFF, 0xEA, 0xFF, 0xD8, 0xFF, 0xEB, 0x00, 0x00, 0x00, 0x00,
    0x00, 0x00, 0x00, 0x00, 0xFF, 0xE9, 0x00, 0x00, 0xFF, 0xF6, 0xFF, 0xEA, 0xFF, 0xEA, 0x00, 0x00,
    0xFF, 0xDF, 0xFF, 0xFD, 0xFF, 0xCE, 0x00, 0x00, 0xFF, 0xAD, 0x00, 0x00, 0x00, 0x00, 0x00, 0x00,
    0xFF, 0xFE, 0x00, 0x00, 0xFF, 0xF3, 0x00, 0x00, 0xFF, 0xF5, 0x00, 0x00, 0x00, 0x00, 0x00, 0x00,
    0xFF, 0xE5, 0xFF, 0xFE, 0x00, 0x00, 0x00, 0x00, 0xFF, 0xFA, 0xFF, 0xD0, 0xFF, 0xFB, 0xFF, 0xF8,
    0xFF, 0xE6, 0xFF, 0xE6, 0x00, 0x02, 0xFF, 0xF5, 0xFF, 0xE7, 0xFF, 0xE8, 0xFF, 0xE5, 0x00, 0x07,
    0x00, 0x09, 0x00, 0x00, 0x00, 0x00, 0x00, 0x00, 0xFF, 0xE6, 0xFF, 0xF8, 0xFF, 0xFE, 0x00, 0x00,
    0xFF, 0xFE, 0xFF, 0xFE, 0xFF, 0xED, 0xFF, 0xF8, 0xFF, 0xED, 0x00, 0x09, 0xFF, 0xFE, 0xFF, 0xEF,
    0x00, 0x00, 0x00, 0x00, 0x00, 0x00, 0xFF, 0xE0, 0xFF, 0xE0, 0xFF, 0xD1, 0xFF, 0xEE, 0xFF, 0xEE,
    0x00, 0x07, 0xFF, 0xE0, 0xFF, 0xD1, 0x00, 0x00, 0xFF, 0xE9, 0xFF, 0xF1, 0xFF, 0xE1, 0xFF, 0xE0,
    0xFF, 0xD6, 0xFF, 0xD1, 0xFF, 0xBF, 0x00, 0x00, 0x00, 0x00, 0x00, 0x00, 0x00, 0x00, 0xFF, 0xE8,
    0x00, 0x03, 0x00, 0x00, 0x00, 0x00, 0x00, 0x0D, 0x00, 0x00, 0xFF, 0xFC, 0xFF, 0xF1, 0xFF, 0xFB,
    0x00, 0x00, 0xFF, 0xF4, 0x00, 0x0B, 0x00, 0x0B, 0xFF, 0xE5, 0xFF, 0xE0, 0xFF, 0xF9, 0xFF, 0xF1,
    0xFF, 0xF1, 0x00, 0x05, 0xFF, 0xE9, 0xFF, 0xE1, 0xFF, 0xD2, 0x00, 0x00, 0xFF, 0x7C, 0xFF, 0xEE,
    0x00, 0x00, 0x00, 0x02, 0x00, 0x00, 0xFF, 0xFC, 0xFF, 0xF5, 0x00, 0x05, 0xFF, 0xF4, 0x00, 0x00,
    0x00, 0x02, 0x00, 0x07, 0xFF, 0xEE, 0xFF, 0xFC, 0x00, 0x00, 0xFF, 0xFC, 0x00, 0x02, 0xFF, 0xD4,
    0xFF, 0xF7, 0x00, 0x00, 0xFF, 0xE7, 0xFF, 0xF3, 0xFF, 0xFC, 0xFF, 0xFD, 0xFF, 0xE9, 0xFF, 0xF2,
    0xFF, 0xD9, 0x00, 0x00, 0x00, 0x00, 0x00, 0x00, 0x00, 0x02, 0x00, 0x02, 0xFF, 0xF5, 0xFF, 0xF4,
    0x00, 0x00, 0x00, 0x00, 0x00, 0x00, 0xFF, 0xF7, 0xFF, 0xEE, 0xFF, 0xF7, 0xFF, 0xE7, 0x00, 0x00,
    0xFF, 0xF7, 0xFF, 0xED, 0x00, 0x05, 0x00, 0x02, 0x00, 0x00, 0xFF, 0xE5, 0xFF, 0xE5, 0xFF, 0xE1,
    0xFF, 0xF1, 0xFF, 0xEC, 0x00, 0x0C, 0xFF, 0xE1, 0xFF, 0xDE, 0x00, 0x02, 0xFF, 0xDC, 0xFF, 0xEA,
    0xFF, 0xE0, 0xFF, 0xE1, 0xFF, 0xD7, 0xFF, 0xD8, 0xFF, 0xC4, 0x00, 0x00, 0x00, 0x00, 0xFF, 0xDA,
    0x00, 0x00, 0xFF, 0xE8, 0x00, 0x0B, 0x00, 0x0F, 0x00, 0x05, 0x00, 0x0E, 0x00, 0x02, 0xFF, 0xF1,
    0xFF, 0xE9, 0xFF, 0xF7, 0x00, 0x08, 0x00, 0x00, 0x00, 0x08, 0x00, 0x0E, 0xFF, 0xE6, 0xFF, 0xE4,
    0xFF, 0xF7, 0xFF, 0xEE, 0xFF, 0xEE, 0x00, 0x00, 0xFF, 0xEB, 0xFF, 0xEF, 0xFF, 0xD0, 0x00, 0x00,
    0xFF, 0x8C, 0xFF, 0xF0, 0x00, 0x00, 0xFF, 0xF6, 0xFF, 0xCC, 0xFF, 0xB6, 0xFF, 0xAC, 0xFF, 0xF6,
    0xFF, 0xDA, 0xFF, 0xCB, 0xFF, 0xF9, 0xFF, 0xCA, 0xFF, 0xAD, 0xFF, 0xB7, 0xFF, 0xC3, 0xFF, 0xB0,
    0xFF, 0xD7, 0x00, 0x00, 0xFF, 0xCE, 0xFF, 0xB3, 0x00, 0x00, 0xFF, 0x96, 0xFF, 0xAE, 0xFF, 0xDA,
    0x00, 0x00, 0xFF, 0xF7, 0xFF, 0xA7, 0xFF, 0xE7, 0xFF, 0xE7, 0xFF, 0xD1, 0xFF, 0xF6, 0xFF, 0xE7,
    0xFF, 0xB8, 0xFF, 0xC5, 0xFF, 0xC8, 0xFF, 0xF3, 0xFF, 0xF6, 0xFF, 0x97, 0xFF, 0xC5, 0xFF, 0xD0,
    0xFF, 0x94, 0xFF, 0xE4, 0xFF, 0x9A, 0xFF, 0xBE, 0xFF, 0xC9, 0xFF, 0xF7, 0x00, 0x00, 0xFF, 0xFE,
    0xFF, 0xFE, 0xFF, 0x7B, 0x00, 0x00, 0xFF, 0xC8, 0xFF, 0xFC, 0x00, 0x00, 0xFF, 0xFE, 0xFF, 0xDA,
    0xFF, 0xC5, 0xFF, 0x8B, 0xFF, 0xEA, 0x00, 0x00, 0x00, 0x00, 0x00, 0x00, 0xFF, 0xFC, 0xFF, 0xF3,
    0xFF, 0xE8, 0x00, 0x00, 0xFF, 0xC4, 0xFF, 0xEA, 0x00, 0x00, 0x00, 0x28, 0x00, 0x06, 0x00, 0x27,
    0x00, 0x00, 0xFF, 0xBC, 0x00, 0x00, 0xFF, 0xC3, 0xFF, 0xC0, 0x00, 0x00, 0xFF, 0xD0, 0xFF, 0xE0,
    0xFF, 0xFE, 0xFF, 0xEF, 0xFF, 0xE2, 0xFF, 0xFE, 0xFF, 0xFE, 0xFF, 0xD6, 0x00, 0x00, 0xFF, 0x9C,
    0xFF, 0xFD, 0x00, 0x00, 0xFF, 0x4C, 0xFF, 0xD5, 0x00, 0x00, 0x00, 0x00, 0x00, 0x00, 0xFF, 0xFE,
    0xFF, 0xFC, 0x00, 0x00, 0xFF, 0xEA, 0x00, 0x00, 0xFF, 0xFB, 0x00, 0x00, 0xFF, 0xEA, 0xFF, 0xFE,
    0xFF, 0xFE, 0x00, 0x00, 0xFF, 0xFD, 0xFF, 0xAB, 0xFF, 0xFC, 0xFF, 0xFE, 0xFF, 0xD3, 0xFF, 0xF0,
    0x00, 0x00, 0xFF, 0xF3, 0xFF, 0xA2, 0xFF, 0xEA, 0xFF, 0xF0, 0x00, 0x00, 0x00, 0x00, 0xFF, 0xF6,
    0x00, 0x00, 0x00, 0x00, 0xFF, 0xF1, 0xFF, 0xF6, 0xFF, 0xFE, 0xFF, 0xFD, 0xFF, 0xFD, 0xFF, 0xF9,
    0x00, 0x00, 0xFF, 0xF6, 0xFF, 0xEF, 0x00, 0x00, 0xFF, 0xF5, 0xFF, 0xE7, 0x00, 0x00, 0x00, 0x00,
    0x00, 0x00, 0xFF, 0xC1, 0xFF, 0xC1, 0x00, 0x00, 0x00, 0x00, 0x00, 0x00, 0x00, 0x00, 0xFF, 0xCA,
    0xFF, 0xCF, 0xFF, 0xFD, 0xFF, 0xF2, 0xFF, 0xEC, 0xFF, 0xBD, 0xFF, 0xCD, 0xFF, 0xC6, 0xFF, 0xB4,
    0x00, 0x00, 0xFF, 0xE9, 0xFF, 0xF6, 0xFF, 0xCF, 0x00, 0x02, 0xFF, 0xE7, 0x00, 0x00, 0x00, 0x00,
    0x00, 0x00, 0x00, 0x00, 0x00, 0x00, 0xFF, 0xFB, 0xFF, 0xF3, 0xFF, 0xFA, 0x00, 0x00, 0xFF, 0xF5,
    0x00, 0x0D, 0x00, 0x00, 0xFF, 0xDD, 0x00, 0x00, 0xFF, 0xDC, 0xFF, 0xCF, 0xFF, 0xCF, 0x00, 0x00,
    0xFF, 0xBB, 0xFF, 0xEB, 0xFF, 0xB3, 0x00, 0x00, 0xFF, 0x8E, 0xFF, 0xDC, 0x00, 0x00, 0x00, 0x08,
    0x00, 0x03, 0xFF, 0xFF, 0x00, 0x05, 0x00, 0x07, 0x00, 0x02, 0x00, 0x00, 0x00, 0x0A, 0x00, 0x00,
    0xFF, 0xFC, 0xFF, 0xFF, 0x00, 0x00, 0x00, 0x05, 0x00, 0x0B, 0x00, 0x00, 0x00, 0x05, 0x00, 0x09,
    0x00, 0x15, 0xFF, 0xF5, 0x00, 0x05, 0x00, 0x02, 0x00, 0x00, 0x00, 0x09, 0xFF, 0xE3, 0x00, 0x09,
    0x00, 0x09, 0x00, 0x00, 0x00, 0x07, 0x00, 0x00, 0x00, 0x00, 0xFF, 0xF8, 0x00, 0x02, 0x00, 0x11,
    0x00, 0x02, 0xFF, 0xF5, 0xFF, 0xFA, 0x00, 0x00, 0xFF, 0xE3, 0x00, 0x0A, 0xFF, 0xF2, 0xFF, 0xF6,
    0x00, 0x00, 0x00, 0x05, 0x00, 0x00, 0x00, 0x0D, 0x00, 0x0D, 0xFF, 0xF3, 0x00, 0x00, 0x00, 0x00,
    0x00, 0x00, 0x00, 0x15, 0x00, 0x11, 0x00, 0x04, 0xFF, 0xED, 0xFF, 0xE5, 0xFF, 0xEC, 0x00, 0x11,
    0x00, 0x17, 0x00, 0x12, 0x00, 0x00, 0x00, 0x00, 0xFF, 0xFE, 0xFF, 0xDC, 0x00, 0x00, 0xFF, 0xF1,
    0x00, 0x09, 0x00, 0x1B, 0x00, 0x13, 0x00, 0x1A, 0x00, 0x17, 0xFF, 0xF6, 0xFF, 0xF6, 0x00, 0x00,
    0x00, 0x08, 0x00, 0x1F, 0x00, 0x0C, 0x00, 0x00, 0x00, 0x10, 0x00, 0x00, 0x00, 0x00, 0x00, 0x00,
    0x00, 0x00, 0x00, 0x03, 0x00, 0x00, 0xFF, 0xFE, 0xFF, 0xFA, 0x00, 0x00, 0xFF, 0xE0, 0x00, 0x00,
    0x00, 0x00, 0x00, 0x06, 0x00, 0x05, 0x00, 0x02, 0x00, 0x00, 0x00, 0x08, 0xFF, 0xEC, 0x00, 0x03,
    0xFF, 0xFE, 0x00, 0x0B, 0xFF, 0xF1, 0xFF, 0xFE, 0x00, 0x02, 0x00, 0x08, 0xFF, 0xFC, 0xFF, 0xB1,
    0x00, 0x00, 0x00, 0x00, 0xFF, 0xD8, 0xFF, 0xF8, 0x00, 0x09, 0xFF, 0xF4, 0xFF, 0xA6, 0xFF, 0xF4,
    0xFF, 0xEB, 0x00, 0x03, 0x00, 0x03, 0xFF, 0xFE, 0x00, 0x00, 0x00, 0x05, 0xFF, 0xF9, 0xFF, 0xF5,
    0x00, 0x05, 0x00, 0x00, 0x00, 0x04, 0xFF, 0xF7, 0xFF, 0xF2, 0xFF, 0xFB, 0xFF, 0xE9, 0x00, 0x04,
    0xFF, 0xF2, 0xFF, 0xEB, 0x00, 0x09, 0x00, 0x07, 0x00, 0x00, 0xFF, 0xC8, 0xFF, 0xC8, 0x00, 0x00,
    0x00, 0x00, 0x00, 0x00, 0x00, 0x00, 0xFF, 0xCD, 0xFF, 0xDE, 0x00, 0x05, 0xFF, 0xEE, 0xFF, 0xE7,
    0xFF, 0xC5, 0xFF, 0xD1, 0xFF, 0xC8, 0xFF, 0xC7, 0x00, 0x00, 0xFF, 0xF3, 0xFF, 0xF8, 0xFF, 0xD1,
    0x00, 0x00, 0xFF, 0xEB, 0x00, 0x09, 0x00, 0x09, 0x00, 0x09, 0x00, 0x0F, 0x00, 0x07, 0xFF, 0xF7,
    0xFF, 0xEB, 0xFF, 0xF5, 0x00, 0x03, 0x00, 0x00, 0x00, 0x0C, 0x00, 0x00, 0xFF, 0xE1, 0x00, 0x00,
    0xFF, 0xE2, 0xFF, 0xD9, 0xFF, 0xD7, 0x00, 0x00, 0xFF, 0xC2, 0xFF, 0xF2, 0xFF, 0xAE, 0x00, 0x00,
    0xFF, 0x97, 0xFF, 0xE6, 0x00, 0x00, 0x00, 0x00, 0x00, 0x00, 0xFF, 0xF1, 0xFF, 0xF5, 0x00, 0x02,
    0xFF, 0xF9, 0xFF, 0xFB, 0xFF, 0xFA, 0x00, 0x02, 0xFF, 0xFB, 0xFF, 0xF1, 0xFF, 0xF3, 0xFF, 0xFA,
    0xFF, 0xF7, 0xFF, 0xD7, 0xFF, 0xF6, 0xFF, 0xFD, 0xFF, 0xEB, 0xFF, 0xF1, 0xFF, 0xF4, 0xFF, 0xFE,
    0xFF, 0xEA, 0x00, 0x00, 0xFF, 0xE9, 0x00, 0x00, 0x00, 0x04, 0x00, 0x00, 0xFF, 0xFE, 0x00, 0x00,
    0xFF, 0xF7, 0xFF, 0xF2, 0xFF, 0xFE, 0x00, 0x00, 0xFF, 0xFF, 0xFF, 0xDE, 0xFF, 0xEF, 0x00, 0x00,
    0xFF, 0xDD, 0x00, 0x05, 0xFF, 0xD4, 0xFF, 0xEE, 0x00, 0x00, 0x00, 0x00, 0x00, 0x00, 0xFF, 0xE8,
    0xFF, 0xE8, 0xFF, 0xF4, 0xFF, 0xF1, 0xFF, 0xEF, 0x00, 0x09, 0xFF, 0xE6, 0xFF, 0xFC, 0xFF, 0xFA,
    0xFF, 0xEE, 0xFF, 0xCB, 0xFF, 0xE4, 0xFF, 0xE7, 0xFF, 0xDB, 0xFF, 0xDB, 0xFF, 0xE3, 0x00, 0x00,
    0xFF, 0xF4, 0xFF, 0xDA, 0xFF, 0xF4, 0xFF, 0xE5, 0x00, 0x07, 0x00, 0x0D, 0x00, 0x03, 0x00, 0x0C,
    0x00, 0x00, 0xFF, 0xF4, 0x00, 0x00, 0xFF, 0xF1, 0xFF, 0xEC, 0x00, 0x00, 0x00, 0x02, 0x00, 0x00,
    0xFF, 0xE8, 0xFF, 0xE9, 0xFF, 0xF8, 0xFF, 0xF0, 0xFF, 0xF0, 0x00, 0x00, 0xFF, 0xEC, 0xFF, 0xFB,
    0xFF, 0xD4, 0x00, 0x00, 0xFF, 0xAD, 0xFF, 0xFC, 0x00, 0x00, 0x00, 0x00, 0xFF, 0xE7, 0xFF, 0xD4,
    0xFF, 0xD1, 0x00, 0x00, 0xFF, 0xF0, 0xFF, 0xEE, 0x00, 0x05, 0xFF, 0xE8, 0xFF, 0xBA, 0xFF, 0xD3,
    0xFF, 0xDD, 0xFF, 0xD7, 0xFF, 0xEE, 0x00, 0x00, 0xFF, 0xDD, 0xFF, 0xDB, 0x00, 0x07, 0xFF, 0xA3,
    0xFF, 0xD5, 0xFF, 0xF0, 0x00, 0x06, 0x00, 0x00, 0xFF, 0xC8, 0xFF, 0xFB, 0xFF, 0xFB, 0xFF, 0xEA,
    0x00, 0x00, 0xFF, 0xF7, 0xFF, 0xC1, 0xFF, 0xE0, 0xFF, 0xE3, 0x00, 0x00, 0x00, 0x00, 0xFF, 0xC4,
    0xFF, 0xD9, 0xFF, 0xEA, 0xFF, 0xBD, 0xFF, 0xF6, 0xFF, 0xC2, 0xFF, 0xD5, 0xFF, 0xE6, 0x00, 0x00,
    0x00, 0x00, 0x00, 0x00, 0x00, 0x00, 0xFF, 0xA8, 0xFF, 0xEF, 0xFF, 0xD6, 0x00, 0x0A, 0x00, 0x02,
    0xFF, 0xFE, 0xFF, 0xEF, 0xFF, 0xDC, 0xFF, 0xB6, 0xFF, 0xF3, 0x00, 0x00, 0x00, 0x00, 0x00, 0x00,
    0x00, 0x00, 0x00, 0x00, 0xFF, 0xF4, 0x00, 0x00, 0xFF, 0xDE, 0xFF, 0xF0, 0x00, 0x13, 0x00, 0x2F,
    0x00, 0x27, 0x00, 0x31, 0x00, 0x14, 0xFF, 0xDD, 0xFF, 0xD4, 0x00, 0x00, 0xFF, 0xD9, 0x00, 0x0F,
    0xFF, 0xE8, 0xFF, 0xF3, 0x00, 0x00, 0xFF, 0xF5, 0xFF, 0xF0, 0x00, 0x00, 0x00, 0x00, 0xFF, 0xEC,
    0x00, 0x06, 0xFF, 0xB0, 0x00, 0x00, 0x00, 0x00, 0xFF, 0x68, 0xFF, 0xE6, 0x00, 0x00, 0xFF, 0xF5,
    0xFF, 0xDA, 0xFF, 0xE9, 0xFF, 0xE5, 0xFF, 0xF5, 0xFF, 0xAF, 0xFF, 0xE9, 0xFF, 0xE0, 0xFF, 0xF6,
    0x00, 0x00, 0xFF, 0xE9, 0xFF, 0xE9, 0xFF, 0xF0, 0xFF, 0xED, 0xFF, 0x96, 0xFF, 0xE5, 0xFF, 0xF5,
    0xFF, 0xA3, 0x00, 0x00, 0xFF, 0xEC, 0xFF, 0xC0, 0xFF, 0x96, 0xFF, 0xFC, 0x00, 0x00, 0xFF, 0xCD,
    0xFF, 0xE0, 0xFF, 0xFC, 0xFF, 0xEB, 0xFF, 0xF5, 0x00, 0x00, 0x00, 0x00, 0x00, 0x00, 0x00, 0x00,
    0xFF, 0xF3, 0x00, 0x00, 0xFF, 0xC0, 0x00, 0x00, 0x00, 0x00, 0xFF, 0xE1, 0x00, 0x00, 0x00, 0x00,
    0xFF, 0xF5, 0xFF, 0xF3, 0x00, 0x00, 0x00, 0x00, 0x00, 0x00, 0xFF, 0xFB, 0x00, 0x00, 0x00, 0x00,
    0x00, 0x00, 0xFF, 0x96, 0xFF, 0xF9, 0x00, 0x00, 0x00, 0x00, 0x00, 0x00, 0x00, 0x00, 0x00, 0x00,
    0x00, 0x00, 0x00, 0x00, 0x00, 0x00, 0x00, 0x00, 0x00, 0x00, 0x00, 0x00, 0x00, 0x00, 0xFF, 0xDE,
    0x00, 0x00, 0x00, 0x00, 0x00, 0x00, 0x00, 0x00, 0xFF, 0xF3, 0x00, 0x00, 0x00, 0x00, 0x00, 0x00,
    0x00, 0x00, 0x00, 0x00, 0x00, 0x00, 0x00, 0x00, 0x00, 0x00, 0x00, 0x00, 0x00, 0x00, 0x00, 0x00,
    0x00, 0x00, 0xFF, 0xD3, 0x00, 0x00, 0x00, 0x00, 0x00, 0x00, 0x00, 0x00, 0x00, 0x00, 0xFF, 0xF7,
    0x00, 0x00, 0x00, 0x00, 0xFF, 0xFE, 0xFF, 0xFD, 0x00, 0x00, 0x00, 0x00, 0xFF, 0xFE, 0xFF, 0xFE,
    0x00, 0x00, 0x00, 0x00, 0xFF, 0xF7, 0xFF, 0xFD, 0xFF, 0xFD, 0x00, 0x00, 0x00, 0x00, 0xFF, 0xF6,
    0x00, 0x00, 0x00, 0x03, 0x00, 0x00, 0xFF, 0xF3, 0x00, 0x00, 0x00, 0x00, 0xFF, 0xFB, 0x00, 0x00,
    0xFF, 0xE4, 0x00, 0x04, 0x00, 0x04, 0x00, 0x00, 0x00, 0x00, 0x00, 0x00, 0xFF, 0xFA, 0xFF, 0xF6,
    0xFF, 0xFE, 0x00, 0x00, 0x00, 0x00, 0xFF, 0xF3, 0xFF, 0xF7, 0x00, 0x00, 0xFF, 0xE1, 0x00, 0x04,
    0xFF, 0xEF, 0xFF, 0xEF, 0x00, 0x00, 0x00, 0x11, 0x00, 0x00, 0xFF, 0xF4, 0xFF, 0xF4, 0xFF, 0xF0,
    0x00, 0x00, 0xFF, 0xF2, 0x00, 0x00, 0xFF, 0xFD, 0x00, 0x00, 0x00, 0x00, 0xFF, 0xEA, 0xFF, 0xE1,
    0xFF, 0xEA, 0xFF, 0xFC, 0x00, 0x00, 0x00, 0x00, 0x00, 0x00, 0x00, 0x00, 0xFF, 0xFE, 0xFF, 0xD6,
    0xFF, 0xFE, 0xFF, 0xE2, 0x00, 0x03, 0x00, 0x09, 0x00, 0x04, 0x00, 0x0E, 0x00, 0x02, 0xFF, 0xF3,
    0xFF, 0xF1, 0xFF, 0xF4, 0x00, 0x04, 0x00, 0x03, 0x00, 0x07, 0x00, 0x00, 0xFF, 0xFD, 0x00, 0x00,
    0xFF, 0xF3, 0xFF, 0xF3, 0xFF, 0xF3, 0x00, 0x00, 0xFF, 0xF6, 0xFF, 0xFB, 0xFF, 0xEC, 0x00, 0x00,
    0xFF, 0xDC, 0xFF, 0xFD, 0x00, 0x00, 0x00, 0x00, 0xFF, 0xFA, 0xFF, 0xF2, 0xFF, 0xEF, 0x00, 0x02,
    0x00, 0x00, 0x00, 0x05, 0xFF, 0xFE, 0x00, 0x03, 0xFF, 0xCB, 0xFF, 0xF0, 0xFF, 0xF2, 0xFF, 0xF4,
    0xFF, 0xFC, 0xFF, 0xDA, 0xFF, 0xEF, 0xFF, 0xF5, 0xFF, 0xF0, 0xFF, 0xC0, 0xFF, 0xF3, 0x00, 0x07,
    0xFF, 0xD9, 0xFF, 0xEB, 0xFF, 0xE3, 0x00, 0x05, 0x00, 0x08, 0x00, 0x00, 0x00, 0x00, 0x00, 0x00,
    0xFF, 0xCC, 0xFF, 0xF7, 0xFF, 0xF8, 0x00, 0x00, 0x00, 0x00, 0xFF, 0xE7, 0x00, 0x00, 0xFF, 0xFE,
    0xFF, 0xD9, 0x00, 0x08, 0xFF, 0xDC, 0xFF, 0xF2, 0x00, 0x02, 0x00, 0x00, 0x00, 0x00, 0xFF, 0xEC,
    0xFF, 0xEC, 0x00, 0x00, 0x00, 0x00, 0x00, 0x00, 0x00, 0x00, 0xFF, 0xEC, 0xFF, 0xD6, 0x00, 0x02,
    0xFF, 0xED, 0xFF, 0xD9, 0xFF, 0xF0, 0xFF, 0xE8, 0xFF, 0xCF, 0xFF, 0xC0, 0x00, 0x00, 0x00, 0x00,
    0xFF, 0xFA, 0xFF, 0xD4, 0xFF, 0xF4, 0xFF, 0xE3, 0x00, 0x02, 0x00, 0x02, 0x00, 0x02, 0x00, 0x02,
    0x00, 0x00, 0xFF, 0xF4, 0xFF, 0xE5, 0x00, 0x00, 0xFF, 0xF4, 0x00, 0x00, 0xFF, 0xFC, 0x00, 0x00,
    0xFF, 0xEA, 0x00, 0x00, 0xFF, 0xFD, 0xFF, 0xFC, 0xFF, 0xFC, 0x00, 0x00, 0xFF, 0xD9, 0xFF, 0xC9,
    0xFF, 0xD9, 0x00, 0x00, 0xFF, 0x84, 0x00, 0x02, 0x00, 0x00, 0xFF, 0xF6, 0xFF, 0xE1, 0xFF, 0xEA,
    0xFF, 0xEE, 0xFF, 0xF5, 0xFF, 0xB5, 0xFF, 0xF0, 0xFF, 0xE7, 0xFF, 0xF7, 0x00, 0x00, 0xFF, 0xEA,
    0xFF, 0xEA, 0xFF, 0xEF, 0xFF, 0xEE, 0xFF, 0x8C, 0xFF, 0xEE, 0xFF, 0xFA, 0xFF, 0xAB, 0x00, 0x06,
    0xFF, 0xEE, 0xFF, 0xC3, 0xFF, 0x8D, 0x00, 0x00, 0xFF, 0x41, 0xFF, 0xD3, 0xFF, 0xE3, 0x00, 0x00,
    0xFF, 0xF3, 0xFF, 0xF6, 0xFF, 0xFD, 0xFF, 0x72, 0xFF, 0xD6, 0xFF, 0xF5, 0xFF, 0xF1, 0xFF, 0x96,
    0xFF, 0xC8, 0x00, 0x00, 0xFF, 0x45, 0xFF, 0xE3, 0xFF, 0xCA, 0xFF, 0xF6, 0xFF, 0xF5, 0xFF, 0xF2,
    0x00, 0x00, 0xFF, 0x43, 0xFF, 0x96, 0x00, 0x00, 0xFF, 0xC6, 0xFF, 0xC9, 0x00, 0x00, 0xFF, 0x9B,
    0x00, 0x00, 0xFF, 0xF2, 0xFF, 0x42, 0xFF, 0x5A, 0xFF, 0x3D, 0xFF, 0x9D, 0xFF, 0xC0, 0xFF, 0xB5,
    0x00, 0x00, 0xFF, 0xC6, 0xFF, 0xF3, 0x00, 0x00, 0xFF, 0xB1, 0xFF, 0xDF, 0xFF, 0xFA, 0xFF, 0xFA,
    0xFF, 0xFA, 0xFF, 0xFA, 0xFF, 0xF5, 0xFF, 0x6B, 0x00, 0x00, 0xFF, 0xA7, 0x00, 0x00, 0x00, 0x0A,
    0xFF, 0xF9, 0xFF, 0xEE, 0xFF, 0xE0, 0xFF, 0xF0, 0xFF, 0xAB, 0xFF, 0x52, 0xFF, 0x96, 0xFF, 0xDB,
    0xFF, 0xAF, 0x00, 0x00, 0xFF, 0x43, 0x00, 0x00, 0xFF, 0xAD, 0x00, 0x00, 0x00, 0x00, 0x00, 0x00,
    0xFF, 0xE6, 0xFF, 0xEB, 0xFF, 0xE9, 0x00, 0x00, 0xFF, 0xED, 0xFF, 0xEF, 0x00, 0x00, 0xFF, 0xFB,
    0x00, 0x00, 0xFF, 0xEB, 0xFF, 0xEC, 0xFF, 0xEB, 0xFF, 0xF5, 0xFF, 0xFB, 0xFF, 0xEC, 0xFF, 0xF8,
    0x00, 0x00, 0xFF, 0xFE, 0xFF, 0xEF, 0xFF, 0xEE, 0x00, 0x00, 0x00, 0x04, 0xFF, 0xA8, 0x00, 0x00,
    0x00, 0x00, 0x00, 0x00, 0x00, 0x00, 0x00, 0x00, 0x00, 0x00, 0xFF, 0xCC, 0xFF, 0xDB, 0x00, 0x00,
    0x00, 0x00, 0xFF, 0xA3, 0xFF, 0xCE, 0x00, 0x00, 0xFF, 0x8B, 0x00, 0x00, 0xFF, 0xC5, 0xFF, 0xF0,
    0xFF, 0xFA, 0x00, 0x00, 0x00, 0x00, 0xFF, 0xF9, 0xFF, 0xF9, 0xFF, 0xFD, 0xFF, 0xF1, 0xFF, 0xD0,
    0x00, 0x00, 0x00, 0x00, 0x00, 0x04, 0xFF, 0xFE, 0xFF, 0xC9, 0xFF, 0x83, 0xFF, 0xF0, 0xFF, 0xFE,
    0x00, 0x00, 0x00, 0x00, 0xFF, 0xFA, 0x00, 0x00, 0xFF, 0xF5, 0x00, 0x00, 0xFF, 0xBF, 0xFF, 0xFB,
    0x00, 0x18, 0x00, 0x00, 0x00, 0x17, 0x00, 0x2E, 0x00, 0x06, 0xFF, 0xBC, 0xFF, 0xCA, 0x00, 0x00,
    0x00, 0x00, 0x00, 0x0C, 0x00, 0x00, 0xFF, 0xFA, 0x00, 0x00, 0x00, 0x00, 0xFF, 0xEC, 0xFF, 0xFA,
    0xFF, 0xFA, 0xFF, 0xEA, 0x00, 0x02, 0x00, 0x00, 0xFF, 0xF8, 0x00, 0x00, 0xFF, 0xAD, 0x00, 0x00,
    0x00, 0x00, 0x00, 0x00, 0x00, 0x00, 0xFF, 0xFC, 0xFF, 0xFE, 0x00, 0x00, 0xFF, 0xFF, 0xFF, 0xFE,
    0x00, 0x00, 0x00, 0x00, 0xFF, 0xF8, 0xFF, 0xFB, 0x00, 0x00, 0x00, 0x00, 0x00, 0x00, 0xFF, 0xF3,
    0x00, 0x00, 0x00, 0x00, 0x00, 0x00, 0x00, 0x00, 0x00, 0x00, 0x00, 0x00, 0xFF, 0xFD, 0xFF, 0xF5,
    0x00, 0x00, 0x00, 0x04, 0x00, 0x04, 0x00, 0x00, 0x00, 0x00, 0x00, 0x00, 0xFF, 0xFA, 0x00, 0x00,
    0x00, 0x00, 0x00, 0x00, 0x00, 0x00, 0x00, 0x00, 0x00, 0x00, 0x00, 0x00, 0x00, 0x00, 0x00, 0x04,
    0x00, 0x00, 0x00, 0x00, 0x00, 0x00, 0x00, 0x3F, 0x00, 0x00, 0x00, 0x00, 0x00, 0x00, 0x00, 0x00,
    0x00, 0x00, 0x00, 0x00, 0x00, 0x00, 0x00, 0x00, 0x00, 0x00, 0x00, 0x00, 0x00, 0x00, 0x00, 0x00,
    0x00, 0x00, 0x00, 0x00, 0x00, 0x00, 0x00, 0x00, 0x00, 0x00, 0x00, 0x00, 0x00, 0x00, 0x00, 0x00,
    0x00, 0x00, 0xFF, 0xE7, 0x00, 0x00, 0x00, 0x00, 0x00, 0x00, 0x00, 0x00, 0x00, 0x43, 0x00, 0x00,
    0x00, 0x00, 0x00, 0x00, 0x00, 0x00, 0x00, 0x00, 0x00, 0x00, 0x00, 0x00, 0x00, 0x00, 0x00, 0x00,
    0x00, 0x00, 0x00, 0x00, 0x00, 0x00, 0x00, 0x00, 0x00, 0x00, 0x00, 0x00, 0x00, 0x00, 0x00, 0x00,
    0x00, 0x00, 0x00, 0x00, 0x00, 0x00, 0x00, 0x02, 0x00, 0x00, 0xFF, 0xF6, 0xFF, 0xF6, 0x00, 0x05,
    0x00, 0x00, 0x00, 0x02, 0x00, 0x00, 0x00, 0x07, 0x00, 0x00, 0xFF, 0xF3, 0xFF, 0xF6, 0xFF, 0xF9,
    0xFF, 0xFA, 0xFF, 0xD5, 0xFF, 0xF6, 0xFF, 0xFE, 0xFF, 0xED, 0xFF, 0xF9, 0xFF, 0xF9, 0x00, 0x00,
    0xFF, 0xD6, 0x00, 0x00, 0xFF, 0xE5, 0x00, 0x02, 0x00, 0x07, 0x00, 0x00, 0x00, 0x00, 0x00, 0x03,
    0x00, 0x00, 0xFF, 0xF5, 0x00, 0x00, 0x00, 0x04, 0x00, 0x00, 0xFF, 0xC7, 0xFF, 0xE8, 0x00, 0x07,
    0xFF, 0xCC, 0x00, 0x08, 0xFF, 0xD1, 0xFF, 0xF9, 0x00, 0x05, 0x00, 0x01, 0x00, 0x00, 0xFF, 0xE9,
    0xFF, 0xE9, 0x00, 0x00, 0x00, 0x00, 0x00, 0x00, 0x00, 0x00, 0xFF, 0xE9, 0xFF, 0xFD, 0x00, 0x00,
    0xFF, 0xED, 0xFF, 0xBB, 0xFF, 0xEE, 0xFF, 0xE6, 0xFF, 0xD6, 0xFF, 0xCB, 0x00, 0x00, 0x00, 0x00,
    0xFF, 0xF9, 0xFF, 0xDA, 0xFF, 0xFE, 0xFF, 0xEC, 0x00, 0x06, 0x00, 0x05, 0x00, 0x05, 0x00, 0x06,
    0x00, 0x01, 0xFF, 0xF3, 0xFF, 0xE1, 0x00, 0x00, 0x00, 0x00, 0x00, 0x03, 0x00, 0x05, 0x00, 0x00,
    0xFF, 0xF3, 0x00, 0x00, 0x00, 0x00, 0xFF, 0xF8, 0xFF, 0xF8, 0x00, 0x05, 0xFF, 0xD8, 0xFF, 0xFE,
    0xFF, 0xD9, 0x00, 0x00, 0xFF, 0xAD, 0x00, 0x02, 0x00, 0x00, 0xFF, 0xFC, 0x00, 0x00, 0xFF, 0xFC,
    0xFF, 0xF0, 0x00, 0x00, 0xFF, 0xE9, 0x00, 0x00, 0xFF, 0xF8, 0x00, 0x00, 0xFF, 0xEA, 0xFF, 0xFA,
    0x00, 0x00, 0xFF, 0xFC, 0x00, 0x00, 0xFF, 0xC2, 0xFF, 0xF3, 0x00, 0x00, 0xFF, 0xD9, 0xFF, 0xF1,
    0xFF, 0xFC, 0xFF, 0xF0, 0xFF, 0xDC, 0xFF, 0xEF, 0xFF, 0xDB, 0xFF, 0xF7, 0xFF, 0xF7, 0xFF, 0xFB,
    0xFF, 0xFC, 0xFF, 0xFC, 0xFF, 0xF1, 0xFF, 0xF1, 0xFF, 0xFD, 0xFF, 0xFB, 0xFF, 0xFA, 0xFF, 0xF6,
    0xFF, 0xEC, 0xFF, 0xF3, 0xFF, 0xE8, 0xFF, 0xF8, 0xFF, 0xF7, 0xFF, 0xE0, 0x00, 0x00, 0xFF, 0xFB,
    0x00, 0x00, 0xFF, 0xD3, 0xFF, 0xD3, 0xFF, 0xDC, 0xFF, 0xDE, 0xFF, 0xE9, 0x00, 0x00, 0xFF, 0xD5,
    0xFF, 0xDC, 0x00, 0x00, 0xFF, 0xD5, 0xFF, 0xEB, 0xFF, 0xCF, 0xFF, 0xD3, 0xFF, 0xD1, 0xFF, 0xCC,
    0xFF, 0xBC, 0xFF, 0xEE, 0xFF, 0xF7, 0xFF, 0xD6, 0x00, 0x00, 0xFF, 0xDE, 0x00, 0x00, 0x00, 0x07,
    0x00, 0x00, 0x00, 0x06, 0xFF, 0xFB, 0xFF, 0xF2, 0xFF, 0xE8, 0xFF, 0xF7, 0x00, 0x06, 0xFF, 0xFC,
    0x00, 0x04, 0x00, 0x00, 0xFF, 0xDB, 0xFF, 0xDD, 0xFF, 0xDF, 0xFF, 0xD6, 0xFF, 0xD6, 0x00, 0x00,
    0xFF, 0xE0, 0xFF, 0xEC, 0xFF, 0xC6, 0x00, 0x00, 0xFF, 0x80, 0xFF, 0xE4, 0x00, 0x00, 0x00, 0x00,
    0x00, 0x00, 0xFF, 0xFE, 0xFF, 0xFB, 0x00, 0x00, 0x00, 0x00, 0x00, 0x00, 0x00, 0x00, 0x00, 0x00,
    0xFF, 0xE9, 0xFF, 0xFE, 0x00, 0x00, 0x00, 0x00, 0x00, 0x02, 0xFF, 0xF6, 0x00, 0x00, 0x00, 0x00,
    0x00, 0x00, 0xFF, 0xEA, 0x00, 0x00, 0x00, 0x00, 0xFF, 0xFD, 0xFF, 0xFE, 0xFF, 0xE3, 0x00, 0x05,
    0x00, 0x05, 0x00, 0x00, 0x00, 0x00, 0x00, 0x00, 0xFF, 0xF1, 0xFF, 0xF6, 0x00, 0x00, 0x00, 0x00,
    0x00, 0x00, 0xFF, 0xF5, 0xFF, 0xF7, 0xFF, 0xFA, 0xFF, 0xE3, 0x00, 0x05, 0xFF, 0xF3, 0xFF, 0xEE,
    0x00, 0x00, 0x00, 0x00, 0x00, 0x00, 0xFF, 0xF0, 0xFF, 0xF0, 0xFF, 0xD9, 0xFF, 0xF4, 0xFF, 0xF4,
    0x00, 0x00, 0x00, 0x00, 0x00, 0x00, 0x00, 0x02, 0xFF, 0xED, 0xFF, 0xE4, 0xFF, 0xEB, 0x00, 0x00,
    0xFF, 0xFC, 0xFF, 0xFA, 0xFF, 0xEF, 0x00, 0x09, 0x00, 0x00, 0x00, 0x00, 0x00, 0x00, 0xFF, 0xEC,
    0x00, 0x13, 0x00, 0x28, 0x00, 0x14, 0x00, 0x2D, 0x00, 0x05, 0xFF, 0xF5, 0x00, 0x00, 0x00, 0x00,
    0x00, 0x03, 0x00, 0x06, 0x00, 0x09, 0x00, 0x09, 0xFF, 0xF9, 0xFF, 0xEC, 0xFF, 0xF5, 0xFF, 0xF5,
    0xFF, 0xF5, 0x00, 0x00, 0x00, 0x00, 0xFF, 0xE9, 0xFF, 0xEE, 0x00, 0x00, 0xFF, 0x8B, 0xFF, 0xF9,
    0x00, 0x00, 0xFF, 0xFE, 0xFF, 0xDD, 0xFF, 0xA1, 0xFF, 0xA2, 0x00, 0x00, 0xFF, 0xD9, 0xFF, 0xC7,
    0x00, 0x00, 0xFF, 0xC7, 0xFF, 0xB1, 0xFF, 0xA0, 0xFF, 0xBE, 0xFF, 0xA4, 0xFF, 0xF0, 0x00, 0x00,
    0xFF, 0xC4, 0xFF, 0xA7, 0x00, 0x06, 0xFF, 0x96, 0xFF, 0xA4, 0xFF, 0xD5, 0x00, 0x00, 0x00, 0x00,
    0xFF, 0x84, 0xFF, 0xFE, 0xFF, 0xFE, 0xFF, 0xD3, 0xFF, 0xFE, 0xFF, 0xF5, 0xFF, 0xBE, 0xFF, 0xA1,
    0xFF, 0xD5, 0xFF, 0xFD, 0xFF, 0xFB, 0xFF, 0x96, 0xFF, 0xC9, 0xFF, 0xD0, 0xFF, 0x6C, 0xFF, 0xFE,
    0xFF, 0x95, 0xFF, 0x99, 0xFF, 0xC6, 0x00, 0x00, 0x00, 0x00, 0x00, 0x00, 0x00, 0x00, 0xFF, 0x7D,
    0xFF, 0xF6, 0xFF, 0xCA, 0x00, 0x06, 0x00, 0x03, 0xFF, 0xFE, 0xFF, 0xEE, 0xFF, 0xD2, 0xFF, 0x6A,
    0xFF, 0xF7, 0x00, 0x00, 0x00, 0x00, 0x00, 0x00, 0x00, 0x00, 0x00, 0x00, 0xFF, 0xFD, 0xFF, 0xF7,
    0xFF, 0x93, 0xFF, 0xEC, 0x00, 0x13, 0x00, 0x28, 0x00, 0x0F, 0x00, 0x2D, 0x00, 0x00, 0xFF, 0x98,
    0xFF, 0xC1, 0xFF, 0xD1, 0xFF, 0xC1, 0x00, 0x0D, 0xFF, 0xDB, 0xFF, 0xEF, 0x00, 0x00, 0xFF, 0xF3,
    0xFF, 0xF6, 0x00, 0x00, 0x00, 0x00, 0xFF, 0xDB, 0x00, 0x00, 0xFF, 0xA7, 0xFF, 0xFE, 0x00, 0x00,
    0xFF, 0x4E, 0xFF, 0xD6, 0x00, 0x00, 0x00, 0x02, 0x00, 0x00, 0x00, 0x00, 0x00, 0x01, 0x00, 0x05,
    0xFF, 0xEC, 0x00, 0x02, 0xFF, 0xFE, 0x00, 0x02, 0xFF, 0xEB, 0x00, 0x00, 0x00, 0x00, 0x00, 0x02,
    0x00, 0x00, 0xFF, 0xAF, 0x00, 0x01, 0x00, 0x09, 0xFF, 0xD5, 0xFF, 0xEC, 0x00, 0x00, 0xFF, 0xF3,
    0xFF, 0xA3, 0xFF, 0xE5, 0xFF, 0xF1, 0xFF, 0xFB, 0xFF, 0xFE, 0xFF, 0xF8, 0x00, 0x00, 0x00, 0x02,
    0xFF, 0xEF, 0xFF, 0xF8, 0xFF, 0xFD, 0xFF, 0xFE, 0x00, 0x00, 0xFF, 0xFE, 0x00, 0x00, 0xFF, 0xF4,
    0xFF, 0xEF, 0xFF, 0xFE, 0x00, 0x00, 0xFF, 0xE3, 0x00, 0x00, 0x00, 0x01, 0x00, 0x00, 0xFF, 0xBD,
    0xFF, 0xBD, 0x00, 0x00, 0x00, 0x00, 0x00, 0x00, 0x00, 0x00, 0xFF, 0xCC, 0xFF, 0xD0, 0x00, 0x00,
    0xFF, 0xF0, 0xFF, 0xF2, 0xFF, 0xBA, 0xFF, 0xCE, 0xFF, 0xC5, 0xFF, 0xB2, 0x00, 0x00, 0xFF, 0xE6,
    0xFF, 0xF7, 0xFF, 0xD0, 0x00, 0x02, 0xFF, 0xE8, 0x00, 0x00, 0x00, 0x05, 0x00, 0x05, 0x00, 0x05,
    0x00, 0x01, 0xFF, 0xFD, 0xFF, 0xF7, 0xFF, 0xFB, 0x00, 0x03, 0xFF, 0xF4, 0x00, 0x0F, 0x00, 0x00,
    0xFF, 0xDD, 0x00, 0x00, 0xFF, 0xDA, 0xFF, 0xCB, 0xFF, 0xCB, 0x00, 0x00, 0xFF, 0xBB, 0xFF, 0xED,
    0xFF, 0xB3, 0x00, 0x00, 0xFF, 0x8E, 0xFF, 0xDB, 0x00, 0x00, 0x00, 0x00, 0x00, 0x02, 0xFF, 0xFE,
    0x00, 0x05, 0x00, 0x00, 0x00, 0x02, 0x00, 0x00, 0x00, 0x00, 0x00, 0x00, 0xFF, 0xFA, 0xFF, 0xFE,
    0xFF, 0xFE, 0x00, 0x00, 0xFF, 0xFE, 0xFF, 0xC9, 0x00, 0x05, 0x00, 0x08, 0xFF, 0xE6, 0xFF, 0xF5,
    0x00, 0x00, 0x00, 0x02, 0xFF, 0xC6, 0xFF, 0xF7, 0xFF, 0xE3, 0xFF, 0xFE, 0x00, 0x09, 0x00, 0x00,
    0x00, 0x00, 0x00, 0x00, 0xFF, 0xFB, 0xFF, 0xF8, 0x00, 0x00, 0x00, 0x00, 0x00, 0x00, 0xFF, 0xF5,
    0x00, 0x00, 0x00, 0x00, 0xFF, 0xE3, 0x00, 0x09, 0xFF, 0xF2, 0xFF, 0xF6, 0x00, 0x00, 0x00, 0x00,
    0x00, 0x00, 0xFF, 0xDB, 0xFF, 0xDB, 0x00, 0x00, 0x00, 0x00, 0x00, 0x00, 0x00, 0x00, 0xFF, 0xE1,
    0xFF, 0xF8, 0x00, 0x04, 0xFF, 0xEC, 0xFF, 0xE5, 0xFF, 0xDE, 0xFF, 0xE1, 0x00, 0x00, 0xFF, 0xF6,
    0x00, 0x00, 0x00, 0x00, 0xFF, 0xF8, 0xFF, 0xCF, 0x00, 0x00, 0xFF, 0xE2, 0x00, 0x00, 0x00, 0x00,
    0x00, 0x00, 0x00, 0x00, 0x00, 0x06, 0xFF, 0xF6, 0xFF, 0xF1, 0xFF, 0xF6, 0x00, 0x02, 0x00, 0x08,
    0x00, 0x0C, 0x00, 0x00, 0x00, 0x00, 0x00, 0x00, 0xFF, 0xF2, 0xFF, 0xE8, 0xFF, 0xE9, 0x00, 0x03,
    0xFF, 0xC6, 0xFF, 0xFC, 0xFF, 0xCA, 0x00, 0x00, 0xFF, 0xE0, 0x00, 0x00, 0x00, 0x00, 0x00, 0x06,
    0x00, 0x00, 0xFF, 0xE8, 0xFF, 0xF0, 0x00, 0x0A, 0x00, 0x05, 0x00, 0x00, 0x00, 0x00, 0x00, 0x00,
    0x00, 0x00, 0xFF, 0xE8, 0xFF, 0xEC, 0x00, 0x00, 0x00, 0x00, 0x00, 0x00, 0xFF, 0xF0, 0xFF, 0xF7,
    0x00, 0x00, 0xFF, 0x96, 0xFF, 0xEF, 0x00, 0x07, 0x00, 0x00, 0x00, 0x00, 0x00, 0x00, 0x00, 0x05,
    0x00, 0x05, 0x00, 0x00, 0x00, 0x00, 0x00, 0x06, 0x00, 0x00, 0x00, 0x00, 0x00, 0x00, 0x00, 0x05,
    0x00, 0x05, 0x00, 0x00, 0x00, 0x00, 0x00, 0x00, 0xFF, 0xB5, 0x00, 0x05, 0xFF, 0xC7, 0xFF, 0xF5,
    0x00, 0x00, 0x00, 0x06, 0x00, 0x00, 0xFF, 0xF8, 0xFF, 0xF8, 0x00, 0x00, 0x00, 0x00, 0x00, 0x00,
    0x00, 0x00, 0x00, 0x00, 0x00, 0x00, 0x00, 0x00, 0x00, 0x00, 0x00, 0x00, 0x00, 0x00, 0x00, 0x00,
    0x00, 0x00, 0xFF, 0xE5, 0x00, 0x00, 0x00, 0x00, 0x00, 0x00, 0x00, 0x00, 0xFF, 0xFA, 0xFF, 0xEA,
    0x00, 0x00, 0x00, 0x00, 0x00, 0x00, 0x00, 0x0A, 0x00, 0x06, 0x00, 0x00, 0x00, 0x00, 0x00, 0x00,
    0x00, 0x00, 0x00, 0x00, 0x00, 0x00, 0x00, 0x00, 0xFF, 0xF6, 0x00, 0x00, 0x00, 0x00, 0x00, 0x00,
    0x00, 0x00, 0x00, 0x00, 0x00, 0x00, 0xFF, 0xC2, 0x00, 0x00, 0x00, 0x00, 0x00, 0x00, 0x00, 0x00,
    0x00, 0x00, 0xFF, 0xF2, 0xFF, 0xE5, 0xFF, 0xD7, 0xFF, 0xCE, 0xFF, 0xF1, 0xFF, 0xEB, 0xFF, 0xE8,
    0xFF, 0xF6, 0xFF, 0xE6, 0xFF, 0xB0, 0xFF, 0xD4, 0xFF, 0xD7, 0xFF, 0xDB, 0xFF, 0xE9, 0xFF, 0xF7,
    0xFF, 0xD6, 0xFF, 0xD5, 0xFF, 0xFD, 0xFF, 0x96, 0xFF, 0xD8, 0xFF, 0xF0, 0x00, 0x00, 0xFF, 0xF2,
    0xFF, 0xCE, 0xFF, 0xF4, 0xFF, 0xF4, 0xFF, 0xE8, 0xFF, 0xF2, 0xFF, 0xE9, 0xFF, 0xB6, 0xFF, 0xD9,
    0xFF, 0xE3, 0xFF, 0xEF, 0xFF, 0xEF, 0xFF, 0xD0, 0xFF, 0xD7, 0xFF, 0xE2, 0xFF, 0xCC, 0xFF, 0xF3,
    0xFF, 0xD8, 0xFF, 0xC0, 0xFF, 0xE5, 0xFF, 0xF0, 0x00, 0x00, 0xFF, 0xF2, 0xFF, 0xF2, 0xFF, 0x95,
    0xFF, 0xE8, 0xFF, 0xD6, 0xFF, 0xFA, 0xFF, 0xFD, 0xFF, 0xF4, 0xFF, 0xE6, 0xFF, 0xD8, 0xFF, 0xCB,
    0xFF, 0xEB, 0xFF, 0xF8, 0xFF, 0xFB, 0xFF, 0xFB, 0xFF, 0xEA, 0x00, 0x00, 0xFF, 0xEE, 0x00, 0x00,
    0xFF, 0xE3, 0xFF, 0xDE, 0x00, 0x08, 0x00, 0x13, 0x00, 0x05, 0x00, 0x17, 0xFF, 0xFC, 0xFF, 0xDD,
    0xFF, 0xD3, 0xFF, 0xCE, 0xFF, 0xD6, 0x00, 0x00, 0xFF, 0xE4, 0xFF, 0xEF, 0xFF, 0xF7, 0xFF, 0xE2,
    0xFF, 0xEB, 0xFF, 0xF5, 0xFF, 0xF5, 0xFF, 0xE4, 0x00, 0x00, 0xFF, 0xB0, 0xFF, 0xF4, 0x00, 0x00,
    0xFE, 0xFC, 0xFF, 0xD5, 0x00, 0x00, 0xFF, 0xF9, 0xFF, 0xC0, 0xFF, 0xC2, 0xFF, 0xC8, 0xFF, 0xF7,
    0xFF, 0xC2, 0xFF, 0xD9, 0xFF, 0xE7, 0xFF, 0xF1, 0xFF, 0xFC, 0xFF, 0xC2, 0xFF, 0xCD, 0xFF, 0xDF,
    0xFF, 0xCE, 0xFF, 0xEF, 0xFF, 0xD1, 0xFF, 0xD1, 0xFF, 0xF0, 0xFF, 0xF5, 0xFF, 0xC7, 0xFF, 0xC1,
    0xFF, 0xF2, 0x00, 0x00, 0xFF, 0x7B, 0xFF, 0xD6, 0xFF, 0xDE, 0xFF, 0xFA, 0xFF, 0xF0, 0xFF, 0xF2,
    0xFF, 0xF8, 0xFF, 0xA6, 0xFF, 0xBD, 0xFF, 0xF4, 0xFF, 0xF4, 0xFF, 0xA6, 0xFF, 0xC0, 0xFF, 0xF2,
    0xFF, 0x87, 0xFF, 0xD9, 0xFF, 0xA8, 0xFF, 0xDD, 0xFF, 0xF0, 0xFF, 0xF5, 0x00, 0x00, 0xFF, 0xE7,
    0xFF, 0xE7, 0xFF, 0xFC, 0xFF, 0xD3, 0xFF, 0xC2, 0x00, 0x00, 0xFF, 0xEF, 0xFF, 0xFC, 0xFF, 0xD3,
    0xFF, 0xAF, 0xFF, 0x8F, 0xFF, 0xD0, 0xFF, 0xEF, 0xFF, 0xF2, 0xFF, 0xF0, 0xFF, 0xFC, 0xFF, 0xDF,
    0xFF, 0xD7, 0x00, 0x00, 0xFF, 0xB3, 0xFF, 0xE3, 0xFF, 0xFB, 0x00, 0x19, 0x00, 0x07, 0x00, 0x1D,
    0xFF, 0xFA, 0xFF, 0x92, 0xFF, 0xBE, 0xFF, 0xA8, 0xFF, 0xE2, 0x00, 0x00, 0xFF, 0xE3, 0xFF, 0xDA,
    0xFF, 0xF5, 0xFF, 0xEE, 0xFF, 0xC1, 0xFF, 0xE8, 0xFF, 0xE8, 0xFF, 0xD2, 0xFF, 0xF2, 0xFF, 0xFC,
    0xFF, 0xE7, 0x00, 0x00, 0xFF, 0xAD, 0xFF, 0xFC, 0x00, 0x00, 0x00, 0x00, 0xFF, 0xE1, 0xFF, 0xEA,
    0xFF, 0xEF, 0xFF, 0xFE, 0xFF, 0xB9, 0xFF, 0xF2, 0xFF, 0xE9, 0xFF, 0xFD, 0x00, 0x00, 0xFF, 0xEA,
    0xFF, 0xEA, 0x00, 0x00, 0xFF, 0xEE, 0xFF, 0x8C, 0xFF, 0xEF, 0xFF, 0xFA, 0xFF, 0xAE, 0x00, 0x00,
    0x00, 0x00, 0xFF, 0xC9, 0xFF, 0x9F, 0x00, 0x02, 0x00, 0x00, 0x00, 0x00, 0x00, 0x00, 0x00, 0x00,
    0xFF, 0xFA, 0xFF, 0xFE, 0x00, 0x00, 0x00, 0x00, 0x00, 0x00, 0xFF, 0xFD, 0xFF, 0xF8, 0x00, 0x00,
    0x00, 0x00, 0x00, 0x00, 0xFF, 0x7B, 0x00, 0x00, 0xFF, 0xCA, 0xFF, 0xF6, 0x00, 0x00, 0xFF, 0xFB,
    0x00, 0x00, 0xFF, 0x73, 0xFF, 0x96, 0x00, 0x00, 0x00, 0x00, 0xFF, 0xC9, 0x00, 0x00, 0xFF, 0xBD,
    0x00, 0x00, 0x00, 0x00, 0x00, 0x00, 0x00, 0x00, 0x00, 0x00, 0x00, 0x00, 0x00, 0x00, 0xFF, 0xC2,
    0x00, 0x00, 0xFF, 0xCD, 0x00, 0x00, 0x00, 0x00, 0xFF, 0xB2, 0xFF, 0xE1, 0x00, 0x00, 0x00, 0x00,
    0xFF, 0xFE, 0x00, 0x00, 0xFF, 0xFD, 0x00, 0x00, 0xFF, 0xC1, 0x00, 0x00, 0x00, 0x00, 0x00, 0x00,
    0xFF, 0xFA, 0xFF, 0xEF, 0xFF, 0xE0, 0xFF, 0xF2, 0xFF, 0xB5, 0xFF, 0xB2, 0xFF, 0xB2, 0xFF, 0xDB,
    0x00, 0x00, 0x00, 0x00, 0x00, 0x00, 0x00, 0x00, 0x00, 0x00, 0x00, 0x00, 0x00, 0x00, 0xFF, 0xF4,
    0xFF, 0xFA, 0xFF, 0xF2, 0xFF, 0xF1, 0xFF, 0xF5, 0xFF, 0xFA, 0xFF, 0xF5, 0xFF, 0xF6, 0xFF, 0xF4,
    0xFF, 0xBA, 0xFF, 0xF2, 0xFF, 0xF2, 0xFF, 0xF4, 0xFF, 0xF5, 0xFF, 0xD6, 0xFF, 0xF1, 0xFF, 0xF6,
    0xFF, 0xEA, 0xFF, 0x96, 0xFF, 0xF5, 0xFF, 0xFB, 0xFF, 0xF0, 0xFF, 0xE5, 0xFF, 0xEF, 0x00, 0x00,
    0x00, 0x00, 0xFF, 0xF8, 0xFF, 0xF4, 0xFF, 0xF4, 0xFF, 0xB8, 0xFF, 0xF6, 0xFF, 0xF8, 0xFF, 0xF4,
    0xFF, 0xF3, 0xFF, 0xE4, 0xFF, 0xF1, 0xFF, 0xF8, 0xFF, 0xE5, 0x00, 0x00, 0xFF, 0xDC, 0xFF, 0xEF,
    0xFF, 0xF3, 0xFF, 0xF5, 0x00, 0x00, 0xFF, 0xEC, 0xFF, 0xEC, 0xFF, 0x98, 0xFF, 0xEF, 0xFF, 0xEC,
    0xFF, 0xF8, 0xFF, 0xE6, 0xFF, 0xCB, 0xFF, 0xF6, 0xFF, 0xF2, 0xFF, 0xD1, 0xFF, 0xE9, 0xFF, 0xE6,
    0xFF, 0xD9, 0xFF, 0xD6, 0xFF, 0xB7, 0x00, 0x00, 0xFF, 0xF2, 0xFF, 0xD8, 0xFF, 0xFA, 0xFF, 0xDF,
    0xFF, 0xFE, 0x00, 0x08, 0xFF, 0xF5, 0x00, 0x07, 0xFF, 0xF5, 0xFF, 0xFB, 0xFF, 0xEA, 0xFF, 0xF7,
    0xFF, 0xE5, 0xFF, 0xF0, 0xFF, 0xF7, 0xFF, 0xFB, 0xFF, 0xE3, 0xFF, 0xD6, 0xFF, 0xFE, 0xFF, 0xF6,
    0xFF, 0xF6, 0xFF, 0xFB, 0xFF, 0xF0, 0xFF, 0xB7, 0xFF, 0xDB, 0x00, 0x00, 0xFE, 0xE3, 0xFF, 0xF1,
    0x00, 0x00, 0x00, 0x00, 0xFF, 0xF9, 0xFF, 0xF1, 0xFF, 0xF3, 0x00, 0x00, 0xFF, 0xFE, 0xFF, 0xFE,
    0xFF, 0xFA, 0x00, 0x00, 0xFF, 0xFE, 0xFF, 0xF1, 0x00, 0x00, 0xFF, 0xF4, 0xFF, 0xF9, 0xFF, 0xD0,
    0x00, 0x00, 0xFF, 0xF9, 0xFF, 0xEA, 0x00, 0x00, 0xFF, 0xF2, 0xFF, 0xFE, 0xFF, 0xD0, 0xFF, 0xFB,
    0x00, 0x00, 0x00, 0x00, 0x00, 0x0B, 0x00, 0x0B, 0xFF, 0xF9, 0x00, 0x00, 0x00, 0x00, 0x00, 0x00,
    0x00, 0x00, 0x00, 0x00, 0x00, 0x00, 0x00, 0x00, 0x00, 0x00, 0x00, 0x00, 0x00, 0x00, 0x00, 0x0B,
    0x00, 0x00, 0x00, 0x00, 0x00, 0x00, 0x00, 0x00, 0x00, 0x00, 0x00, 0x00, 0x00, 0x00, 0x00, 0x00,
    0x00, 0x00, 0x00, 0x00, 0x00, 0x00, 0xFF, 0xE4, 0xFF, 0xF7, 0x00, 0x00, 0x00, 0x00, 0x00, 0x00,
    0x00, 0x00, 0x00, 0x00, 0x00, 0x00, 0x00, 0x00, 0x00, 0x00, 0x00, 0x00, 0x00, 0x00, 0x00, 0x00,
    0x00, 0x00, 0xFF, 0xE5, 0x00, 0x00, 0x00, 0x00, 0x00, 0x00, 0x00, 0x00, 0x00, 0x00, 0x00, 0x00,
    0x00, 0x00, 0x00, 0x00, 0x00, 0x00, 0x00, 0x00, 0x00, 0x00, 0x00, 0x00, 0x00, 0x00, 0x00, 0x00,
    0x00, 0x00, 0x00, 0x00, 0x00, 0x00, 0xFF, 0xFB, 0x00, 0x00, 0x00, 0x00, 0x00, 0x00, 0x00, 0x00,
    0x00, 0x00, 0xFF, 0xFD, 0x00, 0x00, 0x00, 0x68, 0x00, 0x3E, 0x00, 0x06, 0x00, 0x08, 0x00, 0x78,
    0x00, 0x0E, 0x00, 0x17, 0x00, 0x00, 0x00, 0x18, 0x00, 0x02, 0x00, 0x03, 0x00, 0x00, 0x00, 0x0C,
    0x00, 0x00, 0x00, 0x00, 0x00, 0x11, 0x00, 0x12, 0x00, 0x00, 0xFF, 0xF5, 0x00, 0x0C, 0x00, 0x25,
    0x00, 0x00, 0x00, 0x00, 0x00, 0x00, 0x00, 0x39, 0x00, 0x39, 0x00, 0x2D, 0x00, 0x00, 0x00, 0x00,
    0x00, 0x00, 0x00, 0x00, 0x00, 0x00, 0x00, 0x5A, 0x00, 0x43, 0x00, 0x00, 0x00, 0x00, 0x00, 0x0B,
    0x00, 0x00, 0x00, 0x3A, 0xFF, 0xF4, 0x00, 0x00, 0x00, 0x16, 0x00, 0x47, 0x00, 0x00, 0x00, 0x79,
    0x00, 0x79, 0x00, 0x00, 0x00, 0x00, 0x00, 0x00, 0x00, 0x00, 0x00, 0x00, 0x00, 0x00, 0x00, 0x00,
    0x00, 0x00, 0x00, 0x00, 0x00, 0x00, 0x00, 0x00, 0x00, 0x00, 0x00, 0x66, 0x00, 0x00, 0x00, 0x6B,
    0x00, 0x00, 0x00, 0x00, 0x00, 0x00, 0x00, 0x21, 0x00, 0x00, 0x00, 0x00, 0x00, 0x00, 0x00, 0x00,
    0x00, 0x47, 0x00, 0x00, 0x00, 0x00, 0x00, 0x00, 0x00, 0x00, 0x00, 0x00, 0x00, 0x00, 0x00, 0x00,
    0x00, 0x76, 0x00, 0x00, 0x00, 0x51, 0x00, 0x79, 0x00, 0x79, 0x00, 0x33, 0x00, 0x00, 0x00, 0x04,
    0x00, 0x00, 0x00, 0x00, 0x00, 0x00, 0x00, 0x00, 0x00, 0x00, 0xFF, 0xE8, 0xFF, 0xF4, 0xFF, 0xF1,
    0xFF, 0xEB, 0xFF, 0xE6, 0xFF, 0xDE, 0xFF, 0xE9, 0xFF, 0xEB, 0xFF, 0xE7, 0xFF, 0xBB, 0xFF, 0xF1,
    0x00, 0x00, 0xFF, 0xF1, 0xFF, 0xE1, 0xFF, 0xA7, 0x00, 0x00, 0xFF, 0xED, 0xFF, 0xC8, 0x00, 0x00,
    0xFF, 0xF1, 0x00, 0x00, 0xFF, 0x84, 0xFF, 0x9B, 0x00, 0x00, 0xFF, 0xEF, 0x00, 0x00, 0xFF, 0xD1,
    0xFF, 0xE8, 0xFF, 0xE8, 0xFF, 0xAD, 0x00, 0x00, 0x00, 0x00, 0x00, 0x00, 0x00, 0x00, 0x00, 0x00,
    0x00, 0x00, 0x00, 0x00, 0x00, 0x00, 0xFF, 0xF0, 0x00, 0x00, 0x00, 0x00, 0x00, 0x00, 0x00, 0x00,
    0x00, 0x00, 0x00, 0x00, 0x00, 0x00, 0x00, 0x00, 0x00, 0x00, 0x00, 0x00, 0x00, 0x00, 0xFF, 0xC2,
    0xFF, 0x91, 0x00, 0x00, 0x00, 0x00, 0x00, 0x00, 0x00, 0x00, 0x00, 0x00, 0x00, 0x00, 0x00, 0x00,
    0x00, 0x00, 0x00, 0x00, 0x00, 0x00, 0x00, 0x00, 0x00, 0x00, 0x00, 0x00, 0x00, 0x00, 0x00, 0x00,
    0x00, 0x00, 0x00, 0x00, 0x00, 0x00, 0x00, 0x00, 0x00, 0x00, 0x00, 0x00, 0x00, 0x00, 0x00, 0x00,
    0x00, 0x00, 0x00, 0x00, 0x00, 0x00, 0x00, 0x00, 0x00, 0x00, 0x00, 0x00, 0x00, 0x00, 0x00, 0x00,
    0x00, 0x00, 0x00, 0x00, 0x00, 0x00, 0x00, 0x00, 0x00, 0x00, 0x00, 0x00, 0x00, 0x00, 0xFF, 0xE3,
    0xFF, 0xF0, 0xFF, 0xF0, 0xFF, 0xE9, 0xFF, 0xE3, 0xFF, 0xD1, 0xFF, 0xE5, 0xFF, 0xE5, 0xFF, 0xE4,
    0xFF, 0xC1, 0xFF, 0xF0, 0xFF, 0xF0, 0xFF, 0xF0, 0xFF, 0xE2, 0xFF, 0x94, 0xFF, 0xE9, 0xFF, 0xEC,
    0xFF, 0xBD, 0x00, 0x00, 0xFF, 0xF0, 0xFF, 0xD9, 0xFF, 0x6C, 0xFF, 0xA7, 0x00, 0x00, 0xFF, 0xD7,
    0xFF, 0xD7, 0xFF, 0xCA, 0xFF, 0xE3, 0xFF, 0xE3, 0xFF, 0xAD, 0x00, 0x00, 0x00, 0x00, 0x00, 0x00,
    0xFF, 0xE1, 0x00, 0x00, 0xFF, 0xE8, 0x00, 0x00, 0x00, 0x00, 0xFF, 0xD7, 0x00, 0x00, 0x00, 0x00,
    0xFF, 0xE3, 0xFF, 0xE2, 0x00, 0x00, 0x00, 0x00, 0x00, 0x00, 0x00, 0x00, 0x00, 0x00, 0x00, 0x00,
    0x00, 0x00, 0xFF, 0xB5, 0xFF, 0x8E, 0x00, 0x00, 0x00, 0x00, 0x00, 0x00, 0x00, 0x00, 0x00, 0x00,
    0x00, 0x00, 0x00, 0x00, 0x00, 0x00, 0x00, 0x00, 0x00, 0x00, 0x00, 0x00, 0x00, 0x00, 0xFF, 0xCA,
    0x00, 0x00, 0x00, 0x00, 0x00, 0x00, 0x00, 0x00, 0xFF, 0xE2, 0x00, 0x00, 0x00, 0x00, 0x00, 0x00,
    0x00, 0x00, 0x00, 0x00, 0x00, 0x00, 0x00, 0x00, 0x00, 0x00, 0x00, 0x00, 0x00, 0x00, 0x00, 0x00,
    0x00, 0x00, 0xFF, 0xED, 0x00, 0x00, 0x00, 0x00, 0x00, 0x00, 0x00, 0x00, 0x00, 0x00, 0xFF, 0xAC,
    0x00, 0x00, 0x00, 0x00, 0xFF, 0xFB, 0xFF, 0xE7, 0xFF, 0xE9, 0x00, 0x00, 0xFF, 0xF9, 0xFF, 0xF7,
    0x00, 0x00, 0xFF, 0xF7, 0xFF, 0xC9, 0xFF, 0xE6, 0xFF, 0xE9, 0xFF, 0xED, 0x00, 0x00, 0x00, 0x00,
    0xFF, 0xEC, 0xFF, 0xF3, 0x00, 0x00, 0xFF, 0xB8, 0xFF, 0xEA, 0xFF, 0xFB, 0x00, 0x00, 0x00, 0x00,
    0xFF, 0xDE, 0x00, 0x00, 0x00, 0x00, 0x00, 0x00, 0x00, 0x00, 0x00, 0x00, 0xFF, 0xCB, 0xFF, 0xEF,
    0xFF, 0xF3, 0x00, 0x00, 0xFF, 0xF5, 0xFF, 0xC0, 0x00, 0x00, 0xFF, 0xFD, 0xFF, 0xCA, 0x00, 0x00,
    0xFF, 0xC5, 0xFF, 0xEB, 0xFF, 0xF5, 0x00, 0x00, 0x00, 0x00, 0xFF, 0xFA, 0xFF, 0xFA, 0x00, 0x00,
    0x00, 0x00, 0x00, 0x00, 0x00, 0x00, 0x00, 0x00, 0x00, 0x00, 0x00, 0x00, 0xFF, 0xE8, 0xFF, 0xBD,
    0xFF, 0xF3, 0xFF, 0xFE, 0x00, 0x00, 0x00, 0x00, 0x00, 0x00, 0x00, 0x00, 0xFF, 0xF4, 0xFF, 0xDF,
    0xFF, 0xF7, 0xFF, 0xE9, 0x00, 0x00, 0x00, 0x05, 0x00, 0x00, 0x00, 0x06, 0x00, 0x00, 0xFF, 0xF1,
    0xFF, 0xDA, 0x00, 0x00, 0xFF, 0xEC, 0x00, 0x00, 0xFF, 0xF6, 0x00, 0x00, 0x00, 0x00, 0x00, 0x00,
    0xFF, 0xFC, 0xFF, 0xFC, 0xFF, 0xFC, 0xFF, 0xFA, 0x00, 0x00, 0xFF, 0xC8, 0xFF, 0xF7, 0x00, 0x00,
    0xFF, 0x88, 0xFF, 0xF7, 0x00, 0x00, 0xFF, 0xF1, 0xFF, 0xEC, 0xFF, 0xDF, 0xFF, 0xE5, 0xFF, 0xF3,
    0xFF, 0xEB, 0xFF, 0xF1, 0xFF, 0xEE, 0xFF, 0xF5, 0xFF, 0xEE, 0xFF, 0xDF, 0xFF, 0xDF, 0xFF, 0xE3,
    0xFF, 0xEF, 0xFF, 0xBE, 0xFF, 0xE5, 0xFF, 0xEB, 0xFF, 0xD5, 0x00, 0x00, 0xFF, 0xE3, 0xFF, 0xF2,
    0xFF, 0x99, 0xFF, 0xEF, 0x00, 0x00, 0xFF, 0xF8, 0xFF, 0xFA, 0xFF, 0xF9, 0xFF, 0xF1, 0xFF, 0xF1,
    0xFF, 0xEF, 0x00, 0x00, 0x00, 0x00, 0x00, 0x00, 0xFF, 0xEE, 0x00, 0x00, 0xFF, 0xD3, 0x00, 0x00,
    0x00, 0x00, 0xFF, 0xFB, 0x00, 0x00, 0x00, 0x00, 0xFF, 0xF6, 0xFF, 0xF2, 0x00, 0x00, 0x00, 0x00,
    0x00, 0x00, 0xFF, 0xE5, 0x00, 0x00, 0x00, 0x00, 0x00, 0x00, 0xFF, 0xCF, 0xFF, 0xE4, 0x00, 0x00,
    0x00, 0x00, 0x00, 0x00, 0x00, 0x00, 0x00, 0x00, 0x00, 0x00, 0x00, 0x00, 0x00, 0x00, 0x00, 0x00,
    0x00, 0x00, 0x00, 0x00, 0x00, 0x00, 0xFF, 0xD2, 0x00, 0x00, 0x00, 0x00, 0x00, 0x00, 0x00, 0x00,
    0xFF, 0xF2, 0x00, 0x00, 0x00, 0x00, 0x00, 0x00, 0x00, 0x00, 0x00, 0x00, 0x00, 0x00, 0x00, 0x00,
    0x00, 0x00, 0x00, 0x00, 0x00, 0x00, 0x00, 0x00, 0x00, 0x00, 0xFF, 0xEE, 0x00, 0x00, 0x00, 0x00,
    0x00, 0x00, 0x00, 0x00, 0x00, 0x00, 0xFF, 0xE5, 0x00, 0x00, 0xFF, 0xF3, 0x00, 0x00, 0x00, 0x00,
    0xFF, 0xE8, 0xFF, 0xF2, 0xFF, 0xD1, 0xFF, 0xF5, 0xFF, 0xF6, 0xFF, 0xF4, 0xFF, 0xD5, 0x00, 0x00,
    0x00, 0x00, 0x00, 0x00, 0xFF, 0xEF, 0xFF, 0x9A, 0xFF, 0xE8, 0xFF, 0xEF, 0xFF, 0xC2, 0x00, 0x00,
    0x00, 0x00, 0xFF, 0xDC, 0xFF, 0x95, 0xFF, 0xC1, 0x00, 0x00, 0xFF, 0xDE, 0xFF, 0xDE, 0xFF, 0xCF,
    0xFF, 0xF3, 0xFF, 0xF3, 0xFF, 0xCB, 0x00, 0x00, 0x00, 0x00, 0x00, 0x00, 0xFF, 0xEF, 0x00, 0x00,
    0xFF, 0xF1, 0x00, 0x00, 0x00, 0x00, 0xFF, 0xDE, 0x00, 0x00, 0x00, 0x00, 0xFF, 0xF2, 0xFF, 0xF0,
    0x00, 0x00, 0x00, 0x00, 0x00, 0x00, 0xFF, 0xC0, 0x00, 0x00, 0x00, 0x00, 0x00, 0x00, 0xFF, 0xB8,
    0xFF, 0xAD, 0x00, 0x00, 0x00, 0x00, 0x00, 0x00, 0x00, 0x00, 0x00, 0x00, 0x00, 0x00, 0x00, 0x00,
    0x00, 0x00, 0x00, 0x00, 0x00, 0x00, 0x00, 0x00, 0x00, 0x00, 0xFF, 0xD7, 0x00, 0x00, 0x00, 0x00,
    0x00, 0x00, 0x00, 0x00, 0xFF, 0xF0, 0x00, 0x00, 0x00, 0x00, 0x00, 0x00, 0x00, 0x00, 0x00, 0x00,
    0x00, 0x00, 0x00, 0x00, 0x00, 0x00, 0x00, 0x00, 0x00, 0x00, 0x00, 0x00, 0x00, 0x00, 0xFF, 0xFC,
    0x00, 0x00, 0x00, 0x00, 0x00, 0x00, 0x00, 0x00, 0x00, 0x00, 0xFF, 0xB8, 0x00, 0x00, 0xFF, 0xFA,
    0xFF, 0xE2, 0xFF, 0xD2, 0xFF, 0xD6, 0xFF, 0xFD, 0xFF, 0xF3, 0xFF, 0xF3, 0xFF, 0xF0, 0x00, 0x00,
    0xFF, 0xFE, 0xFF, 0xD2, 0xFF, 0xD2, 0xFF, 0xDF, 0xFF, 0xEE, 0xFF, 0xC9, 0xFF, 0xD6, 0xFF, 0xDD,
    0xFF, 0xDF, 0xFF, 0xF5, 0xFF, 0xD7, 0x00, 0x00, 0xFF, 0xCE, 0xFF, 0xFB, 0xFF, 0xB0, 0xFF, 0xFE,
    0xFF, 0xFE, 0x00, 0x00, 0xFF, 0xF0, 0xFF, 0xF9, 0xFF, 0xF8, 0xFF, 0xE1, 0xFF, 0xE0, 0xFF, 0xF8,
    0xFF, 0xF8, 0xFF, 0xAF, 0x00, 0x00, 0xFF, 0xFB, 0xFF, 0x9F, 0xFF, 0xFE, 0xFF, 0xB6, 0xFF, 0xE4,
    0xFF, 0xFD, 0xFF, 0xF9, 0x00, 0x00, 0xFF, 0xE1, 0xFF, 0xE1, 0x00, 0x00, 0x00, 0x00, 0x00, 0x00,
    0x00, 0x00, 0xFF, 0xDB, 0xFF, 0xFE, 0xFF, 0xEF, 0xFF, 0xCA, 0xFF, 0x9F, 0xFF, 0xDD, 0xFF, 0xDB,
    0xFF, 0xC4, 0xFF, 0xCA, 0x00, 0x00, 0xFF, 0xFA, 0xFF, 0xEC, 0xFF, 0xC9, 0xFF, 0xD9, 0xFF, 0xDC,
    0xFF, 0xFE, 0xFF, 0xFD, 0xFF, 0xFD, 0xFF, 0xFD, 0xFF, 0xF9, 0xFF, 0xCB, 0xFF, 0xC0, 0xFF, 0xDD,
    0xFF, 0xE7, 0x00, 0x00, 0xFF, 0xF2, 0x00, 0x00, 0xFF, 0xE2, 0x00, 0x00, 0xFF, 0xEC, 0xFF, 0xEB,
    0xFF, 0xEB, 0xFF, 0xDF, 0xFF, 0xD5, 0xFF, 0xFB, 0xFF, 0xC6, 0x00, 0x00, 0xFF, 0xAD, 0xFF, 0xFC,
    0x00, 0x00, 0x00, 0x09, 0x00, 0x0E, 0x00, 0x09, 0x00, 0x04, 0x00, 0x0C, 0xFF, 0xF9, 0x00, 0x10,
    0x00, 0x0D, 0x00, 0x0E, 0xFF, 0xF5, 0x00, 0x0B, 0x00, 0x0E, 0x00, 0x12, 0x00, 0x0C, 0xFF, 0xD0,
    0x00, 0x05, 0x00, 0x0E, 0xFF, 0xF3, 0x00, 0x00, 0x00, 0x0F, 0xFF, 0xFC, 0xFF, 0xDB, 0x00, 0x00,
    0x00, 0x00, 0x00, 0x04, 0x00, 0x04, 0x00, 0x02, 0x00, 0x09, 0x00, 0x09, 0xFF, 0xF9, 0x00, 0x00,
    0x00, 0x00, 0x00, 0x00, 0x00, 0x07, 0x00, 0x00, 0x00, 0x03, 0x00, 0x00, 0x00, 0x00, 0x00, 0x05,
    0x00, 0x00, 0x00, 0x00, 0x00, 0x0C, 0x00, 0x25, 0x00, 0x00, 0x00, 0x00, 0x00, 0x00, 0xFF, 0xEC,
    0x00, 0x00, 0x00, 0x00, 0x00, 0x00, 0xFF, 0xE1, 0xFF, 0xEF, 0x00, 0x00, 0x00, 0x00, 0x00, 0x00,
    0x00, 0x00, 0x00, 0x00, 0x00, 0x00, 0x00, 0x00, 0x00, 0x00, 0x00, 0x00, 0x00, 0x00, 0x00, 0x00,
    0x00, 0x00, 0xFF, 0xF0, 0x00, 0x00, 0x00, 0x00, 0x00, 0x00, 0x00, 0x00, 0x00, 0x25, 0x00, 0x00,
    0x00, 0x00, 0x00, 0x00, 0x00, 0x00, 0x00, 0x00, 0x00, 0x00, 0x00, 0x00, 0x00, 0x00, 0x00, 0x00,
    0x00, 0x00, 0x00, 0x00, 0x00, 0x00, 0x00, 0x10, 0x00, 0x00, 0x00, 0x00, 0x00, 0x00, 0x00, 0x00,
    0x00, 0x00, 0xFF, 0xF4, 0x00, 0x00, 0xFF, 0xF5, 0xFF, 0xFE, 0xFF, 0xFE, 0xFF, 0xEE, 0xFF, 0xF5,
    0xFF, 0xD9, 0xFF, 0xF7, 0xFF, 0xF6, 0xFF, 0xF6, 0xFF, 0xD6, 0xFF, 0xFB, 0x00, 0x00, 0xFF, 0xFE,
    0xFF, 0xF3, 0xFF, 0x97, 0x00, 0x00, 0xFF, 0xF4, 0xFF, 0xC4, 0x00, 0x00, 0xFF, 0xFE, 0xFF, 0xE7,
    0xFF, 0x96, 0xFF, 0xC5, 0x00, 0x00, 0xFF, 0xE0, 0xFF, 0xE0, 0xFF, 0xC9, 0xFF, 0xF5, 0xFF, 0xF5,
    0xFF, 0xBE, 0x00, 0x00, 0x00, 0x00, 0x00, 0x00, 0xFF, 0xF3, 0x00, 0x00, 0x00, 0x00, 0x00, 0x00,
    0x00, 0x00, 0xFF, 0xE1, 0xFF, 0xFC, 0xFF, 0xBE, 0xFF, 0xF5, 0xFF, 0xF3, 0x00, 0x00, 0xFF, 0x96,
    0xFF, 0x96, 0x00, 0x00, 0x00, 0x00, 0x00, 0x00, 0x00, 0x00, 0xFF, 0xBA, 0xFF, 0xAB, 0x00, 0x00,
    0x00, 0x00, 0x00, 0x00, 0xFF, 0x96, 0x00, 0x00, 0x00, 0x00, 0xFF, 0xA6, 0xFF, 0xA6, 0x00, 0x00,
    0x00, 0x00, 0x00, 0x00, 0x00, 0x00, 0xFF, 0xDE, 0x00, 0x00, 0x00, 0x00, 0x00, 0x00, 0x00, 0x00,
    0xFF, 0xF3, 0x00, 0x00, 0x00, 0x00, 0x00, 0x00, 0x00, 0x00, 0xFF, 0xB3, 0xFF, 0xFE, 0xFF, 0xFC,
    0xFF, 0xCF, 0xFF, 0xD1, 0x00, 0x00, 0xFF, 0x96, 0x00, 0x00, 0xFF, 0xFB, 0xFF, 0x99, 0x00, 0x00,
    0x00, 0x00, 0xFF, 0xC8, 0x00, 0x00, 0xFF, 0xB0, 0x00, 0x00, 0xFF, 0xF4, 0xFF, 0xD6, 0xFF, 0xB4,
    0xFF, 0xC0, 0xFF, 0xF5, 0xFF, 0xF6, 0xFF, 0xE8, 0xFF, 0xF6, 0xFF, 0xE6, 0xFF, 0x96, 0xFF, 0xBF,
    0xFF, 0xBF, 0xFF, 0xBD, 0xFF, 0xEE, 0xFF, 0xFE, 0xFF, 0xCA, 0xFF, 0xC7, 0x00, 0x00, 0x00, 0x00,
    0xFF, 0xBB, 0xFF, 0xF6, 0x00, 0x00, 0xFF, 0xF3, 0x00, 0x00, 0xFF, 0xF8, 0xFF, 0xF8, 0xFF, 0xF0,
    0xFF, 0xF4, 0xFF, 0xEE, 0xFF, 0xB2, 0x00, 0x00, 0x00, 0x00, 0x00, 0x00, 0xFF, 0xF5, 0x00, 0x00,
    0xFF, 0xC0, 0x00, 0x00, 0x00, 0x00, 0xFF, 0xF7, 0x00, 0x00, 0x00, 0x00, 0xFF, 0xE4, 0xFF, 0xF5,
    0x00, 0x00, 0x00, 0x00, 0x00, 0x00, 0xFF, 0x5F, 0x00, 0x00, 0x00, 0x00, 0x00, 0x00, 0x00, 0x00,
    0xFF, 0xF7, 0x00, 0x00, 0x00, 0x00, 0x00, 0x00, 0x00, 0x00, 0x00, 0x00, 0x00, 0x00, 0x00, 0x00,
    0x00, 0x00, 0x00, 0x00, 0x00, 0x00, 0x00, 0x00, 0x00, 0x00, 0xFF, 0xEC, 0x00, 0x00, 0x00, 0x00,
    0x00, 0x00, 0x00, 0x00, 0x00, 0x00, 0x00, 0x00, 0x00, 0x00, 0x00, 0x00, 0x00, 0x00, 0x00, 0x00,
    0x00, 0x00, 0x00, 0x00, 0x00, 0x00, 0x00, 0x00, 0x00, 0x00, 0x00, 0x00, 0x00, 0x00, 0xFF, 0xE3,
    0x00, 0x00, 0x00, 0x00, 0x00, 0x00, 0x00, 0x00, 0x00, 0x00, 0xFF, 0xEE, 0x00, 0x00, 0xFF, 0xF4,
    0xFF, 0xD6, 0xFF, 0xB4, 0xFF, 0xC1, 0xFF, 0xF5, 0xFF, 0xF6, 0xFF, 0xE7, 0xFF, 0xF6, 0xFF, 0xE6,
    0xFF, 0x96, 0xFF, 0xBB, 0xFF, 0xC0, 0xFF, 0xBD, 0xFF, 0xEE, 0xFF, 0xFE, 0xFF, 0xD2, 0xFF, 0xC8,
    0x00, 0x00, 0x00, 0x00, 0xFF, 0xBB, 0xFF, 0xF6, 0x00, 0x00, 0xFF, 0xF3, 0x00, 0x00, 0xFF, 0xF8,
    0xFF, 0xF8, 0xFF, 0xEF, 0xFF, 0xF4, 0xFF, 0xEE, 0xFF, 0xB2, 0x00, 0x00, 0x00, 0x00, 0x00, 0x00,
    0xFF, 0xF5, 0x00, 0x00, 0xFF, 0xC0, 0x00, 0x00, 0x00, 0x00, 0xFF, 0xF7, 0x00, 0x00, 0x00, 0x00,
    0xFF, 0xE4, 0xFF, 0xF6, 0x00, 0x00, 0x00, 0x00, 0x00, 0x00, 0xFF, 0x96, 0x00, 0x00, 0x00, 0x00,
    0x00, 0x00, 0x00, 0x00, 0xFF, 0xF7, 0x00, 0x00, 0x00, 0x00, 0x00, 0x00, 0x00, 0x00, 0x00, 0x00,
    0x00, 0x00, 0x00, 0x00, 0x00, 0x00, 0x00, 0x00, 0x00, 0x00, 0x00, 0x00, 0x00, 0x00, 0xFF, 0xEC,
    0x00, 0x00, 0x00, 0x00, 0x00, 0x00, 0x00, 0x00, 0x00, 0x00, 0x00, 0x00, 0x00, 0x00, 0x00, 0x00,
    0x00, 0x00, 0x00, 0x00, 0x00, 0x00, 0x00, 0x00, 0x00, 0x00, 0x00, 0x00, 0x00, 0x00, 0x00, 0x00,
    0x00, 0x00, 0xFF, 0xE3, 0x00, 0x00, 0x00, 0x00, 0x00, 0x00, 0x00, 0x00, 0x00, 0x00, 0xFF, 0xEE,
    0x00, 0x00, 0xFF, 0xF4, 0xFF, 0xEC, 0xFF, 0xD4, 0xFF, 0xD2, 0xFF, 0xF7, 0x00, 0x00, 0xFF, 0xE7,
    0xFF, 0xF7, 0xFF, 0xE5, 0xFF, 0xC9, 0xFF, 0xD1, 0x00, 0x00, 0xFF, 0xD8, 0xFF, 0xF3, 0xFF, 0xE6,
    0x00, 0x00, 0xFF, 0xDC, 0xFF, 0xEF, 0xFF, 0xB8, 0xFF, 0xD7, 0xFF, 0xF5, 0xFF, 0xF6, 0xFF, 0xF1,
    0x00, 0x00, 0x00, 0x00, 0x00, 0x00, 0x00, 0x00, 0xFF, 0xF4, 0xFF, 0xF4, 0xFF, 0xC6, 0x00, 0x00,
    0x00, 0x00, 0xFF, 0xF3, 0xFF, 0xE9, 0x00, 0x00, 0xFF, 0xCC, 0xFF, 0xEF, 0x00, 0x00, 0xFF, 0xFD,
    0x00, 0x00, 0x00, 0x00, 0x00, 0x00, 0xFF, 0xF4, 0x00, 0x00, 0xFF, 0xED, 0xFF, 0xED, 0xFF, 0xBB,
    0xFF, 0xED, 0x00, 0x00, 0x00, 0x00, 0x00, 0x00, 0xFF, 0xDE, 0x00, 0x00, 0x00, 0x00, 0x00, 0x00,
    0x00, 0x00, 0x00, 0x00, 0x00, 0x00, 0xFF, 0xEB, 0xFF, 0xBC, 0x00, 0x06, 0x00, 0x00, 0x00, 0x00,
    0xFF, 0xE4, 0xFF, 0xD0, 0x00, 0x00, 0x00, 0x00, 0x00, 0x00, 0x00, 0x00, 0xFF, 0xF6, 0x00, 0x00,
    0x00, 0x00, 0x00, 0x00, 0x00, 0x00, 0x00, 0x00, 0x00, 0x00, 0x00, 0x00, 0xFF, 0xDD, 0xFF, 0xD5,
    0xFF, 0xF4, 0x00, 0x00, 0x00, 0x00, 0xFF, 0xEA, 0x00, 0x00, 0xFF, 0xC6, 0x00, 0x00, 0x00, 0x00,
    0x00, 0x00, 0xFF, 0xF0, 0x00, 0x00, 0x00, 0x06, 0xFF, 0xE4, 0xFF, 0xA6, 0xFF, 0xA5, 0x00, 0x0A,
    0xFF, 0xD9, 0xFF, 0xD1, 0x00, 0x0A, 0x00, 0x00, 0xFF, 0xB6, 0xFF, 0xA6, 0x00, 0x00, 0x00, 0x00,
    0xFF, 0xF6, 0x00, 0x09, 0xFF, 0xC1, 0x00, 0x00, 0x00, 0x10, 0xFF, 0x96, 0x00, 0x00, 0x00, 0x00,
    0x00, 0x0A, 0x00, 0x03, 0x00, 0x00, 0x00, 0x00, 0x00, 0x00, 0x00, 0x00, 0x00, 0x05, 0xFF, 0xFE,
    0x00, 0x00, 0x00, 0x00, 0x00, 0x00, 0x00, 0x05, 0x00, 0x00, 0x00, 0x00, 0x00, 0x00, 0xFF, 0xD7,
    0xFF, 0x71, 0x00, 0x00, 0x00, 0x00, 0xFF, 0xA2, 0x00, 0x00, 0x00, 0x00, 0x00, 0x00, 0x00, 0x00,
    0x00, 0x00, 0x00, 0x00, 0x00, 0x00, 0x00, 0x00, 0x00, 0x00, 0x00, 0x0D, 0x00, 0x00, 0x00, 0x00,
    0x00, 0x00, 0x00, 0x00, 0x00, 0x00, 0x00, 0x00, 0x00, 0x00, 0x00, 0x03, 0x00, 0x00, 0x00, 0x00,
    0x00, 0x00, 0x00, 0x00, 0xFF, 0x9A, 0xFF, 0xF4, 0x00, 0x1D, 0x00, 0x00, 0x00, 0x00, 0x00, 0x00,
    0x00, 0x00, 0x00, 0x00, 0x00, 0x00, 0x00, 0x00, 0x00, 0x00, 0x00, 0x00, 0xFF, 0xE5, 0xFF, 0xF6,
    0x00, 0x07, 0xFF, 0xFB, 0xFF, 0xFC, 0x00, 0x00, 0x00, 0x00, 0x00, 0x00, 0x00, 0x00, 0xFF, 0xB1,
    0x00, 0x00, 0x00, 0x00, 0x00, 0x00, 0x00, 0x00, 0x00, 0x00, 0xFF, 0xFE, 0x00, 0x10, 0x00, 0x0E,
    0x00, 0x00, 0x00, 0x00, 0xFF, 0xF5, 0x00, 0x02, 0x00, 0x00, 0x00, 0x00, 0xFF, 0xDF, 0x00, 0x0F,
    0x00, 0x0E, 0x00, 0x00, 0xFF, 0xFA, 0xFF, 0xC5, 0x00, 0x00, 0x00, 0x09, 0xFF, 0xE6, 0xFF, 0xCD,
    0x00, 0x00, 0x00, 0x00, 0xFF, 0xBE, 0x00, 0x00, 0x00, 0x00, 0x00, 0x00, 0x00, 0x00, 0x00, 0x00,
    0xFF, 0xFE, 0xFF, 0xFE, 0xFF, 0xD0, 0x00, 0x00, 0x00, 0x00, 0xFF, 0xFD, 0xFF, 0xFD, 0x00, 0x00,
    0x00, 0x02, 0x00, 0x00, 0xFF, 0xF9, 0x00, 0x00, 0x00, 0x00, 0x00, 0x00, 0x00, 0x00, 0xFF, 0xFE,
    0x00, 0x00, 0xFF, 0xD6, 0xFF, 0xD6, 0xFF, 0xC5, 0x00, 0x00, 0x00, 0x00, 0x00, 0x04, 0xFF, 0xDF,
    0x00, 0x00, 0x00, 0x00, 0x00, 0x00, 0x00, 0x00, 0x00, 0x00, 0x00, 0x00, 0x00, 0x00, 0xFF, 0xB4,
    0xFF, 0xAE, 0xFF, 0xFE, 0x00, 0x00, 0x00, 0x00, 0x00, 0x12, 0xFF, 0xEE, 0x00, 0x00, 0x00, 0x00,
    0x00, 0x00, 0x00, 0x00, 0xFF, 0xFE, 0x00, 0x00, 0x00, 0x00, 0x00, 0x00, 0x00, 0x00, 0x00, 0x00,
    0x00, 0x00, 0x00, 0x00, 0xFF, 0xE5, 0xFF, 0xE2, 0xFF, 0xF4, 0x00, 0x00, 0x00, 0x00, 0x00, 0x0E,
    0x00, 0x00, 0xFF, 0xDF, 0x00, 0x00, 0x00, 0x00, 0x00, 0x00, 0x00, 0x00, 0x00, 0x00, 0x00, 0x00,
    0xFF, 0xE0, 0xFF, 0xCB, 0xFF, 0xD0, 0x00, 0x00, 0xFF, 0xEB, 0xFF, 0xE8, 0x00, 0x05, 0xFF, 0xE3,
    0xFF, 0xAE, 0xFF, 0xCE, 0xFF, 0xD7, 0xFF, 0xCD, 0xFF, 0xE9, 0x00, 0x00, 0xFF, 0xD8, 0xFF, 0xCF,
    0x00, 0x02, 0xFF, 0x96, 0xFF, 0xCC, 0xFF, 0xEC, 0x00, 0x03, 0xFF, 0xFD, 0xFF, 0xC2, 0xFF, 0xF5,
    0xFF, 0xFA, 0xFF, 0xE4, 0x00, 0x00, 0xFF, 0xF6, 0xFF, 0xC1, 0xFF, 0xD9, 0xFF, 0xDE, 0x00, 0x00,
    0xFF, 0xFD, 0xFF, 0xBA, 0xFF, 0xD3, 0xFF, 0xE4, 0xFF, 0xB5, 0xFF, 0xF2, 0xFF, 0xB8, 0xFF, 0xCF,
    0xFF, 0xE1, 0xFF, 0xFE, 0x00, 0x00, 0x00, 0x00, 0x00, 0x00, 0xFF, 0x98, 0x00, 0x00, 0xFF, 0xD2,
    0x00, 0x0A, 0x00, 0x00, 0xFF, 0xFE, 0xFF, 0xEB, 0xFF, 0xD3, 0xFF, 0xAC, 0xFF, 0xF1, 0x00, 0x00,
    0x00, 0x00, 0x00, 0x00, 0x00, 0x00, 0xFF, 0xFD, 0xFF, 0xF1, 0x00, 0x00, 0xFF, 0xD7, 0xFF, 0xEF,
    0x00, 0x10, 0x00, 0x2A, 0x00, 0x1B, 0x00, 0x2D, 0x00, 0x09, 0xFF, 0xD6, 0xFF, 0xCF, 0xFF, 0xD4,
    0xFF, 0xD6, 0x00, 0x0B, 0xFF, 0xE1, 0xFF, 0xED, 0xFF, 0xFE, 0xFF, 0xF4, 0xFF, 0xED, 0x00, 0x00,
    0x00, 0x00, 0xFF, 0xE7, 0x00, 0x03, 0xFF, 0xA1, 0x00, 0x00, 0x00, 0x00, 0xFF, 0x58, 0xFF, 0xE3,
    0x00, 0x00, 0x00, 0x00, 0xFF, 0xC9, 0xFF, 0xCC, 0xFF, 0xCE, 0x00, 0x00, 0xFF, 0xCD, 0xFF, 0xDB,
    0xFF, 0xFD, 0xFF, 0xF9, 0x00, 0x00, 0xFF, 0xCF, 0xFF, 0xD2, 0xFF, 0xE4, 0xFF, 0xDB, 0xFF, 0xFE,
    0xFF, 0xDA, 0xFF, 0xD7, 0xFF, 0xFE, 0xFF, 0xF9, 0xFF, 0xCE, 0xFF, 0xD6, 0xFF, 0xFE, 0x00, 0x00,
    0xFF, 0x91, 0xFF, 0xE4, 0xFF, 0xE8, 0x00, 0x00, 0x00, 0x00, 0xFF, 0xFD, 0xFF, 0xFB, 0xFF, 0xBB,
    0xFF, 0xC6, 0x00, 0x00, 0x00, 0x00, 0xFF, 0xAB, 0xFF, 0xCC, 0xFF, 0xF7, 0xFF, 0x8D, 0xFF, 0xE6,
    0xFF, 0xAD, 0xFF, 0xE4, 0xFF, 0xF8, 0x00, 0x00, 0x00, 0x00, 0xFF, 0xF7, 0xFF, 0xF7, 0x00, 0x00,
    0xFF, 0xDE, 0xFF, 0xCE, 0x00, 0x06, 0xFF, 0xFE, 0x00, 0x00, 0xFF, 0xDE, 0xFF, 0xBD, 0xFF, 0x95,
    0xFF, 0xE4, 0xFF, 0xFE, 0x00, 0x00, 0x00, 0x00, 0x00, 0x00, 0xFF, 0xF4, 0xFF, 0xE7, 0xFF, 0xF7,
    0xFF, 0xBF, 0xFF, 0xF3, 0x00, 0x0D, 0x00, 0x2F, 0x00, 0x22, 0x00, 0x30, 0x00, 0x0C, 0xFF, 0xA7,
    0x00, 0x00, 0xFF, 0xB7, 0xFF, 0xE9, 0x00, 0x0D, 0xFF, 0xEF, 0xFF, 0xE5, 0x00, 0x00, 0xFF, 0xF5,
    0xFF, 0xD2, 0xFF, 0xF6, 0xFF, 0xF6, 0xFF, 0xD7, 0xFF, 0xFE, 0x00, 0x00, 0xFF, 0xF7, 0x00, 0x00,
    0xFF, 0xAD, 0x00, 0x00, 0x00, 0x00, 0x00, 0x04, 0x00, 0x04, 0x00, 0x00, 0xFF, 0xFC, 0x00, 0x08,
    0xFF, 0xEC, 0x00, 0x00, 0x00, 0x09, 0x00, 0x00, 0xFF, 0xDB, 0x00, 0x00, 0x00, 0x00, 0x00, 0x00,
    0xFF, 0xF4, 0xFF, 0xBE, 0x00, 0x00, 0x00, 0x00, 0xFF, 0xD4, 0x00, 0x00, 0x00, 0x00, 0x00, 0x00,
    0xFF, 0xBC, 0xFF, 0xD0, 0x00, 0x00, 0x00, 0x00, 0x00, 0x00, 0xFF, 0xF3, 0x00, 0x00, 0x00, 0x00,
    0xFF, 0xD2, 0x00, 0x00, 0x00, 0x00, 0x00, 0x00, 0x00, 0x00, 0x00, 0x00, 0x00, 0x00, 0x00, 0x00,
    0x00, 0x00, 0x00, 0x00, 0x00, 0x00, 0x00, 0x00, 0x00, 0x00, 0x00, 0x00, 0x00, 0x00, 0x00, 0x00,
    0x00, 0x00, 0x00, 0x00, 0x00, 0x00, 0x00, 0x00, 0x00, 0x00, 0xFF, 0xCF, 0xFF, 0xC7, 0x00, 0x00,
    0x00, 0x00, 0x00, 0x00, 0x00, 0x00, 0x00, 0x00, 0x00, 0x00, 0x00, 0x00, 0x00, 0x00, 0x00, 0x00,
    0x00, 0x00, 0x00, 0x00, 0x00, 0x00, 0x00, 0x00, 0x00, 0x00, 0x00, 0x00, 0x00, 0x00, 0x00, 0x00,
    0x00, 0x00, 0x00, 0x00, 0x00, 0x00, 0x00, 0x00, 0x00, 0x00, 0x00, 0x00, 0x00, 0x00, 0x00, 0x00,
    0x00, 0x00, 0x00, 0x00, 0x00, 0x00, 0x00, 0x00, 0x00, 0x00, 0x00, 0x00, 0x00, 0x00, 0x00, 0x00,
    0x00, 0x00, 0x00, 0x00, 0x00, 0x00, 0x00, 0x00, 0x00, 0x00, 0xFF, 0xED, 0xFF, 0xF8, 0xFF, 0xEF,
    0xFF, 0xEF, 0xFF, 0xED, 0xFF, 0xE7, 0xFF, 0xEF, 0xFF, 0xF0, 0xFF, 0xED, 0xFF, 0xB3, 0xFF, 0xEF,
    0x00, 0x00, 0xFF, 0xF1, 0xFF, 0xE8, 0xFF, 0xC5, 0x00, 0x00, 0xFF, 0xF1, 0xFF, 0xDC, 0x00, 0x00,
    0xFF, 0xF0, 0x00, 0x00, 0xFF, 0xD2, 0xFF, 0xC6, 0x00, 0x00, 0xFF, 0xF1, 0x00, 0x00, 0xFF, 0xE5,
    0xFF, 0xED, 0xFF, 0xED, 0xFF, 0xAA, 0x00, 0x00, 0x00, 0x00, 0x00, 0x00, 0x00, 0x00, 0x00, 0x00,
    0x00, 0x00, 0x00, 0x00, 0x00, 0x00, 0xFF, 0xF1, 0x00, 0x00, 0x00, 0x00, 0x00, 0x00, 0x00, 0x00,
    0x00, 0x00, 0x00, 0x00, 0x00, 0x00, 0x00, 0x00, 0x00, 0x00, 0x00, 0x00, 0x00, 0x00, 0xFF, 0xD3,
    0xFF, 0xBD, 0x00, 0x00, 0x00, 0x00, 0x00, 0x00, 0x00, 0x00, 0x00, 0x00, 0x00, 0x00, 0x00, 0x00,
    0x00, 0x00, 0x00, 0x00, 0x00, 0x00, 0x00, 0x00, 0x00, 0x00, 0x00, 0x00, 0x00, 0x00, 0x00, 0x00,
    0x00, 0x00, 0x00, 0x00, 0x00, 0x00, 0x00, 0x00, 0x00, 0x00, 0x00, 0x00, 0x00, 0x00, 0x00, 0x00,
    0x00, 0x00, 0x00, 0x00, 0x00, 0x00, 0x00, 0x00, 0x00, 0x00, 0x00, 0x00, 0x00, 0x00, 0x00, 0x00,
    0x00, 0x00, 0x00, 0x00, 0x00, 0x00, 0x00, 0x00, 0x00, 0x00, 0x00, 0x00, 0x00, 0x00, 0xFF, 0xE9,
    0xFF, 0xF6, 0xFF, 0xF1, 0xFF, 0xE9, 0xFF, 0xEA, 0xFF, 0xD9, 0xFF, 0xED, 0xFF, 0xEC, 0xFF, 0xEB,
    0xFF, 0xB5, 0xFF, 0xED, 0x00, 0x00, 0xFF, 0xF2, 0xFF, 0xDB, 0xFF, 0xA0, 0x00, 0x00, 0xFF, 0xED,
    0xFF, 0xC6, 0x00, 0x00, 0xFF, 0xF2, 0x00, 0x00, 0xFF, 0x65, 0xFF, 0x90, 0x00, 0x00, 0xFF, 0xEB,
    0x00, 0x00, 0xFF, 0xC1, 0xFF, 0xE9, 0xFF, 0xE9, 0xFF, 0xA4, 0x00, 0x00, 0x00, 0x00, 0x00, 0x00,
    0x00, 0x00, 0x00, 0x00, 0x00, 0x00, 0x00, 0x00, 0x00, 0x00, 0xFF, 0xEB, 0x00, 0x00, 0x00, 0x00,
    0x00, 0x00, 0x00, 0x00, 0x00, 0x00, 0x00, 0x00, 0x00, 0x00, 0x00, 0x00, 0x00, 0x00, 0x00, 0x00,
    0x00, 0x00, 0xFF, 0xBF, 0xFF, 0x89, 0x00, 0x00, 0x00, 0x00, 0x00, 0x00, 0x00, 0x00, 0x00, 0x00,
    0x00, 0x00, 0x00, 0x00, 0x00, 0x00, 0x00, 0x00, 0x00, 0x00, 0x00, 0x00, 0x00, 0x00, 0x00, 0x00,
    0x00, 0x00, 0x00, 0x00, 0x00, 0x00, 0x00, 0x00, 0x00, 0x00, 0x00, 0x00, 0x00, 0x00, 0x00, 0x00,
    0x00, 0x00, 0x00, 0x00, 0x00, 0x00, 0x00, 0x00, 0x00, 0x00, 0x00, 0x00, 0x00, 0x00, 0x00, 0x00,
    0x00, 0x00, 0x00, 0x00, 0x00, 0x00, 0x00, 0x00, 0x00, 0x00, 0x00, 0x00, 0x00, 0x00, 0x00, 0x00,
    0x00, 0x00, 0xFF, 0xEB, 0xFF, 0xD6, 0xFF, 0xB5, 0xFF, 0xC0, 0xFF, 0xEB, 0xFF, 0xEF, 0xFF, 0xE1,
    0xFF, 0xEE, 0xFF, 0xE0, 0xFF, 0x91, 0xFF, 0xB5, 0x00, 0x00, 0xFF, 0xBD, 0xFF, 0xE7, 0xFF, 0xEA,
    0x00, 0x00, 0xFF, 0xC7, 0xFF, 0xF3, 0x00, 0x00, 0xFF, 0xBB, 0xFF, 0xF0, 0xFF, 0xF8, 0xFF, 0xEB,
    0x00, 0x00, 0xFF, 0xF1, 0xFF, 0xF1, 0xFF, 0xEA, 0xFF, 0xEB, 0xFF, 0xE6, 0xFF, 0xA5, 0x00, 0x00,
    0x00, 0x00, 0x00, 0x00, 0xFF, 0xEA, 0x00, 0x00, 0x00, 0x00, 0x00, 0x00, 0x00, 0x00, 0xFF, 0xF1,
    0x00, 0x00, 0x00, 0x00, 0xFF, 0xDE, 0xFF, 0xEA, 0x00, 0x00, 0x00, 0x00, 0x00, 0x00, 0x00, 0x00,
    0x00, 0x00, 0x00, 0x00, 0x00, 0x00, 0xFF, 0xF1, 0xFF, 0xE4, 0x00, 0x00, 0x00, 0x00, 0x00, 0x00,
    0x00, 0x00, 0x00, 0x00, 0x00, 0x00, 0x00, 0x00, 0x00, 0x00, 0x00, 0x00, 0x00, 0x00, 0x00, 0x00,
    0x00, 0x00, 0xFF, 0xD5, 0x00, 0x00, 0x00, 0x00, 0x00, 0x00, 0x00, 0x00, 0xFF, 0xEF, 0x00, 0x00,
    0x00, 0x00, 0x00, 0x00, 0x00, 0x00, 0x00, 0x00, 0x00, 0x00, 0x00, 0x00, 0x00, 0x00, 0x00, 0x00,
    0x00, 0x00, 0x00, 0x00, 0x00, 0x00, 0xFF, 0xD7, 0x00, 0x00, 0x00, 0x00, 0x00, 0x00, 0x00, 0x00,
    0x00, 0x00, 0xFF, 0xE9, 0x00, 0x00, 0x00, 0x00, 0x00, 0x00, 0xFF, 0xFD, 0xFF, 0xF7, 0xFF, 0xFE,
    0xFF, 0xF0, 0xFF, 0xFD, 0x00, 0x00, 0xFF, 0xFD, 0xFF, 0xD2, 0xFF, 0xFD, 0x00, 0x00, 0xFF, 0xFD,
    0xFF, 0xF8, 0xFF, 0xC3, 0x00, 0x00, 0xFF, 0xFB, 0xFF, 0xE3, 0x00, 0x00, 0xFF, 0xFD, 0x00, 0x00,
    0xFF, 0xD5, 0xFF, 0xD9, 0x00, 0x00, 0xFF, 0xFD, 0x00, 0x00, 0xFF, 0xF8, 0x00, 0x00, 0x00, 0x00,
    0xFF, 0xCE, 0x00, 0x00, 0x00, 0x00, 0x00, 0x00, 0x00, 0x00, 0x00, 0x00, 0x00, 0x00, 0x00, 0x00,
    0x00, 0x00, 0x00, 0x00, 0x00, 0x00, 0x00, 0x00, 0x00, 0x00, 0x00, 0x00, 0x00, 0x00, 0x00, 0x00,
    0x00, 0x00, 0x00, 0x00, 0x00, 0x00, 0x00, 0x00, 0x00, 0x00, 0xFF, 0xDA, 0xFF, 0xC1, 0x00, 0x00,
    0x00, 0x00, 0x00, 0x00, 0x00, 0x00, 0x00, 0x00, 0x00, 0x00, 0x00, 0x00, 0x00, 0x00, 0x00, 0x00,
    0x00, 0x00, 0x00, 0x00, 0x00, 0x00, 0x00, 0x00, 0x00, 0x00, 0x00, 0x00, 0x00, 0x00, 0x00, 0x00,
    0x00, 0x00, 0x00, 0x00, 0x00, 0x00, 0x00, 0x00, 0x00, 0x00, 0x00, 0x00, 0x00, 0x00, 0x00, 0x00,
    0x00, 0x00, 0x00, 0x00, 0x00, 0x00, 0x00, 0x00, 0x00, 0x00, 0x00, 0x00, 0x00, 0x00, 0x00, 0x00,
    0x00, 0x00, 0x00, 0x00, 0x00, 0x00, 0x00, 0x00, 0x00, 0x00, 0xFF, 0xFC, 0xFF, 0xE0, 0xFF, 0xE9,
    0xFF, 0xE5, 0xFF, 0xFE, 0xFF, 0xC2, 0xFF, 0xE9, 0xFF, 0xDF, 0xFF, 0xFD, 0x00, 0x00, 0xFF, 0xE6,
    0x00, 0x00, 0xFF, 0xEF, 0xFF, 0xE6, 0xFF, 0x9C, 0x00, 0x00, 0xFF, 0xEE, 0xFF, 0xB0, 0x00, 0x00,
    0xFF, 0xED, 0xFF, 0xC9, 0xFF, 0xA7, 0x00, 0x00, 0x00, 0x00, 0xFF, 0xD3, 0xFF, 0xE4, 0xFF, 0xFE,
    0xFF, 0xF0, 0xFF, 0xFC, 0x00, 0x00, 0x00, 0x00, 0x00, 0x00, 0x00, 0x00, 0xFF, 0xFB, 0x00, 0x00,
    0x00, 0x00, 0x00, 0x00, 0x00, 0x00, 0xFF, 0xE4, 0x00, 0x00, 0x00, 0x00, 0xFF, 0xFC, 0xFF, 0xFC,
    0x00, 0x00, 0x00, 0x00, 0x00, 0x00, 0x00, 0x00, 0x00, 0x00, 0x00, 0x00, 0x00, 0x00, 0xFF, 0xA1,
    0x00, 0x00, 0x00, 0x00, 0x00, 0x00, 0x00, 0x00, 0x00, 0x00, 0x00, 0x00, 0x00, 0x00, 0x00, 0x00,
    0x00, 0x00, 0x00, 0x00, 0x00, 0x00, 0x00, 0x00, 0x00, 0x00, 0xFF, 0xE1, 0x00, 0x00, 0x00, 0x00,
    0x00, 0x00, 0x00, 0x00, 0xFF, 0xFC, 0x00, 0x00, 0x00, 0x00, 0x00, 0x00, 0x00, 0x00, 0x00, 0x00,
    0x00, 0x00, 0x00, 0x00, 0x00, 0x00, 0x00, 0x00, 0x00, 0x00, 0x00, 0x00, 0x00, 0x00, 0xFF, 0xE6,
    0x00, 0x00, 0x00, 0x00, 0x00, 0x00, 0x00, 0x00, 0x00, 0x00, 0xFF, 0xFC, 0x00, 0x00, 0xFF, 0xFC,
    0xFF, 0xD3, 0xFF, 0xC3, 0xFF, 0xC0, 0x00, 0x00, 0xFF, 0xD6, 0xFF, 0xCD, 0xFF, 0xFE, 0xFF, 0xD0,
    0xFF, 0xC5, 0xFF, 0xC2, 0x00, 0x00, 0xFF, 0xE3, 0xFF, 0xDC, 0x00, 0x00, 0x00, 0x00, 0xFF, 0xC7,
    0x00, 0x00, 0x00, 0x00, 0xFF, 0xC5, 0xFF, 0xCF, 0x00, 0x00, 0xFF, 0xFE, 0x00, 0x00, 0xFF, 0xE3,
    0xFF, 0xE4, 0xFF, 0xD5, 0xFF, 0xFC, 0xFF, 0xED, 0xFF, 0xCB, 0x00, 0x00, 0x00, 0x00, 0x00, 0x00,
    0x00, 0x00, 0x00, 0x00, 0x00, 0x00, 0x00, 0x00, 0x00, 0x00, 0xFF, 0xE1, 0x00, 0x00, 0x00, 0x00,
    0x00, 0x00, 0x00, 0x46, 0x00, 0x00, 0x00, 0x00, 0x00, 0x00, 0x00, 0x00, 0x00, 0x00, 0x00, 0x00,
    0x00, 0x00, 0x00, 0x00, 0x00, 0x00, 0x00, 0x00, 0x00, 0x00, 0x00, 0x00, 0x00, 0x00, 0x00, 0x00,
    0x00, 0x00, 0x00, 0x00, 0x00, 0x00, 0x00, 0x00, 0x00, 0x00, 0x00, 0x00, 0x00, 0x00, 0xFF, 0xEE,
    0x00, 0x00, 0x00, 0x00, 0x00, 0x00, 0x00, 0x00, 0x00, 0x48, 0x00, 0x00, 0x00, 0x00, 0x00, 0x00,
    0x00, 0x00, 0x00, 0x00, 0x00, 0x00, 0x00, 0x00, 0x00, 0x00, 0x00, 0x00, 0x00, 0x00, 0x00, 0x00,
    0x00, 0x00, 0xFF, 0xDA, 0x00, 0x00, 0x00, 0x00, 0x00, 0x00, 0x00, 0x00, 0x00, 0x00, 0xFF, 0xCC,
    0x00, 0x00, 0xFF, 0xEF, 0xFF, 0xC7, 0x00, 0x00, 0x00, 0x00, 0x00, 0x00, 0x00, 0x00, 0x00, 0x00,
    0xFF, 0xE6, 0x00, 0x00, 0xFF, 0xFE, 0x00, 0x00, 0x00, 0x00, 0x00, 0x00, 0xFF, 0xCE, 0xFF, 0xFE,
    0x00, 0x00, 0x00, 0x00, 0xFF, 0xFE, 0x00, 0x00, 0x00, 0x00, 0x00, 0x00, 0xFF, 0xFE, 0xFF, 0xFB,
    0x00, 0x00, 0x00, 0x00, 0x00, 0x00, 0x00, 0x00, 0xFF, 0xEB, 0xFF, 0xE1, 0xFF, 0xF3, 0x00, 0x00,
    0x00, 0x00, 0x00, 0x00, 0x00, 0x00, 0x00, 0x00, 0x00, 0x00, 0x00, 0x00, 0x00, 0x00, 0x00, 0x00,
    0x00, 0x00, 0x00, 0x00, 0x00, 0x00, 0x00, 0x00, 0x00, 0x00, 0x00, 0x00, 0x00, 0x00, 0x00, 0x00,
    0x00, 0x00, 0x00, 0x00, 0x00, 0x00, 0xFF, 0xFE, 0xFF, 0xFE, 0x00, 0x00, 0x00, 0x00, 0x00, 0x00,
    0x00, 0x00, 0x00, 0x00, 0x00, 0x00, 0x00, 0x00, 0x00, 0x00, 0x00, 0x00, 0x00, 0x00, 0x00, 0x00,
    0x00, 0x00, 0x00, 0x00, 0x00, 0x00, 0x00, 0x00, 0x00, 0x00, 0x00, 0x00, 0x00, 0x00, 0x00, 0x00,
    0x00, 0x00, 0x00, 0x00, 0x00, 0x00, 0x00, 0x00, 0x00, 0x00, 0x00, 0x00, 0x00, 0x00, 0x00, 0x00,
    0x00, 0x00, 0x00, 0x00, 0x00, 0x00, 0x00, 0x00, 0x00, 0x00, 0x00, 0x00, 0x00, 0x00, 0x00, 0x00,
    0x00, 0x00, 0x00, 0x00, 0x00, 0x00, 0xFF, 0xFC, 0xFF, 0xC9, 0xFF, 0xB0, 0xFF, 0xBB, 0xFF, 0xF8,
    0xFF, 0xF3, 0xFF, 0xCE, 0xFF, 0xFC, 0xFF, 0xCC, 0xFF, 0xB3, 0xFF, 0xBA, 0xFF, 0xC1, 0xFF, 0xE0,
    0xFF, 0xDE, 0x00, 0x00, 0xFF, 0xC7, 0xFF, 0xC6, 0x00, 0x00, 0x00, 0x00, 0xFF, 0xB2, 0xFF, 0xC0,
    0x00, 0x00, 0x00, 0x00, 0x00, 0x00, 0xFF, 0xE0, 0xFF, 0xE5, 0xFF, 0xCB, 0xFF, 0xF8, 0xFF, 0xEF,
    0xFF, 0xBE, 0x00, 0x00, 0x00, 0x00, 0x00, 0x00, 0xFF, 0xF8, 0x00, 0x00, 0xFF, 0xBD, 0x00, 0x00,
    0x00, 0x00, 0xFF, 0xDD, 0x00, 0x00, 0x00, 0x00, 0xFF, 0xF6, 0x00, 0x41, 0x00, 0x00, 0x00, 0x00,
    0x00, 0x00, 0xFF, 0xAE, 0x00, 0x00, 0x00, 0x00, 0x00, 0x00, 0x00, 0x00, 0x00, 0x00, 0x00, 0x00,
    0x00, 0x00, 0x00, 0x00, 0x00, 0x00, 0x00, 0x00, 0x00, 0x00, 0x00, 0x00, 0x00, 0x00, 0x00, 0x00,
    0x00, 0x00, 0x00, 0x00, 0x00, 0x00, 0xFF, 0xEB, 0x00, 0x00, 0x00, 0x00, 0x00, 0x00, 0x00, 0x00,
    0x00, 0x40, 0x00, 0x00, 0x00, 0x00, 0x00, 0x00, 0x00, 0x00, 0x00, 0x00, 0x00, 0x00, 0x00, 0x00,
    0x00, 0x00, 0x00, 0x00, 0x00, 0x00, 0x00, 0x00, 0x00, 0x00, 0xFF, 0xD7, 0x00, 0x00, 0x00, 0x00,
    0x00, 0x00, 0x00, 0x00, 0x00, 0x00, 0xFF, 0xCA, 0x00, 0x00, 0xFF, 0xF0, 0xFF, 0xB9, 0x00, 0x00,
    0x00, 0x00, 0x00, 0x00, 0x00, 0x00, 0x00, 0x00, 0xFF, 0xF1, 0x00, 0x00, 0x00, 0x00, 0x00, 0x00,
    0x00, 0x00, 0x00, 0x00, 0xFF, 0xC3, 0xFF, 0xFC, 0x00, 0x00, 0x00, 0x00, 0x00, 0x00, 0x00, 0x00,
    0x00, 0x00, 0x00, 0x00, 0x00, 0x00, 0xFF, 0xF9, 0x00, 0x00, 0x00, 0x00, 0x00, 0x00, 0x00, 0x00,
    0xFF, 0xEB, 0xFF, 0xDA, 0xFF, 0xF9, 0x00, 0x00, 0x00, 0x00, 0x00, 0x00, 0x00, 0x00, 0x00, 0x00,
    0xFF, 0xBA, 0x00, 0x00, 0x00, 0x00, 0x00, 0x00, 0x00, 0x00, 0x00, 0x00, 0x00, 0x00, 0x00, 0x00,
    0x00, 0x00, 0x00, 0x00, 0x00, 0x00, 0xFF, 0xF9, 0x00, 0x00, 0x00, 0x00, 0x00, 0x00, 0x00, 0x00,
    0x00, 0x00, 0x00, 0x00, 0x00, 0x00, 0x00, 0x00, 0x00, 0x00, 0x00, 0x00, 0x00, 0x00, 0x00, 0x00,
    0x00, 0x00, 0x00, 0x00, 0x00, 0x00, 0x00, 0x00, 0x00, 0x00, 0x00, 0x00, 0x00, 0x00, 0x00, 0x00,
    0x00, 0x00, 0x00, 0x00, 0x00, 0x00, 0x00, 0x00, 0x00, 0x00, 0x00, 0x00, 0x00, 0x00, 0x00, 0x00,
    0x00, 0x00, 0x00, 0x00, 0x00, 0x00, 0x00, 0x00, 0x00, 0x00, 0x00, 0x00, 0x00, 0x00, 0x00, 0x00,
    0x00, 0x00, 0x00, 0x00, 0x00, 0x00, 0x00, 0x00, 0x00, 0x00, 0x00, 0x00, 0x00, 0x00, 0xFF, 0xF1,
    0xFF, 0xFE, 0xFF, 0xFB, 0xFF, 0xEC, 0xFF, 0xF0, 0xFF, 0xDD, 0xFF, 0xF3, 0xFF, 0xF3, 0xFF, 0xF1,
    0xFF, 0xC3, 0xFF, 0xF9, 0x00, 0x00, 0xFF, 0xFB, 0xFF, 0xDF, 0xFF, 0x9D, 0x00, 0x00, 0xFF, 0xF3,
    0xFF, 0xC7, 0x00, 0x00, 0xFF, 0xFB, 0xFF, 0xE7, 0xFF, 0x7E, 0xFF, 0xA7, 0x00, 0x00, 0xFF, 0xE4,
    0xFF, 0xE4, 0xFF, 0xD3, 0xFF, 0xF1, 0xFF, 0xF1, 0xFF, 0xAB, 0x00, 0x00, 0x00, 0x00, 0x00, 0x00,
    0xFF, 0xEE, 0x00, 0x00, 0x00, 0x00, 0x00, 0x00, 0x00, 0x00, 0xFF, 0xE5, 0x00, 0x00, 0x00, 0x00,
    0xFF, 0xF0, 0xFF, 0xEE, 0x00, 0x00, 0x00, 0x00, 0x00, 0x00, 0xFF, 0xA7, 0x00, 0x00, 0x00, 0x00,
    0x00, 0x00, 0xFF, 0xBD, 0xFF, 0x90, 0x00, 0x00, 0x00, 0x00, 0x00, 0x00, 0x00, 0x00, 0x00, 0x00,
    0x00, 0x00, 0x00, 0x00, 0x00, 0x00, 0x00, 0x00, 0x00, 0x00, 0x00, 0x00, 0x00, 0x00, 0xFF, 0xD8,
    0x00, 0x00, 0x00, 0x00, 0x00, 0x00, 0x00, 0x00, 0xFF, 0xEE, 0x00, 0x00, 0x00, 0x00, 0x00, 0x00,
    0x00, 0x00, 0x00, 0x00, 0x00, 0x00, 0x00, 0x00, 0x00, 0x00, 0x00, 0x00, 0x00, 0x00, 0x00, 0x00,
    0x00, 0x00, 0xFF, 0xF9, 0x00, 0x00, 0x00, 0x00, 0x00, 0x00, 0x00, 0x00, 0x00, 0x00, 0xFF, 0xB3,
    0x00, 0x00, 0x00, 0x00, 0xFF, 0xD9, 0xFF, 0xCF, 0xFF, 0xC8, 0xFF, 0xD9, 0xFF, 0xCE, 0xFF, 0xCF,
    0x00, 0x00, 0xFF, 0xD0, 0x00, 0x00, 0xFF, 0xCE, 0xFF, 0xD0, 0xFF, 0xD0, 0x00, 0x00, 0x00, 0x00,
    0xFF, 0xCE, 0xFF, 0xD0, 0x00, 0x00, 0xFF, 0xBE, 0xFF, 0xD0, 0xFF, 0xD4, 0x00, 0x00, 0x00, 0x00,
    0x00, 0x00, 0xFF, 0xDA, 0xFF, 0xDA, 0xFF, 0xD8, 0x00, 0x00, 0x00, 0x00, 0x00, 0x00, 0x00, 0x00,
    0x00, 0x00, 0xFF, 0xE5, 0xFF, 0xD6, 0x00, 0x00, 0x00, 0x00, 0xFF, 0xD6, 0x00, 0x00, 0xFF, 0xD9,
    0xFF, 0xC0, 0x00, 0x00, 0x00, 0x00, 0xFF, 0xDE, 0x00, 0x00, 0xFF, 0xEF, 0xFF, 0xEF, 0x00, 0x00,
    0x00, 0x00, 0x00, 0x00, 0x00, 0x00, 0x00, 0x00, 0x00, 0x00, 0x00, 0x00, 0x00, 0x00, 0x00, 0x00,
    0x00, 0x00, 0x00, 0x00, 0x00, 0x00, 0x00, 0x00, 0x00, 0x00, 0xFF, 0xF4, 0x00, 0x00, 0x00, 0x00,
    0xFF, 0xD1, 0xFF, 0xC1, 0x00, 0x00, 0x00, 0x00, 0xFF, 0xE0, 0x00, 0x00, 0xFF, 0xE2, 0x00, 0x00,
    0x00, 0x00, 0x00, 0x00, 0x00, 0x00, 0x00, 0x00, 0x00, 0x00, 0x00, 0x00, 0xFF, 0xF3, 0x00, 0x00,
    0xFF, 0xE0, 0x00, 0x00, 0x00, 0x00, 0xFF, 0xD8, 0x00, 0x00, 0xFF, 0xCA, 0x00, 0x00, 0x00, 0x00,
    0x00, 0x00, 0x00, 0x00, 0x00, 0x00, 0xFF, 0xF2, 0xFF, 0xE6, 0xFF, 0xC0, 0xFF, 0xC9, 0xFF, 0xF1,
    0xFF, 0xF8, 0xFF, 0xEB, 0xFF, 0xF5, 0xFF, 0xEA, 0xFF, 0x99, 0xFF, 0xC0, 0x00, 0x00, 0xFF, 0xC6,
    0xFF, 0xF1, 0xFF, 0xEE, 0x00, 0x00, 0xFF, 0xCF, 0xFF, 0xF5, 0x00, 0x00, 0xFF, 0xC4, 0x00, 0x00,
    0x00, 0x00, 0xFF, 0xF2, 0x00, 0x00, 0xFF, 0xFD, 0x00, 0x00, 0xFF, 0xF2, 0xFF, 0xF2, 0xFF, 0xF2,
    0xFF, 0xAB, 0x00, 0x00, 0x00, 0x00, 0x00, 0x00, 0x00, 0x00, 0x00, 0x00, 0x00, 0x00, 0x00, 0x00,
    0x00, 0x00, 0xFF, 0xFC, 0x00, 0x00, 0x00, 0x00, 0x00, 0x00, 0x00, 0x00, 0x00, 0x00, 0x00, 0x00,
    0x00, 0x00, 0x00, 0x00, 0x00, 0x00, 0x00, 0x00, 0x00, 0x00, 0xFF, 0xF4, 0xFF, 0xE2, 0x00, 0x00,
    0x00, 0x00, 0x00, 0x00, 0x00, 0x00, 0x00, 0x00, 0x00, 0x00, 0x00, 0x00, 0x00, 0x00, 0x00, 0x00,
    0x00, 0x00, 0x00, 0x00, 0x00, 0x00, 0x00, 0x00, 0x00, 0x00, 0x00, 0x00, 0x00, 0x00, 0x00, 0x00,
    0x00, 0x00, 0x00, 0x00, 0x00, 0x00, 0x00, 0x00, 0x00, 0x00, 0x00, 0x00, 0x00, 0x00, 0x00, 0x00,
    0x00, 0x00, 0x00, 0x00, 0x00, 0x00, 0x00, 0x00, 0x00, 0x00, 0x00, 0x00, 0x00, 0x00, 0x00, 0x00,
    0x00, 0x00, 0x00, 0x00, 0x00, 0x00, 0x00, 0x00, 0x00, 0x00, 0xFF, 0xF7, 0xFF, 0xFA, 0xFF, 0xF8,
    0xFF, 0xEF, 0xFF, 0xF8, 0xFF, 0xF5, 0xFF, 0xFA, 0xFF, 0xF9, 0xFF, 0xF9, 0xFF, 0xCD, 0xFF, 0xF6,
    0x00, 0x00, 0xFF, 0xF8, 0xFF, 0xF4, 0xFF, 0xC5, 0x00, 0x00, 0xFF, 0xF4, 0xFF, 0xE0, 0x00, 0x00,
    0xFF, 0xF9, 0x00, 0x00, 0xFF, 0xA1, 0xFF, 0xD8, 0x00, 0x00, 0xFF, 0xFD, 0x00, 0x00, 0xFF, 0xF2,
    0xFF, 0xF7, 0xFF, 0xF7, 0xFF, 0xC2, 0x00, 0x00, 0x00, 0x00, 0x00, 0x00, 0x00, 0x00, 0x00, 0x00,
    0x00, 0x00, 0x00, 0x00, 0x00, 0x00, 0xFF, 0xFD, 0x00, 0x00, 0x00, 0x00, 0x00, 0x00, 0x00, 0x00,
    0x00, 0x00, 0x00, 0x00, 0x00, 0x00, 0x00, 0x00, 0x00, 0x00, 0x00, 0x00, 0x00, 0x00, 0xFF, 0xD9,
    0xFF, 0xB8, 0x00, 0x00, 0x00, 0x00, 0x00, 0x00, 0x00, 0x00, 0x00, 0x00, 0x00, 0x00, 0x00, 0x00,
    0x00, 0x00, 0x00, 0x00, 0x00, 0x00, 0x00, 0x00, 0x00, 0x00, 0x00, 0x00, 0x00, 0x00, 0x00, 0x00,
    0x00, 0x00, 0x00, 0x00, 0x00, 0x00, 0x00, 0x00, 0x00, 0x00, 0x00, 0x00, 0x00, 0x00, 0x00, 0x00,
    0x00, 0x00, 0x00, 0x00, 0x00, 0x00, 0x00, 0x00, 0x00, 0x00, 0x00, 0x00, 0x00, 0x00, 0x00, 0x00,
    0x00, 0x00, 0x00, 0x00, 0x00, 0x00, 0x00, 0x00, 0x00, 0x00, 0x00, 0x00, 0x00, 0x00, 0xFF, 0xF9,
    0xFF, 0xFB, 0xFF, 0xF8, 0xFF, 0xF2, 0xFF, 0xFB, 0xFF, 0xE6, 0xFF, 0xFA, 0x00, 0x00, 0xFF, 0xFC,
    0xFF, 0xD8, 0xFF, 0xF7, 0xFF, 0xF8, 0xFF, 0xF8, 0x00, 0x00, 0x00, 0x00, 0xFF, 0xF2, 0xFF, 0xF7,
    0x00, 0x00, 0xFF, 0xD9, 0xFF, 0xF8, 0xFF, 0xEE, 0x00, 0x00, 0x00, 0x00, 0x00, 0x00, 0xFF, 0xF4,
    0xFF, 0xF7, 0xFF, 0xF1, 0x00, 0x00, 0x00, 0x00, 0x00, 0x00, 0x00, 0x00, 0x00, 0x00, 0xFF, 0xF6,
    0xFF, 0xF7, 0x00, 0x00, 0x00, 0x00, 0xFF, 0xEF, 0x00, 0x00, 0xFF, 0xF8, 0xFF, 0xF1, 0x00, 0x00,
    0xFF, 0xFB, 0xFF, 0xF8, 0x00, 0x00, 0xFF, 0xC5, 0xFF, 0xC5, 0x00, 0x00, 0x00, 0x00, 0x00, 0x00,
    0x00, 0x00, 0x00, 0x00, 0x00, 0x00, 0x00, 0x00, 0x00, 0x00, 0x00, 0x00, 0x00, 0x00, 0x00, 0x00,
    0x00, 0x00, 0xFF, 0xC0, 0x00, 0x00, 0xFF, 0xE8, 0x00, 0x00, 0x00, 0x00, 0xFF, 0xF8, 0xFF, 0xDC,
    0x00, 0x00, 0x00, 0x00, 0xFF, 0xFB, 0xFF, 0xFC, 0xFF, 0xF8, 0x00, 0x00, 0x00, 0x00, 0x00, 0x00,
    0x00, 0x00, 0xFF, 0xE7, 0xFF, 0xFE, 0x00, 0x00, 0xFF, 0xD2, 0x00, 0x00, 0xFF, 0xE2, 0xFF, 0xD4,
    0xFF, 0xD4, 0xFF, 0xFC, 0x00, 0x00, 0xFF, 0xD9, 0x00, 0x00, 0x00, 0x00, 0x00, 0x00, 0x00, 0x00,
    0x00, 0x00, 0xFF, 0xF5, 0x00, 0x00, 0xFF, 0xFD, 0xFF, 0xF6, 0xFF, 0xF6, 0xFF, 0xF1, 0xFF, 0xF7,
    0xFF, 0xF9, 0xFF, 0xF6, 0xFF, 0xCD, 0xFF, 0xFC, 0x00, 0x00, 0xFF, 0xFD, 0xFF, 0xF2, 0xFF, 0xBC,
    0x00, 0x00, 0xFF, 0xFA, 0xFF, 0xDD, 0x00, 0x00, 0xFF, 0xFD, 0x00, 0x00, 0xFF, 0x98, 0xFF, 0xB0,
    0x00, 0x00, 0xFF, 0xFE, 0x00, 0x00, 0xFF, 0xF4, 0xFF, 0xF5, 0xFF, 0xF5, 0xFF, 0xB8, 0x00, 0x00,
    0x00, 0x00, 0x00, 0x00, 0x00, 0x00, 0x00, 0x00, 0x00, 0x00, 0x00, 0x00, 0x00, 0x00, 0xFF, 0xFE,
    0x00, 0x00, 0x00, 0x00, 0x00, 0x00, 0x00, 0x00, 0x00, 0x00, 0x00, 0x00, 0x00, 0x00, 0x00, 0x00,
    0x00, 0x00, 0x00, 0x00, 0x00, 0x00, 0xFF, 0xD6, 0xFF, 0xA7, 0x00, 0x00, 0x00, 0x00, 0x00, 0x00,
    0x00, 0x00, 0x00, 0x00, 0x00, 0x00, 0x00, 0x00, 0x00, 0x00, 0x00, 0x00, 0x00, 0x00, 0x00, 0x00,
    0x00, 0x00, 0x00, 0x00, 0x00, 0x00, 0x00, 0x00, 0x00, 0x00, 0x00, 0x00, 0x00, 0x00, 0x00, 0x00,
    0x00, 0x00, 0x00, 0x00, 0x00, 0x00, 0x00, 0x00, 0x00, 0x00, 0x00, 0x00, 0x00, 0x00, 0x00, 0x00,
    0x00, 0x00, 0x00, 0x00, 0x00, 0x00, 0x00, 0x00, 0x00, 0x00, 0x00, 0x00, 0x00, 0x00, 0x00, 0x00,
    0x00, 0x00, 0x00, 0x00, 0x00, 0x00, 0x00, 0x00, 0x00, 0x04, 0x00, 0x01, 0x00, 0x00, 0x00, 0x00,
    0xFF, 0xEF, 0x00, 0x00, 0x00, 0x04, 0x00, 0x00, 0xFF, 0xE1, 0x00, 0x17, 0x00, 0x03, 0x00, 0x05,
    0x00, 0x00, 0xFF, 0xC4, 0x00, 0x00, 0x00, 0x07, 0xFF, 0xDE, 0x00, 0x00, 0x00, 0x02, 0xFF, 0xF4,
    0xFF, 0x93, 0xFF, 0xCF, 0x00, 0x00, 0x00, 0x00, 0x00, 0x00, 0xFF, 0xFA, 0x00, 0x00, 0x00, 0x00,
    0xFF, 0xD7, 0x00, 0x00, 0x00, 0x00, 0x00, 0x00, 0xFF, 0xFE, 0x00, 0x00, 0x00, 0x00, 0x00, 0x00,
    0x00, 0x00, 0x00, 0x00, 0x00, 0x00, 0x00, 0x00, 0x00, 0x00, 0x00, 0x00, 0x00, 0x00, 0x00, 0x00,
    0x00, 0x00, 0xFF, 0xCE, 0x00, 0x00, 0x00, 0x00, 0x00, 0x00, 0xFF, 0xD7, 0xFF, 0xBF, 0x00, 0x00,
    0x00, 0x00, 0x00, 0x00, 0x00, 0x00, 0x00, 0x00, 0x00, 0x00, 0x00, 0x00, 0x00, 0x00, 0x00, 0x00,
    0x00, 0x00, 0x00, 0x00, 0x00, 0x00, 0xFF, 0xE7, 0x00, 0x00, 0x00, 0x00, 0x00, 0x00, 0x00, 0x00,
    0x00, 0x00, 0x00, 0x00, 0x00, 0x00, 0x00, 0x00, 0x00, 0x00, 0x00, 0x00, 0x00, 0x00, 0x00, 0x00,
    0x00, 0x00, 0x00, 0x00, 0x00, 0x00, 0x00, 0x00, 0x00, 0x00, 0x00, 0x03, 0x00, 0x00, 0x00, 0x00,
    0x00, 0x00, 0x00, 0x00, 0x00, 0x00, 0xFF, 0xE4, 0x00, 0x00, 0x00, 0x00, 0xFF, 0xFB, 0xFF, 0xF7,
    0xFF, 0xEC, 0x00, 0x00, 0xFF, 0xF6, 0xFF, 0xFA, 0x00, 0x02, 0xFF, 0xF9, 0xFF, 0xE6, 0xFF, 0xF4,
    0x00, 0x00, 0xFF, 0xF7, 0xFF, 0xFD, 0xFF, 0xE8, 0x00, 0x00, 0xFF, 0xF6, 0xFF, 0xF4, 0x00, 0x00,
    0xFF, 0xF7, 0x00, 0x00, 0xFF, 0xFD, 0xFF, 0xF5, 0x00, 0x00, 0x00, 0x00, 0x00, 0x00, 0xFF, 0xF8,
    0x00, 0x00, 0x00, 0x00, 0xFF, 0xED, 0x00, 0x00, 0x00, 0x00, 0x00, 0x00, 0x00, 0x00, 0x00, 0x00,
    0x00, 0x00, 0x00, 0x00, 0x00, 0x00, 0x00, 0x00, 0x00, 0x00, 0x00, 0x00, 0x00, 0x00, 0x00, 0x00,
    0x00, 0x00, 0x00, 0x00, 0x00, 0x00, 0x00, 0x00, 0x00, 0x00, 0x00, 0x00, 0x00, 0x00, 0xFF, 0xF1,
    0xFF, 0xE7, 0x00, 0x00, 0x00, 0x00, 0x00, 0x00, 0x00, 0x00, 0x00, 0x00, 0x00, 0x00, 0x00, 0x00,
    0x00, 0x00, 0x00, 0x00, 0x00, 0x00, 0x00, 0x00, 0x00, 0x00, 0x00, 0x00, 0x00, 0x00, 0x00, 0x00,
    0x00, 0x00, 0x00, 0x00, 0x00, 0x00, 0x00, 0x00, 0x00, 0x00, 0x00, 0x00, 0x00, 0x00, 0x00, 0x00,
    0x00, 0x00, 0x00, 0x00, 0x00, 0x00, 0x00, 0x00, 0x00, 0x00, 0x00, 0x00, 0x00, 0x00, 0x00, 0x00,
    0x00, 0x00, 0x00, 0x00, 0x00, 0x00, 0x00, 0x00, 0x00, 0x00, 0x00, 0x00, 0x00, 0x00, 0xFF, 0xF9,
    0xFF, 0xFB, 0xFF, 0xFA, 0xFF, 0xF2, 0xFF, 0xF8, 0xFF, 0xE2, 0x00, 0x00, 0x00, 0x00, 0xFF, 0xFA,
    0xFF, 0xDC, 0xFF, 0xF8, 0x00, 0x00, 0xFF, 0xFA, 0xFF, 0xF2, 0xFF, 0xAA, 0x00, 0x00, 0xFF, 0xF7,
    0xFF, 0xCF, 0x00, 0x00, 0xFF, 0xFA, 0x00, 0x00, 0xFF, 0x7F, 0xFF, 0xCF, 0x00, 0x00, 0xFF, 0xF4,
    0x00, 0x00, 0xFF, 0xE8, 0xFF, 0xF9, 0xFF, 0xF9, 0xFF, 0xCE, 0x00, 0x00, 0x00, 0x00, 0x00, 0x00,
    0x00, 0x00, 0x00, 0x00, 0x00, 0x00, 0x00, 0x00, 0x00, 0x00, 0xFF, 0xF4, 0x00, 0x00, 0x00, 0x00,
    0x00, 0x00, 0x00, 0x00, 0x00, 0x00, 0x00, 0x00, 0x00, 0x00, 0x00, 0x00, 0x00, 0x00, 0x00, 0x00,
    0x00, 0x00, 0xFF, 0xC8, 0xFF, 0xB7, 0x00, 0x00, 0x00, 0x00, 0x00, 0x00, 0x00, 0x00, 0x00, 0x00,
    0x00, 0x00, 0x00, 0x00, 0x00, 0x00, 0x00, 0x00, 0x00, 0x00, 0x00, 0x00, 0x00, 0x00, 0x00, 0x00,
    0x00, 0x00, 0x00, 0x00, 0x00, 0x00, 0x00, 0x00, 0x00, 0x00, 0x00, 0x00, 0x00, 0x00, 0x00, 0x00,
    0x00, 0x00, 0x00, 0x00, 0x00, 0x00, 0x00, 0x00, 0x00, 0x00, 0x00, 0x00, 0x00, 0x00, 0x00, 0x00,
    0x00, 0x00, 0x00, 0x00, 0x00, 0x00, 0x00, 0x00, 0x00, 0x00, 0x00, 0x00, 0x00, 0x00, 0x00, 0x00,
    0x00, 0x00, 0x00, 0x00, 0x00, 0x00, 0xFF, 0xE9, 0xFF, 0xEA, 0xFF, 0xF7, 0xFF, 0xED, 0xFF, 0xF2,
    0xFF, 0xF9, 0xFF, 0xF3, 0xFF, 0xC8, 0xFF, 0xEA, 0xFF, 0xEA, 0xFF, 0xED, 0x00, 0x00, 0x00, 0x00,
    0xFF, 0xEC, 0xFF, 0xF2, 0x00, 0x00, 0xFF, 0xB9, 0xFF, 0xEC, 0xFF, 0xF1, 0x00, 0x00, 0x00, 0x00,
    0x00, 0x00, 0xFF, 0xFE, 0x00, 0x00, 0xFF, 0xF4, 0x00, 0x00, 0x00, 0x00, 0x00, 0x00, 0x00, 0x00,
    0x00, 0x00, 0xFF, 0xF2, 0xFF, 0xF1, 0x00, 0x00, 0x00, 0x00, 0xFF, 0xF1, 0xFF, 0xDE, 0x00, 0x00,
    0xFF, 0xCF, 0xFF, 0xE8, 0xFF, 0xF2, 0xFF, 0xF3, 0x00, 0x00, 0xFF, 0xD5, 0xFF, 0xD5, 0x00, 0x00,
    0x00, 0x00, 0xFF, 0xE2, 0x00, 0x00, 0x00, 0x00, 0xFF, 0xC9, 0x00, 0x00, 0x00, 0x00, 0x00, 0x00,
    0x00, 0x00, 0x00, 0x00, 0x00, 0x00, 0xFF, 0xBB, 0x00, 0x00, 0xFF, 0xF6, 0x00, 0x00, 0x00, 0x00,
    0xFF, 0xFA, 0xFF, 0xD3, 0x00, 0x00, 0x00, 0x00, 0xFF, 0xF6, 0x00, 0x00, 0xFF, 0xF3, 0x00, 0x00,
    0xFF, 0xE3, 0x00, 0x00, 0x00, 0x00, 0x00, 0x00, 0xFF, 0xF5, 0x00, 0x00, 0xFF, 0xD9, 0x00, 0x00,
    0xFF, 0xF1, 0xFF, 0xEA, 0xFF, 0xEA, 0xFF, 0xF6, 0x00, 0x00, 0xFF, 0xC9, 0x00, 0x00, 0x00, 0x00,
    0x00, 0x00, 0xFF, 0xE7, 0x00, 0x00, 0xFF, 0xE3, 0xFF, 0xF0, 0xFF, 0xEF, 0xFF, 0xEA, 0xFF, 0xE3,
    0xFF, 0xDC, 0x00, 0x00, 0xFF, 0xE5, 0xFF, 0xE4, 0xFF, 0xB7, 0xFF, 0xF0, 0x00, 0x00, 0xFF, 0xF0,
    0xFF, 0xDE, 0xFF, 0xA4, 0x00, 0x00, 0xFF, 0xEB, 0xFF, 0xC6, 0x00, 0x00, 0xFF, 0xF0, 0x00, 0x00,
    0xFF, 0x6C, 0xFF, 0x92, 0x00, 0x00, 0xFF, 0xEF, 0x00, 0x00, 0xFF, 0xD1, 0xFF, 0xE3, 0xFF, 0xE3,
    0xFF, 0xAD, 0x00, 0x00, 0x00, 0x00, 0x00, 0x00, 0x00, 0x00, 0x00, 0x00, 0x00, 0x00, 0x00, 0x00,
    0x00, 0x00, 0xFF, 0xF0, 0x00, 0x00, 0x00, 0x00, 0x00, 0x00, 0x00, 0x00, 0x00, 0x00, 0x00, 0x00,
    0x00, 0x00, 0x00, 0x00, 0x00, 0x00, 0x00, 0x00, 0x00, 0x00, 0xFF, 0xBF, 0xFF, 0x88, 0x00, 0x00,
    0x00, 0x00, 0x00, 0x00, 0x00, 0x00, 0x00, 0x00, 0x00, 0x00, 0x00, 0x00, 0x00, 0x00, 0x00, 0x00,
    0x00, 0x00, 0x00, 0x00, 0x00, 0x00, 0x00, 0x00, 0x00, 0x00, 0x00, 0x00, 0x00, 0x00, 0x00, 0x00,
    0x00, 0x00, 0x00, 0x00, 0x00, 0x00, 0x00, 0x00, 0x00, 0x00, 0x00, 0x00, 0x00, 0x00, 0x00, 0x00,
    0x00, 0x00, 0x00, 0x00, 0x00, 0x00, 0x00, 0x00, 0x00, 0x00, 0x00, 0x00, 0x00, 0x00, 0x00, 0x00,
    0x00, 0x00, 0x00, 0x00, 0x00, 0x00, 0x00, 0x00, 0x00, 0x00, 0xFF, 0xF6, 0xFF, 0xF8, 0xFF, 0xFA,
    0xFF, 0xE8, 0xFF, 0xF6, 0xFF, 0xF3, 0x00, 0x00, 0xFF, 0xFC, 0xFF, 0xF7, 0xFF, 0xCC, 0xFF, 0xF7,
    0x00, 0x00, 0xFF, 0xFA, 0xFF, 0xF7, 0xFF, 0xC3, 0x00, 0x00, 0xFF, 0xED, 0xFF, 0xDD, 0x00, 0x00,
    0xFF, 0xFA, 0x00, 0x00, 0xFF, 0xD1, 0xFF, 0xD5, 0x00, 0x00, 0x00, 0x00, 0x00, 0x00, 0xFF, 0xF4,
    0xFF, 0xF6, 0xFF, 0xF6, 0xFF, 0xBF, 0x00, 0x00, 0x00, 0x00, 0x00, 0x00, 0x00, 0x00, 0x00, 0x00,
    0x00, 0x00, 0x00, 0x00, 0x00, 0x00, 0x00, 0x00, 0x00, 0x00, 0x00, 0x00, 0x00, 0x00, 0x00, 0x00,
    0x00, 0x00, 0x00, 0x00, 0x00, 0x00, 0x00, 0x00, 0x00, 0x00, 0x00, 0x00, 0x00, 0x00, 0xFF, 0xD4,
    0xFF, 0xB7, 0x00, 0x00, 0x00, 0x00, 0x00, 0x00, 0x00, 0x00, 0x00, 0x00, 0x00, 0x00, 0x00, 0x00,
    0x00, 0x00, 0x00, 0x00, 0x00, 0x00, 0x00, 0x00, 0x00, 0x00, 0x00, 0x00, 0x00, 0x00, 0x00, 0x00,
    0x00, 0x00, 0x00, 0x00, 0x00, 0x00, 0x00, 0x00, 0x00, 0x00, 0x00, 0x00, 0x00, 0x00, 0x00, 0x00,
    0x00, 0x00, 0x00, 0x00, 0x00, 0x00, 0x00, 0x00, 0x00, 0x00, 0x00, 0x00, 0x00, 0x00, 0x00, 0x00,
    0x00, 0x00, 0x00, 0x00, 0x00, 0x00, 0x00, 0x00, 0x00, 0x00, 0x00, 0x00, 0x00, 0x00, 0x00, 0x05,
    0x00, 0x03, 0xFF, 0xF6, 0xFF, 0xF7, 0x00, 0x08, 0x00, 0x03, 0x00, 0x00, 0x00, 0x09, 0x00, 0x02,
    0xFF, 0xD5, 0xFF, 0xF6, 0x00, 0x00, 0x00, 0x00, 0x00, 0x02, 0xFF, 0xEA, 0xFF, 0xFE, 0xFF, 0xFC,
    0x00, 0x00, 0x00, 0x00, 0xFF, 0xFD, 0x00, 0x05, 0x00, 0x00, 0xFF, 0xF9, 0x00, 0x00, 0x00, 0x14,
    0x00, 0x14, 0x00, 0x04, 0x00, 0x05, 0x00, 0x05, 0xFF, 0xD4, 0x00, 0x00, 0x00, 0x00, 0x00, 0x00,
    0x00, 0x04, 0x00, 0x00, 0x00, 0x00, 0x00, 0x00, 0x00, 0x00, 0x00, 0x14, 0x00, 0x00, 0x00, 0x00,
    0x00, 0x00, 0x00, 0x05, 0x00, 0x00, 0x00, 0x00, 0x00, 0x00, 0x00, 0x00, 0x00, 0x00, 0x00, 0x00,
    0x00, 0x00, 0xFF, 0xFA, 0xFF, 0xED, 0x00, 0x00, 0x00, 0x00, 0x00, 0x00, 0x00, 0x00, 0x00, 0x00,
    0x00, 0x00, 0x00, 0x00, 0x00, 0x00, 0x00, 0x00, 0x00, 0x00, 0x00, 0x00, 0x00, 0x00, 0xFF, 0xEC,
    0x00, 0x00, 0x00, 0x00, 0x00, 0x00, 0x00, 0x00, 0x00, 0x05, 0x00, 0x00, 0x00, 0x00, 0x00, 0x00,
    0x00, 0x00, 0x00, 0x00, 0x00, 0x00, 0x00, 0x00, 0x00, 0x00, 0x00, 0x00, 0x00, 0x00, 0x00, 0x00,
    0x00, 0x00, 0x00, 0x04, 0x00, 0x00, 0x00, 0x00, 0x00, 0x00, 0x00, 0x00, 0x00, 0x00, 0xFF, 0xFD,
    0x00, 0x00, 0x00, 0x00, 0xFF, 0xE1, 0xFF, 0xEA, 0xFF, 0xEF, 0x00, 0x00, 0xFF, 0xB9, 0xFF, 0xF2,
    0xFF, 0xE8, 0x00, 0x00, 0x00, 0x00, 0xFF, 0xEA, 0x00, 0x00, 0xFF, 0xEF, 0xFF, 0xEE, 0xFF, 0xA3,
    0x00, 0x00, 0xFF, 0xFA, 0xFF, 0xBC, 0x00, 0x00, 0xFF, 0xEF, 0xFF, 0xC6, 0xFF, 0xA3, 0x00, 0x03,
    0x00, 0x00, 0x00, 0x00, 0xFF, 0xEA, 0x00, 0x00, 0xFF, 0xFA, 0x00, 0x00, 0x00, 0x02, 0x00, 0x00,
    0x00, 0x00, 0x00, 0x00, 0x00, 0x00, 0x00, 0x00, 0x00, 0x00, 0x00, 0x00, 0x00, 0x00, 0xFF, 0xEB,
    0x00, 0x00, 0x00, 0x00, 0xFF, 0xFE, 0x00, 0x00, 0x00, 0x00, 0x00, 0x00, 0x00, 0x00, 0x00, 0x00,
    0x00, 0x00, 0x00, 0x00, 0x00, 0x00, 0xFF, 0xB2, 0x00, 0x00, 0x00, 0x00, 0x00, 0x00, 0x00, 0x00,
    0x00, 0x00, 0x00, 0x00, 0x00, 0x00, 0x00, 0x00, 0x00, 0x00, 0x00, 0x00, 0x00, 0x00, 0x00, 0x00,
    0x00, 0x00, 0xFF, 0xE2, 0x00, 0x00, 0x00, 0x00, 0x00, 0x00, 0x00, 0x00, 0x00, 0x00, 0x00, 0x00,
    0x00, 0x00, 0x00, 0x00, 0x00, 0x00, 0x00, 0x00, 0x00, 0x00, 0x00, 0x00, 0x00, 0x00, 0x00, 0x00,
    0x00, 0x00, 0x00, 0x00, 0x00, 0x00, 0xFF, 0xDB, 0x00, 0x00, 0x00, 0x00, 0x00, 0x00, 0x00, 0x00,
    0x00, 0x00, 0x00, 0x00, 0x00, 0x00, 0xFF, 0xFE, 0xFF, 0xE4, 0xFF, 0xDB, 0xFF, 0xD7, 0x00, 0x00,
    0xFF, 0xF2, 0xFF, 0xE3, 0xFF, 0xFC, 0xFF, 0xE7, 0xFF, 0xDF, 0xFF, 0xDA, 0xFF, 0xDE, 0xFF, 0xE8,
    0xFF, 0xE8, 0xFF, 0xFE, 0xFF, 0xDB, 0xFF, 0xDF, 0x00, 0x00, 0x00, 0x00, 0xFF, 0xDD, 0xFF, 0xEA,
    0x00, 0x00, 0x00, 0x00, 0x00, 0x00, 0xFF, 0xF3, 0xFF, 0xF3, 0xFF, 0xF0, 0xFF, 0xF9, 0xFF, 0xF1,
    0xFF, 0xD7, 0x00, 0x00, 0x00, 0x00, 0x00, 0x00, 0xFF, 0xFD, 0x00, 0x00, 0xFF, 0xD3, 0x00, 0x00,
    0x00, 0x00, 0xFF, 0xF0, 0x00, 0x00, 0x00, 0x00, 0x00, 0x00, 0x00, 0x48, 0x00, 0x00, 0x00, 0x00,
    0x00, 0x00, 0xFF, 0xDB, 0x00, 0x00, 0x00, 0x00, 0x00, 0x00, 0xFF, 0xFE, 0x00, 0x00, 0x00, 0x00,
    0x00, 0x00, 0x00, 0x00, 0x00, 0x00, 0x00, 0x00, 0x00, 0x00, 0x00, 0x00, 0x00, 0x00, 0x00, 0x00,
    0x00, 0x00, 0x00, 0x00, 0x00, 0x00, 0xFF, 0xEF, 0x00, 0x00, 0x00, 0x00, 0x00, 0x00, 0x00, 0x00,
    0x00, 0x49, 0x00, 0x00, 0x00, 0x00, 0x00, 0x00, 0x00, 0x00, 0x00, 0x00, 0x00, 0x00, 0x00, 0x00,
    0x00, 0x00, 0x00, 0x00, 0x00, 0x00, 0x00, 0x00, 0x00, 0x00, 0xFF, 0xE5, 0x00, 0x00, 0x00, 0x00,
    0x00, 0x00, 0x00, 0x00, 0x00, 0x00, 0xFF, 0xE7, 0x00, 0x00, 0xFF, 0xF3, 0xFF, 0xE0, 0x00, 0x00,
    0x00, 0x00, 0x00, 0x00, 0x00, 0x00, 0x00, 0x00, 0xFF, 0xEE, 0x00, 0x00, 0xFF, 0xF0, 0x00, 0x00,
    0x00, 0x00, 0x00, 0x00, 0xFF, 0xE0, 0xFF, 0xEF, 0x00, 0x00, 0x00, 0x00, 0xFF, 0xF5, 0x00, 0x00,
    0x00, 0x00, 0x00, 0x00, 0xFF, 0xF3, 0xFF, 0xFE, 0x00, 0x00, 0x00, 0x00, 0x00, 0x00, 0x00, 0x00,
    0xFF, 0xF1, 0xFF, 0xEE, 0xFF, 0xEE, 0x00, 0x00, 0x00, 0x00, 0x00, 0x00, 0x00, 0x00, 0x00, 0x00,
    0xFF, 0xD1, 0x00, 0x00, 0x00, 0x00, 0x00, 0x00, 0x00, 0x00, 0x00, 0x00, 0x00, 0x00, 0x00, 0x00,
    0x00, 0x00, 0x00, 0x00, 0x00, 0x00, 0xFF, 0xEB, 0x00, 0x00, 0x00, 0x00, 0x00, 0x00, 0xFF, 0xF4,
    0xFF, 0xF5, 0x00, 0x00, 0x00, 0x00, 0x00, 0x00, 0x00, 0x00, 0x00, 0x00, 0x00, 0x00, 0x00, 0x00,
    0x00, 0x00, 0x00, 0x00, 0x00, 0x00, 0x00, 0x00, 0x00, 0x00, 0x00, 0x00, 0x00, 0x00, 0x00, 0x00,
    0x00, 0x00, 0x00, 0x00, 0x00, 0x00, 0x00, 0x00, 0x00, 0x00, 0x00, 0x00, 0x00, 0x00, 0x00, 0x00,
    0x00, 0x00, 0x00, 0x00, 0x00, 0x00, 0x00, 0x00, 0x00, 0x00, 0x00, 0x00, 0x00, 0x00, 0x00, 0x00,
    0x00, 0x00, 0x00, 0x00, 0x00, 0x00, 0x00, 0x00, 0x00, 0x00, 0x00, 0x00, 0x00, 0x00, 0xFF, 0xF5,
    0xFF, 0xDA, 0xFF, 0xE9, 0xFF, 0xE5, 0xFF, 0xF5, 0xFF, 0xAF, 0xFF, 0xE9, 0xFF, 0xE0, 0xFF, 0xF6,
    0x00, 0x00, 0xFF, 0xE9, 0xFF, 0xE9, 0xFF, 0xF0, 0xFF, 0xED, 0xFF, 0x96, 0xFF, 0xE5, 0xFF, 0xF5,
    0xFF, 0xA3, 0xFF, 0xFE, 0xFF, 0xEC, 0xFF, 0xC0, 0xFF, 0x96, 0xFF, 0xFC, 0xFF, 0x96, 0xFF, 0xCD,
    0xFF, 0xE0, 0xFF, 0xFC, 0xFF, 0xEB, 0xFF, 0xF5, 0x00, 0x00, 0xFF, 0x9E, 0xFF, 0xD5, 0xFF, 0xF5,
    0xFF, 0xF3, 0x00, 0x00, 0xFF, 0xC0, 0xFF, 0xFB, 0xFF, 0x96, 0xFF, 0xE1, 0xFF, 0xCA, 0xFF, 0xED,
    0xFF, 0xF5, 0xFF, 0xF3, 0xFF, 0x96, 0xFF, 0x96, 0xFF, 0x96, 0xFF, 0xFB, 0x00, 0x00, 0x00, 0x00,
    0x00, 0x00, 0xFF, 0x96, 0xFF, 0xF9, 0x00, 0x00, 0x00, 0x00, 0x00, 0x00, 0xFF, 0x96, 0x00, 0x00,
    0x00, 0x00, 0xFF, 0xAD, 0xFF, 0xF4, 0x00, 0x00, 0x00, 0x00, 0x00, 0x00, 0xFF, 0xC0, 0xFF, 0xDE,
    0x00, 0x00, 0x00, 0x00, 0x00, 0x00, 0x00, 0x00, 0xFF, 0xF3, 0x00, 0x00, 0x00, 0x00, 0x00, 0x00,
    0x00, 0x00, 0x00, 0x06, 0xFF, 0xF6, 0xFF, 0xED, 0xFF, 0xDE, 0xFF, 0xEA, 0xFF, 0xA8, 0xFF, 0x96,
    0xFF, 0x96, 0xFF, 0xD3, 0xFF, 0xA2, 0xFF, 0xFE, 0x00, 0x00, 0xFF, 0xF5, 0x00, 0x00, 0xFF, 0xF7,
    0x00, 0x00, 0xFF, 0xF6, 0xFF, 0xF7, 0xFF, 0xF5, 0xFF, 0xF8, 0xFF, 0xF8, 0xFF, 0xEB, 0x00, 0x00,
    0x00, 0x00, 0xFF, 0xF9, 0xFF, 0xEC, 0xFF, 0xF4, 0x00, 0x00, 0x00, 0x00, 0xFF, 0xF3, 0x00, 0x00,
    0x00, 0x00, 0xFF, 0xF7, 0x00, 0x00, 0x00, 0x00, 0xFF, 0xF7, 0x00, 0x00, 0x00, 0x00, 0xFF, 0xF1,
    0x00, 0x00, 0x00, 0x00, 0x00, 0x00, 0xFF, 0xF7, 0xFF, 0xF4, 0xFF, 0xF6, 0xFF, 0xF2, 0x00, 0x00,
    0x00, 0x00, 0x00, 0x00, 0x00, 0x00, 0x00, 0x00, 0x00, 0x00, 0x00, 0x00, 0x00, 0x00, 0xFF, 0xFA,
    0x00, 0x00, 0x00, 0x00, 0x00, 0x00, 0x00, 0x00, 0x00, 0x00, 0x00, 0x00, 0x00, 0x00, 0x00, 0x00,
    0x00, 0x00, 0x00, 0x00, 0x00, 0x00, 0xFF, 0xCA, 0xFF, 0xDB, 0x00, 0x00, 0x00, 0x00, 0x00, 0x00,
    0x00, 0x00, 0x00, 0x00, 0x00, 0x00, 0x00, 0x00, 0x00, 0x00, 0x00, 0x00, 0x00, 0x00, 0x00, 0x00,
    0x00, 0x00, 0x00, 0x00, 0x00, 0x00, 0x00, 0x00, 0x00, 0x00, 0x00, 0x00, 0x00, 0x00, 0x00, 0x00,
    0x00, 0x00, 0x00, 0x00, 0x00, 0x00, 0x00, 0x00, 0x00, 0x00, 0x00, 0x00, 0x00, 0x00, 0x00, 0x00,
    0x00, 0x00, 0x00, 0x00, 0x00, 0x00, 0x00, 0x00, 0x00, 0x00, 0x00, 0x00, 0x00, 0x00, 0x00, 0x00,
    0x00, 0x00, 0x00, 0x00, 0x00, 0x00, 0x00, 0x00, 0xFF, 0xFC, 0xFF, 0xEE, 0xFF, 0xF0, 0x00, 0x00,
    0x00, 0x00, 0xFF, 0xF9, 0x00, 0x00, 0xFF, 0xFA, 0xFF, 0xBC, 0xFF, 0xED, 0x00, 0x00, 0xFF, 0xF2,
    0x00, 0x00, 0xFF, 0xEA, 0x00, 0x00, 0xFF, 0xF5, 0xFF, 0xF5, 0x00, 0x00, 0xFF, 0xF0, 0x00, 0x03,
    0xFF, 0xFD, 0xFF, 0xF1, 0x00, 0x00, 0x00, 0x06, 0x00, 0x06, 0xFF, 0xFE, 0x00, 0x00, 0x00, 0x00,
    0xFF, 0xC1, 0x00, 0x00, 0x00, 0x00, 0x00, 0x00, 0xFF, 0xFE, 0x00, 0x00, 0x00, 0x00, 0x00, 0x00,
    0x00, 0x00, 0x00, 0x07, 0x00, 0x00, 0x00, 0x00, 0xFF, 0xF9, 0xFF, 0xFE, 0x00, 0x00, 0x00, 0x00,
    0x00, 0x00, 0x00, 0x00, 0x00, 0x00, 0x00, 0x00, 0x00, 0x00, 0xFF, 0xF3, 0xFF, 0xDF, 0x00, 0x00,
    0x00, 0x00, 0x00, 0x00, 0x00, 0x00, 0x00, 0x00, 0x00, 0x00, 0x00, 0x00, 0x00, 0x00, 0x00, 0x00,
    0x00, 0x00, 0x00, 0x00, 0x00, 0x00, 0xFF, 0xE6, 0x00, 0x00, 0x00, 0x00, 0x00, 0x00, 0x00, 0x00,
    0xFF, 0xFE, 0x00, 0x00, 0x00, 0x00, 0x00, 0x00, 0x00, 0x00, 0x00, 0x00, 0x00, 0x00, 0x00, 0x00,
    0x00, 0x00, 0x00, 0x00, 0x00, 0x00, 0x00, 0x00, 0x00, 0x00, 0xFF, 0xFE, 0x00, 0x00, 0x00, 0x00,
    0x00, 0x00, 0x00, 0x00, 0x00, 0x00, 0xFF, 0xF9, 0x00, 0x00, 0xFF, 0xED, 0xFF, 0xC2, 0xFF, 0xD1,
    0xFF, 0xD9, 0xFF, 0xEC, 0xFF, 0xBC, 0xFF, 0xDF, 0xFF, 0xCA, 0xFF, 0xED, 0xFF, 0xF8, 0xFF, 0xD1,
    0x00, 0x00, 0xFF, 0xD7, 0xFF, 0xD0, 0xFF, 0x81, 0x00, 0x00, 0xFF, 0xE2, 0xFF, 0x9C, 0x00, 0x00,
    0xFF, 0xD9, 0xFF, 0xB7, 0xFF, 0x8F, 0xFF, 0xF9, 0x00, 0x00, 0xFF, 0xC5, 0xFF, 0xCE, 0xFF, 0xFC,
    0xFF, 0xDF, 0xFF, 0xED, 0xFF, 0xF9, 0x00, 0x00, 0x00, 0x00, 0x00, 0x00, 0xFF, 0xE8, 0x00, 0x00,
    0x00, 0x00, 0x00, 0x00, 0x00, 0x00, 0xFF, 0xCE, 0x00, 0x00, 0x00, 0x00, 0xFF, 0xF1, 0x00, 0x03,
    0x00, 0x00, 0x00, 0x00, 0x00, 0x00, 0x00, 0x00, 0x00, 0x00, 0x00, 0x00, 0x00, 0x00, 0xFF, 0x91,
    0xFF, 0xF4, 0x00, 0x00, 0x00, 0x00, 0x00, 0x00, 0x00, 0x00, 0x00, 0x00, 0x00, 0x00, 0x00, 0x00,
    0x00, 0x00, 0x00, 0x00, 0x00, 0x00, 0x00, 0x00, 0x00, 0x00, 0xFF, 0xCC, 0x00, 0x00, 0x00, 0x00,
    0x00, 0x00, 0x00, 0x00, 0x00, 0x03, 0x00, 0x00, 0x00, 0x00, 0x00, 0x00, 0x00, 0x00, 0x00, 0x00,
    0x00, 0x00, 0x00, 0x00, 0x00, 0x00, 0x00, 0x00, 0x00, 0x00, 0x00, 0x00, 0x00, 0x00, 0xFF, 0xCF,
    0x00, 0x00, 0x00, 0x00, 0x00, 0x00, 0x00, 0x00, 0x00, 0x00, 0xFF, 0xF0, 0x00, 0x00, 0xFF, 0xF5,
    0xFF, 0xEB, 0xFF, 0xC6, 0xFF, 0xD1, 0xFF, 0xF5, 0xFF, 0xFB, 0xFF, 0xEB, 0xFF, 0xF7, 0xFF, 0xE9,
    0xFF, 0x9F, 0xFF, 0xC9, 0xFF, 0xC9, 0xFF, 0xCD, 0xFF, 0xF1, 0xFF, 0xF6, 0xFF, 0xD4, 0xFF, 0xD9,
    0xFF, 0xFC, 0x00, 0x00, 0xFF, 0xCB, 0xFF, 0xFA, 0x00, 0x00, 0xFF, 0xF3, 0x00, 0x00, 0xFF, 0xFE,
    0xFF, 0xFE, 0xFF, 0xF3, 0xFF, 0xF5, 0xFF, 0xEF, 0xFF, 0xB5, 0x00, 0x00, 0x00, 0x00, 0x00, 0x00,
    0xFF, 0xF2, 0x00, 0x00, 0xFF, 0xC4, 0x00, 0x00, 0x00, 0x00, 0xFF, 0xFE, 0x00, 0x00, 0x00, 0x00,
    0xFF, 0xE8, 0xFF, 0xF3, 0x00, 0x00, 0x00, 0x00, 0x00, 0x00, 0xFF, 0x6A, 0x00, 0x00, 0x00, 0x00,
    0x00, 0x00, 0xFF, 0xFB, 0xFF, 0xEE, 0x00, 0x00, 0x00, 0x00, 0x00, 0x00, 0x00, 0x00, 0x00, 0x00,
    0x00, 0x00, 0x00, 0x00, 0x00, 0x00, 0x00, 0x00, 0x00, 0x00, 0x00, 0x00, 0x00, 0x00, 0xFF, 0xE2,
    0x00, 0x00, 0x00, 0x00, 0x00, 0x00, 0x00, 0x00, 0xFF, 0xF6, 0x00, 0x00, 0x00, 0x00, 0x00, 0x00,
    0x00, 0x00, 0x00, 0x00, 0x00, 0x00, 0x00, 0x00, 0x00, 0x00, 0x00, 0x00, 0x00, 0x00, 0x00, 0x00,
    0x00, 0x00, 0xFF, 0xEB, 0x00, 0x00, 0x00, 0x00, 0x00, 0x00, 0x00, 0x00, 0x00, 0x00, 0xFF, 0xF4,
    0x00, 0x00, 0xFF, 0xF5, 0xFF, 0xEB, 0xFF, 0xC6, 0xFF, 0xD1, 0xFF, 0xF5, 0xFF, 0xFA, 0xFF, 0xEB,
    0xFF, 0xF7, 0xFF, 0xEA, 0xFF, 0xA2, 0xFF, 0xC9, 0xFF, 0xC9, 0xFF, 0xCD, 0xFF, 0xF1, 0xFF, 0xF6,
    0xFF, 0xD4, 0xFF, 0xD9, 0xFF, 0xFC, 0x00, 0x00, 0xFF, 0xCB, 0xFF, 0xFA, 0x00, 0x00, 0xFF, 0xF3,
    0x00, 0x00, 0xFF, 0xFE, 0xFF, 0xFE, 0xFF, 0xF3, 0xFF, 0xF5, 0xFF, 0xEF, 0xFF, 0xB5, 0x00, 0x00,
    0x00, 0x00, 0x00, 0x00, 0xFF, 0xF2, 0x00, 0x00, 0xFF, 0xC4, 0x00, 0x00, 0x00, 0x00, 0xFF, 0xFE,
    0x00, 0x00, 0x00, 0x00, 0xFF, 0xE9, 0xFF, 0xF3, 0x00, 0x00, 0x00, 0x00, 0x00, 0x00, 0xFF, 0x96,
    0x00, 0x00, 0x00, 0x00, 0x00, 0x00, 0xFF, 0xFB, 0xFF, 0xEE, 0x00, 0x00, 0x00, 0x00, 0x00, 0x00,
    0x00, 0x00, 0x00, 0x00, 0x00, 0x00, 0x00, 0x00, 0x00, 0x00, 0x00, 0x00, 0x00, 0x00, 0x00, 0x00,
    0x00, 0x00, 0xFF, 0xE2, 0x00, 0x00, 0x00, 0x00, 0x00, 0x00, 0x00, 0x00, 0xFF, 0xF7, 0x00, 0x00,
    0x00, 0x00, 0x00, 0x00, 0x00, 0x00, 0x00, 0x00, 0x00, 0x00, 0x00, 0x00, 0x00, 0x00, 0x00, 0x00,
    0x00, 0x00, 0x00, 0x00, 0x00, 0x00, 0xFF, 0xEB, 0x00, 0x00, 0x00, 0x00, 0x00, 0x00, 0x00, 0x00,
    0x00, 0x00, 0xFF, 0xF4, 0x00, 0x00, 0x00, 0x02, 0xFF, 0xFC, 0xFF, 0xE4, 0xFF, 0xEE, 0x00, 0x05,
    0x00, 0x00, 0xFF, 0xF9, 0xFF, 0xFC, 0x00, 0x00, 0xFF, 0xB9, 0xFF, 0xE5, 0xFF, 0xE5, 0xFF, 0xEB,
    0xFF, 0xF9, 0xFF, 0xDF, 0xFF, 0xEE, 0xFF, 0xF2, 0xFF, 0xF1, 0xFF, 0x96, 0xFF, 0xE9, 0x00, 0x02,
    0xFF, 0xFE, 0xFF, 0xE2, 0xFF, 0xE8, 0x00, 0x00, 0x00, 0x00, 0x00, 0x00, 0xFF, 0xF7, 0x00, 0x02,
    0xFF, 0xBA, 0xFF, 0xF3, 0xFF, 0xF6, 0x00, 0x00, 0x00, 0x00, 0xFF, 0xAB, 0x00, 0x00, 0x00, 0x00,
    0xFF, 0xB2, 0x00, 0x00, 0xFF, 0xC4, 0xFF, 0xF1, 0x00, 0x00, 0x00, 0x01, 0x00, 0x00, 0xFF, 0xEE,
    0xFF, 0xEE, 0x00, 0x00, 0x00, 0x00, 0x00, 0x00, 0x00, 0x0B, 0xFF, 0xEE, 0xFF, 0xCE, 0xFF, 0xF8,
    0xFF, 0xED, 0xFF, 0xB4, 0xFF, 0xF0, 0xFF, 0xE9, 0xFF, 0xD4, 0xFF, 0xBE, 0x00, 0x00, 0x00, 0x00,
    0xFF, 0xF7, 0xFF, 0xCD, 0xFF, 0xF8, 0xFF, 0xE4, 0x00, 0x05, 0x00, 0x05, 0x00, 0x00, 0x00, 0x05,
    0x00, 0x00, 0xFF, 0xFC, 0xFF, 0xE0, 0xFF, 0xF5, 0xFF, 0xEC, 0xFF, 0xFE, 0xFF, 0xF5, 0x00, 0x00,
    0xFF, 0xE5, 0x00, 0x00, 0x00, 0x00, 0xFF, 0xF7, 0xFF, 0xF7, 0xFF, 0xFE, 0xFF, 0xFE, 0xFF, 0xBC,
    0xFF, 0xE0, 0x00, 0x00, 0xFF, 0x63, 0xFF, 0xF9, 0x00, 0x00, 0x00, 0x00, 0xFF, 0xDB, 0xFF, 0xA5,
    0xFF, 0xA7, 0xFF, 0xF9, 0xFF, 0xD2, 0xFF, 0xC7, 0x00, 0x00, 0xFF, 0xC5, 0xFF, 0xA1, 0x00, 0x00,
    0x00, 0x00, 0xFF, 0xA7, 0xFF, 0xEF, 0x00, 0x00, 0x00, 0x00, 0xFF, 0xAC, 0x00, 0x00, 0x00, 0x00,
    0xFF, 0xA6, 0x00, 0x00, 0x00, 0x00, 0x00, 0x00, 0x00, 0x00, 0xFF, 0xFE, 0x00, 0x00, 0xFF, 0xD2,
    0x00, 0x00, 0xFF, 0xF5, 0xFF, 0xB9, 0x00, 0x00, 0x00, 0x00, 0x00, 0x00, 0x00, 0x00, 0x00, 0x00,
    0x00, 0x00, 0x00, 0x00, 0x00, 0x00, 0xFF, 0xFE, 0x00, 0x00, 0x00, 0x00, 0x00, 0x00, 0x00, 0x00,
    0x00, 0x00, 0x00, 0x00, 0x00, 0x00, 0x00, 0x00, 0x00, 0x00, 0x00, 0x00, 0x00, 0x00, 0x00, 0x02,
    0x00, 0x00, 0x00, 0x00, 0x00, 0x00, 0x00, 0x00, 0x00, 0x00, 0x00, 0x00, 0x00, 0x00, 0x00, 0x00,
    0x00, 0x00, 0x00, 0x00, 0x00, 0x00, 0x00, 0x00, 0x00, 0x00, 0x00, 0x00, 0x00, 0x00, 0x00, 0x00,
    0x00, 0x00, 0x00, 0x00, 0x00, 0x00, 0x00, 0x00, 0x00, 0x00, 0x00, 0x00, 0x00, 0x00, 0x00, 0x00,
    0x00, 0x00, 0x00, 0x00, 0x00, 0x00, 0x00, 0x00, 0x00, 0x00, 0x00, 0x00, 0x00, 0x00, 0x00, 0x00,
    0x00, 0x00, 0x00, 0x00, 0x00, 0x00, 0x00, 0x00, 0x00, 0x00, 0x00, 0x00, 0x00, 0x00, 0x00, 0x00,
    0x00, 0x0D, 0x00, 0x00, 0x00, 0x00, 0x00, 0x03, 0xFF, 0xF5, 0x00, 0x00, 0x00, 0x03, 0x00, 0x04,
    0xFF, 0xE7, 0x00, 0x00, 0x00, 0x00, 0x00, 0x00, 0x00, 0x00, 0xFF, 0xD6, 0x00, 0x00, 0x00, 0x00,
    0xFF, 0xEC, 0xFF, 0xD3, 0x00, 0x00, 0x00, 0x00, 0xFF, 0xDB, 0xFF, 0xE8, 0xFF, 0xED, 0x00, 0x08,
    0x00, 0x0A, 0x00, 0x02, 0x00, 0x00, 0x00, 0x00, 0xFF, 0xD6, 0xFF, 0xF8, 0x00, 0x0B, 0x00, 0x00,
    0x00, 0x00, 0xFF, 0xFB, 0x00, 0x00, 0xFF, 0xFB, 0xFF, 0xED, 0x00, 0x0A, 0xFF, 0xFC, 0xFF, 0xEE,
    0x00, 0x03, 0x00, 0x00, 0x00, 0x00, 0xFF, 0xDD, 0xFF, 0xDD, 0x00, 0x00, 0x00, 0x00, 0x00, 0x00,
    0x00, 0x00, 0xFF, 0xE7, 0xFF, 0xD7, 0x00, 0x02, 0xFF, 0xF5, 0xFF, 0xF1, 0xFF, 0xD8, 0xFF, 0xE4,
    0xFF, 0xDA, 0xFF, 0xD7, 0x00, 0x00, 0x00, 0x00, 0xFF, 0xFC, 0x00, 0x00, 0x00, 0x03, 0xFF, 0xE9,
    0x00, 0x03, 0x00, 0x06, 0x00, 0x03, 0x00, 0x06, 0x00, 0x00, 0x00, 0x00, 0xFF, 0xFB, 0xFF, 0xF9,
    0x00, 0x0A, 0xFF, 0xF3, 0x00, 0x10, 0x00, 0x00, 0xFF, 0xE5, 0x00, 0x00, 0xFF, 0xF6, 0xFF, 0xEB,
    0xFF, 0xEB, 0x00, 0x10, 0xFF, 0xDB, 0xFF, 0xE6, 0xFF, 0xD5, 0x00, 0x00, 0xFF, 0x8E, 0xFF, 0xEA,
    0x00, 0x00, 0xFF, 0xF6, 0xFF, 0xDD, 0xFF, 0xB9, 0xFF, 0xBA, 0xFF, 0xF7, 0xFF, 0xF4, 0xFF, 0xEA,
    0xFF, 0xFB, 0xFF, 0xE9, 0xFF, 0xB2, 0xFF, 0xBC, 0x00, 0x00, 0xFF, 0xC1, 0xFF, 0xF0, 0xFF, 0xF5,
    0x00, 0x00, 0xFF, 0xC7, 0xFF, 0xFD, 0x00, 0x00, 0xFF, 0xBF, 0xFF, 0xF4, 0x00, 0x00, 0xFF, 0xFD,
    0x00, 0x00, 0x00, 0x00, 0xFF, 0xF5, 0xFF, 0xEC, 0xFF, 0xF6, 0xFF, 0xF6, 0xFF, 0xBD, 0x00, 0x00,
    0x00, 0x00, 0x00, 0x00, 0x00, 0x00, 0x00, 0x00, 0x00, 0x00, 0x00, 0x00, 0x00, 0x00, 0xFF, 0xF5,
    0x00, 0x00, 0x00, 0x00, 0xFF, 0xE8, 0x00, 0x00, 0x00, 0x00, 0x00, 0x00, 0x00, 0x00, 0x00, 0x00,
    0x00, 0x00, 0x00, 0x00, 0x00, 0x00, 0xFF, 0xFA, 0xFF, 0xED, 0x00, 0x00, 0x00, 0x00, 0x00, 0x00,
    0x00, 0x00, 0x00, 0x00, 0x00, 0x00, 0x00, 0x00, 0x00, 0x00, 0x00, 0x00, 0x00, 0x00, 0x00, 0x00,
    0x00, 0x00, 0xFF, 0xDD, 0x00, 0x00, 0x00, 0x00, 0x00, 0x00, 0x00, 0x00, 0xFF, 0xFC, 0x00, 0x00,
    0x00, 0x00, 0x00, 0x00, 0x00, 0x00, 0x00, 0x00, 0x00, 0x00, 0x00, 0x00, 0x00, 0x00, 0x00, 0x00,
    0x00, 0x00, 0x00, 0x00, 0x00, 0x00, 0xFF, 0xE2, 0x00, 0x00, 0x00, 0x00, 0x00, 0x00, 0x00, 0x00,
    0x00, 0x00, 0xFF, 0xED, 0x00, 0x00, 0x00, 0x00, 0xFF, 0xE2, 0xFF, 0xCC, 0xFF, 0xCE, 0x00, 0x00,
    0xFF, 0xE8, 0xFF, 0xE6, 0x00, 0x00, 0xFF, 0xE2, 0xFF, 0xA9, 0xFF, 0xCE, 0xFF, 0xD4, 0xFF, 0xD1,
    0xFF, 0xEA, 0x00, 0x00, 0xFF, 0xD4, 0xFF, 0xD2, 0x00, 0x00, 0x00, 0x00, 0xFF, 0xCF, 0xFF, 0xE8,
    0x00, 0x00, 0xFF, 0xFB, 0x00, 0x00, 0xFF, 0xF2, 0xFF, 0xF4, 0xFF, 0xE5, 0x00, 0x00, 0xFF, 0xF4,
    0xFF, 0xBF, 0x00, 0x00, 0x00, 0x00, 0x00, 0x00, 0xFF, 0xFC, 0x00, 0x00, 0xFF, 0xD2, 0x00, 0x00,
    0x00, 0x00, 0xFF, 0xF3, 0x00, 0x00, 0x00, 0x00, 0xFF, 0xE1, 0xFF, 0xFD, 0x00, 0x00, 0x00, 0x00,
    0x00, 0x00, 0xFF, 0x95, 0x00, 0x00, 0x00, 0x00, 0x00, 0x00, 0x00, 0x00, 0xFF, 0xFE, 0x00, 0x00,
    0x00, 0x00, 0x00, 0x00, 0x00, 0x00, 0x00, 0x00, 0x00, 0x00, 0x00, 0x00, 0x00, 0x00, 0x00, 0x00,
    0x00, 0x00, 0x00, 0x00, 0x00, 0x00, 0xFF, 0xEB, 0x00, 0x00, 0x00, 0x00, 0x00, 0x00, 0x00, 0x00,
    0x00, 0x07, 0x00, 0x00, 0x00, 0x00, 0x00, 0x00, 0x00, 0x00, 0x00, 0x00, 0x00, 0x00, 0x00, 0x00,
    0x00, 0x00, 0x00, 0x00, 0x00, 0x00, 0x00, 0x00, 0x00, 0x00, 0xFF, 0xE4, 0x00, 0x00, 0x00, 0x00,
    0x00, 0x00, 0x00, 0x00, 0x00, 0x00, 0xFF, 0xE3, 0x00, 0x00, 0x00, 0x10, 0x00, 0x08, 0x00, 0x00,
    0x00, 0x00, 0x00, 0x10, 0x00, 0x00, 0x00, 0x08, 0x00, 0x0A, 0x00, 0x0D, 0x00, 0x07, 0x00, 0x00,
    0x00, 0x00, 0x00, 0x00, 0x00, 0x05, 0xFF, 0xE4, 0x00, 0x00, 0x00, 0x0A, 0xFF, 0xF6, 0x00, 0x00,
    0x00, 0x00, 0x00, 0x03, 0xFF, 0xF6, 0x00, 0x05, 0x00, 0x00, 0x00, 0x00, 0x00, 0x14, 0x00, 0x0A,
    0x00, 0x0B, 0x00, 0x0D, 0x00, 0x11, 0x00, 0x00, 0x00, 0x00, 0x00, 0x00, 0x00, 0x00, 0x00, 0x00,
    0x00, 0x00, 0x00, 0x00, 0x00, 0x00, 0x00, 0x14, 0x00, 0x00, 0x00, 0x00, 0x00, 0x0B, 0x00, 0x00,
    0x00, 0x00, 0x00, 0x00, 0x00, 0x00, 0x00, 0x00, 0x00, 0x00, 0x00, 0x00, 0x00, 0x00, 0xFF, 0xF3,
    0x00, 0x00, 0x00, 0x00, 0x00, 0x00, 0x00, 0x00, 0x00, 0x00, 0x00, 0x00, 0x00, 0x00, 0x00, 0x00,
    0x00, 0x00, 0x00, 0x00, 0x00, 0x00, 0x00, 0x00, 0x00, 0x00, 0xFF, 0xF1, 0x00, 0x00, 0x00, 0x00,
    0x00, 0x00, 0x00, 0x00, 0x00, 0x11, 0x00, 0x00, 0x00, 0x00, 0x00, 0x00, 0x00, 0x00, 0x00, 0x00,
    0x00, 0x00, 0x00, 0x00, 0x00, 0x00, 0x00, 0x00, 0x00, 0x00, 0x00, 0x00, 0x00, 0x00, 0x00, 0x0A,
    0x00, 0x00, 0x00, 0x00, 0x00, 0x00, 0x00, 0x00, 0x00, 0x00, 0x00, 0x06, 0x00, 0x00, 0xFF, 0xAB,
    0xFF, 0x70, 0xFF, 0x85, 0xFF, 0x97, 0xFF, 0xAC, 0xFF, 0xC6, 0xFF, 0x9A, 0xFF, 0x81, 0xFF, 0xAD,
    0xFF, 0xAD, 0xFF, 0x85, 0xFF, 0x85, 0xFF, 0xDB, 0xFF, 0x80, 0xFF, 0x4C, 0xFF, 0x97, 0xFF, 0x91,
    0xFF, 0x68, 0x00, 0x00, 0xFF, 0x8E, 0xFF, 0x84, 0xFF, 0x4E, 0xFF, 0xAD, 0x00, 0x00, 0xFF, 0x7E,
    0xFF, 0x9F, 0xFF, 0xAD, 0xFF, 0x6B, 0xFF, 0xAB, 0xFF, 0xAD, 0x00, 0x00, 0x00, 0x00, 0x00, 0x00,
    0xFF, 0xAB, 0x00, 0x00, 0x00, 0x00, 0x00, 0x00, 0x00, 0x00, 0xFF, 0xA0, 0x00, 0x00, 0x00, 0x00,
    0xFF, 0xE0, 0x00, 0x2D, 0x00, 0x00, 0x00, 0x00, 0x00, 0x00, 0x00, 0x00, 0x00, 0x00, 0x00, 0x00,
    0x00, 0x00, 0xFF, 0x58, 0xFF, 0xAD, 0x00, 0x00, 0x00, 0x00, 0x00, 0x00, 0x00, 0x00, 0x00, 0x00,
    0x00, 0x00, 0x00, 0x00, 0x00, 0x00, 0x00, 0x00, 0x00, 0x00, 0x00, 0x00, 0x00, 0x00, 0xFF, 0x9E,
    0x00, 0x00, 0x00, 0x00, 0x00, 0x00, 0x00, 0x00, 0x00, 0x2C, 0x00, 0x00, 0x00, 0x00, 0x00, 0x00,
    0x00, 0x00, 0x00, 0x00, 0x00, 0x00, 0x00, 0x00, 0x00, 0x00, 0x00, 0x00, 0x00, 0x00, 0x00, 0x00,
    0x00, 0x00, 0xFF, 0x8E, 0x00, 0x00, 0x00, 0x00, 0x00, 0x00, 0x00, 0x00, 0x00, 0x00, 0xFF, 0xAD,
    0x00, 0x00, 0x00, 0x00, 0xFF, 0xEA, 0xFF, 0xD6, 0xFF, 0xDB, 0x00, 0x00, 0xFF, 0xFC, 0x00, 0x00,
    0xFF, 0xFA, 0x00, 0x00, 0x00, 0x00, 0xFF, 0xD6, 0xFF, 0xD6, 0xFF, 0xE3, 0xFF, 0xF5, 0xFF, 0xD5,
    0xFF, 0xDB, 0xFF, 0xE5, 0xFF, 0xE6, 0xFF, 0xF7, 0xFF, 0xDB, 0x00, 0x02, 0xFF, 0xD6, 0xFF, 0xFC,
    0xFF, 0xC0, 0x00, 0x00, 0x00, 0x07, 0x00, 0x06, 0xFF, 0xF9, 0x00, 0x00, 0xFF, 0xFA, 0xFF, 0xEB,
    0xFF, 0xE5, 0x00, 0x00, 0xFF, 0xFD, 0xFF, 0xB0, 0x00, 0x00, 0xFF, 0xFD, 0xFF, 0xAC, 0x00, 0x08,
    0xFF, 0xB8, 0xFF, 0xE5, 0x00, 0x00, 0xFF, 0xFE, 0x00, 0x00, 0xFF, 0xE9, 0xFF, 0xE9, 0x00, 0x00,
    0x00, 0x00, 0x00, 0x00, 0x00, 0x00, 0xFF, 0xE3, 0x00, 0x00, 0xFF, 0xFA, 0xFF, 0xD6, 0xFF, 0xA4,
    0xFF, 0xE9, 0xFF, 0xE3, 0xFF, 0xCC, 0xFF, 0xCA, 0x00, 0x00, 0xFF, 0xFE, 0xFF, 0xF4, 0xFF, 0xCF,
    0xFF, 0xE4, 0xFF, 0xE0, 0x00, 0x00, 0x00, 0x00, 0x00, 0x00, 0x00, 0x00, 0xFF, 0xFE, 0xFF, 0xD5,
    0xFF, 0xC9, 0x00, 0x00, 0xFF, 0xEB, 0x00, 0x00, 0xFF, 0xF4, 0x00, 0x00, 0xFF, 0xE7, 0x00, 0x00,
    0xFF, 0xF6, 0xFF, 0xF4, 0xFF, 0xF4, 0xFF, 0xEA, 0xFF, 0xD9, 0xFF, 0xFC, 0xFF, 0xD2, 0x00, 0x00,
    0xFF, 0xAD, 0xFF, 0xFE, 0x00, 0x02, 0x00, 0x17, 0x00, 0x01, 0x00, 0x2F, 0x00, 0x00, 0x00, 0x31,
    0x00, 0x31, 0x00, 0x2F, 0x00, 0x33, 0x00, 0x36, 0x00, 0x30, 0x00, 0x38, 0x00, 0x39, 0x00, 0x34,
    0x00, 0x3B, 0x00, 0x80, 0x00, 0x36, 0x00, 0x82, 0x00, 0xBE, 0x00, 0x7C, 0x00, 0xC0, 0x00, 0xC0,
    0x00, 0xB9, 0x00, 0xC2, 0x00, 0xC3, 0x00, 0xBA, 0x00, 0xC5, 0x00, 0xEB, 0x00, 0xBC, 0x00, 0xED,
    0x00, 0xED, 0x00, 0xE3, 0x00, 0xEF, 0x01, 0x0C, 0x00, 0xE4, 0x01, 0x0E, 0x01, 0x31, 0x01, 0x02,
    0x01, 0x3E, 0x01, 0x40, 0x01, 0x26, 0x01, 0x7F, 0x01, 0x85, 0x01, 0x29, 0x01, 0x87, 0x01, 0x8B,
    0x01, 0x30, 0x01, 0x8D, 0x01, 0xAB, 0x01, 0x35, 0x01, 0xB8, 0x01, 0xBC, 0x01, 0x54, 0x01, 0xBE,
    0x01, 0xBF, 0x01, 0x59, 0x01, 0xC2, 0x01, 0xC2, 0x01, 0x5B, 0x01, 0xC4, 0x01, 0xC6, 0x01, 0x5C,
    0x01, 0xCB, 0x01, 0xCB, 0x01, 0x5F, 0x01, 0xD9, 0x01, 0xDA, 0x01, 0x60, 0x01, 0xE0, 0x01, 0xE0,
    0x01, 0x62, 0x00, 0x02, 0x00, 0xA1, 0x00, 0x01, 0x00, 0x0A, 0x00, 0x0A, 0x00, 0x0B, 0x00, 0x0B,
    0x00, 0x2F, 0x00, 0x0C, 0x00, 0x0C, 0x00, 0x01, 0x00, 0x0D, 0x00, 0x12, 0x00, 0x02, 0x00, 0x13,
    0x00, 0x14, 0x00, 0x01, 0x00, 0x15, 0x00, 0x16, 0x00, 0x24, 0x00, 0x17, 0x00, 0x20, 0x00, 0x01,
    0x00, 0x22, 0x00, 0x22, 0x00, 0x01, 0x00, 0x23, 0x00, 0x29, 0x00, 0x02, 0x00, 0x2A, 0x00, 0x2A,
    0x00, 0x01, 0x00, 0x2B, 0x00, 0x2B, 0x00, 0x30, 0x00, 0x2C, 0x00, 0x35, 0x00, 0x01, 0x00, 0x37,
    0x00, 0x37, 0x00, 0x01, 0x00, 0x38, 0x00, 0x3A, 0x00, 0x1E, 0x00, 0x3B, 0x00, 0x40, 0x00, 0x01,
    0x00, 0x41, 0x00, 0x41, 0x00, 0x31, 0x00, 0x42, 0x00, 0x47, 0x00, 0x01, 0x00, 0x48, 0x00, 0x4F,
    0x00, 0x02, 0x00, 0x51, 0x00, 0x52, 0x00, 0x02, 0x00, 0x53, 0x00, 0x53, 0x00, 0x01, 0x00, 0x54,
    0x00, 0x54, 0x00, 0x32, 0x00, 0x55, 0x00, 0x55, 0x00, 0x02, 0x00, 0x56, 0x00, 0x59, 0x00, 0x01,
    0x00, 0x5A, 0x00, 0x5F, 0x00, 0x0E, 0x00, 0x60, 0x00, 0x60, 0x00, 0x01, 0x00, 0x61, 0x00, 0x64,
    0x00, 0x16, 0x00, 0x65, 0x00, 0x6F, 0x00, 0x08, 0x00, 0x70, 0x00, 0x70, 0x00, 0x33, 0x00, 0x71,
    0x00, 0x75, 0x00, 0x12, 0x00, 0x76, 0x00, 0x76, 0x00, 0x34, 0x00, 0x77, 0x00, 0x7C, 0x00, 0x0F,
    0x00, 0x7D, 0x00, 0x80, 0x00, 0x17, 0x00, 0x82, 0x00, 0x83, 0x00, 0x01, 0x00, 0x84, 0x00, 0x86,
    0x00, 0x1C, 0x00, 0x87, 0x00, 0x88, 0x00, 0x1D, 0x00, 0x89, 0x00, 0x89, 0x00, 0x02, 0x00, 0x8A,
    0x00, 0x8A, 0x00, 0x1D, 0x00, 0x8B, 0x00, 0x8E, 0x00, 0x04, 0x00, 0x8F, 0x00, 0x8F, 0x00, 0x10,
    0x00, 0x90, 0x00, 0x90, 0x00, 0x04, 0x00, 0x91, 0x00, 0x91, 0x00, 0x10, 0x00, 0x92, 0x00, 0x93,
    0x00, 0x04, 0x00, 0x94, 0x00, 0x94, 0x00, 0x10, 0x00, 0x95, 0x00, 0x95, 0x00, 0x04, 0x00, 0x96,
    0x00, 0x96, 0x00, 0x05, 0x00, 0x97, 0x00, 0x9C, 0x00, 0x03, 0x00, 0x9D, 0x00, 0x9F, 0x00, 0x14,
    0x00, 0xA0, 0x00, 0xA4, 0x00, 0x03, 0x00, 0xA5, 0x00, 0xA5, 0x00, 0x0C, 0x00, 0xA6, 0x00, 0xA7,
    0x00, 0x03, 0x00, 0xA8, 0x00, 0xA8, 0x00, 0x0C, 0x00, 0xA9, 0x00, 0xA9, 0x00, 0x03, 0x00, 0xAA,
    0x00, 0xAA, 0x00, 0x0C, 0x00, 0xAB, 0x00, 0xAB, 0x00, 0x14, 0x00, 0xAC, 0x00, 0xAC, 0x00, 0x27,
    0x00, 0xAD, 0x00, 0xB3, 0x00, 0x0D, 0x00, 0xB4, 0x00, 0xB4, 0x00, 0x05, 0x00, 0xB5, 0x00, 0xB5,
    0x00, 0x3F, 0x00, 0xB6, 0x00, 0xB6, 0x00, 0x05, 0x00, 0xB7, 0x00, 0xB7, 0x00, 0x22, 0x00, 0xB8,
    0x00, 0xB8, 0x00, 0x2A, 0x00, 0xB9, 0x00, 0xB9, 0x00, 0x05, 0x00, 0xBB, 0x00, 0xBB, 0x00, 0x42,
    0x00, 0xBC, 0x00, 0xBC, 0x00, 0x43, 0x00, 0xBD, 0x00, 0xBD, 0x00, 0x05, 0x00, 0xBE, 0x00, 0xBE,
    0x00, 0x44, 0x00, 0xBF, 0x00, 0xBF, 0x00, 0x45, 0x00, 0xC2, 0x00, 0xC2, 0x00, 0x22, 0x00, 0xC3,
    0x00, 0xC4, 0x00, 0x2B, 0x00, 0xC5, 0x00, 0xC5, 0x00, 0x07, 0x00, 0xC7, 0x00, 0xCC, 0x00, 0x05,
    0x00, 0xCD, 0x00, 0xCD, 0x00, 0x48, 0x00, 0xCE, 0x00, 0xD3, 0x00, 0x09, 0x00, 0xD4, 0x00, 0xD7,
    0x00, 0x03, 0x00, 0xD8, 0x00, 0xD8, 0x00, 0x0C, 0x00, 0xD9, 0x00, 0xD9, 0x00, 0x03, 0x00, 0xDA,
    0x00, 0xDB, 0x00, 0x0C, 0x00, 0xDC, 0x00, 0xDC, 0x00, 0x03, 0x00, 0xDD, 0x00, 0xDD, 0x00, 0x0C,
    0x00, 0xDE, 0x00, 0xDE, 0x00, 0x03, 0x00, 0xDF, 0x00, 0xDF, 0x00, 0x2A, 0x00, 0xE0, 0x00, 0xE0,
    0x00, 0x05, 0x00, 0xE1, 0x00, 0xE1, 0x00, 0x14, 0x00, 0xE2, 0x00, 0xE5, 0x00, 0x09, 0x00, 0xE6,
    0x00, 0xEB, 0x00, 0x11, 0x00, 0xEC, 0x00, 0xEC, 0x00, 0x22, 0x00, 0xED, 0x00, 0xF0, 0x00, 0x19,
    0x00, 0xF1, 0x00, 0xFB, 0x00, 0x07, 0x00, 0xFC, 0x00, 0xFC, 0x00, 0x06, 0x00, 0xFD, 0x01, 0x01,
    0x00, 0x15, 0x01, 0x02, 0x01, 0x02, 0x00, 0x59, 0x01, 0x03, 0x01, 0x08, 0x00, 0x06, 0x01, 0x09,
    0x01, 0x0C, 0x00, 0x1B, 0x01, 0x0E, 0x01, 0x0E, 0x00, 0x05, 0x01, 0x0F, 0x01, 0x0F, 0x00, 0x09,
    0x01, 0x10, 0x01, 0x13, 0x00, 0x04, 0x01, 0x14, 0x01, 0x14, 0x00, 0x10, 0x01, 0x15, 0x01, 0x15,
    0x00, 0x04, 0x01, 0x16, 0x01, 0x16, 0x00, 0x10, 0x01, 0x17, 0x01, 0x18, 0x00, 0x04, 0x01, 0x19,
    0x01, 0x19, 0x00, 0x10, 0x01, 0x1A, 0x01, 0x23, 0x00, 0x0B, 0x01, 0x24, 0x01, 0x24, 0x00, 0x27,
    0x01, 0x25, 0x01, 0x25, 0x00, 0x41, 0x01, 0x26, 0x01, 0x26, 0x00, 0x46, 0x01, 0x27, 0x01, 0x2A,
    0x00, 0x1A, 0x01, 0x2B, 0x01, 0x30, 0x00, 0x06, 0x01, 0x31, 0x01, 0x31, 0x00, 0x53, 0x01, 0x3E,
    0x01, 0x3E, 0x00, 0x4B, 0x01, 0x3F, 0x01, 0x3F, 0x00, 0x57, 0x01, 0x40, 0x01, 0x40, 0x00, 0x54,
    0x01, 0x7F, 0x01, 0x7F, 0x00, 0x40, 0x01, 0x80, 0x01, 0x81, 0x00, 0x26, 0x01, 0x82, 0x01, 0x82,
    0x00, 0x58, 0x01, 0x83, 0x01, 0x83, 0x00, 0x4C, 0x01, 0x84, 0x01, 0x84, 0x00, 0x4E, 0x01, 0x86,
    0x01, 0x86, 0x00, 0x3A, 0x01, 0x87, 0x01, 0x87, 0x00, 0x21, 0x01, 0x88, 0x01, 0x88, 0x00, 0x3B,
    0x01, 0x89, 0x01, 0x89, 0x00, 0x4D, 0x01, 0x8A, 0x01, 0x8A, 0x00, 0x4F, 0x01, 0x8D, 0x01, 0x8D,
    0x00, 0x21, 0x01, 0x8E, 0x01, 0x8E, 0x00, 0x3C, 0x01, 0x8F, 0x01, 0x90, 0x00, 0x13, 0x01, 0x91,
    0x01, 0x91, 0x00, 0x51, 0x01, 0x92, 0x01, 0x92, 0x00, 0x2D, 0x01, 0x93, 0x01, 0x93, 0x00, 0x52,
    0x01, 0x94, 0x01, 0x94, 0x00, 0x2E, 0x01, 0x95, 0x01, 0x95, 0x00, 0x28, 0x01, 0x96, 0x01, 0x96,
    0x00, 0x29, 0x01, 0x97, 0x01, 0x97, 0x00, 0x28, 0x01, 0x98, 0x01, 0x98, 0x00, 0x29, 0x01, 0x99,
    0x01, 0x99, 0x00, 0x2D, 0x01, 0x9A, 0x01, 0x9A, 0x00, 0x2E, 0x01, 0x9B, 0x01, 0x9C, 0x00, 0x13,
    0x01, 0x9D, 0x01, 0x9E, 0x00, 0x25, 0x01, 0x9F, 0x01, 0x9F, 0x00, 0x13, 0x01, 0xA0, 0x01, 0xA0,
    0x00, 0x21, 0x01, 0xA2, 0x01, 0xA2, 0x00, 0x50, 0x01, 0xA4, 0x01, 0xA4, 0x00, 0x23, 0x01, 0xA6,
    0x01, 0xA6, 0x00, 0x38, 0x01, 0xA7, 0x01, 0xA7, 0x00, 0x4A, 0x01, 0xA8, 0x01, 0xA8, 0x00, 0x55,
    0x01, 0xA9, 0x01, 0xA9, 0x00, 0x39, 0x01, 0xAA, 0x01, 0xAB, 0x00, 0x23, 0x01, 0xB8, 0x01, 0xB9,
    0x00, 0x18, 0x01, 0xBA, 0x01, 0xBA, 0x00, 0x49, 0x01, 0xBB, 0x01, 0xBB, 0x00, 0x18, 0x01, 0xBC,
    0x01, 0xBD, 0x00, 0x1F, 0x01, 0xBE, 0x01, 0xBE, 0x00, 0x3E, 0x01, 0xBF, 0x01, 0xBF, 0x00, 0x47,
    0x01, 0xC3, 0x01, 0xC3, 0x00, 0x1F, 0x01, 0xC4, 0x01, 0xC4, 0x00, 0x37, 0x01, 0xC5, 0x01, 0xC5,
    0x00, 0x18, 0x01, 0xC6, 0x01, 0xC6, 0x00, 0x36, 0x01, 0xCD, 0x01, 0xCE, 0x00, 0x2C, 0x01, 0xD9,
    0x01, 0xD9, 0x00, 0x20, 0x01, 0xDA, 0x01, 0xDA, 0x00, 0x35, 0x01, 0xDD, 0x01, 0xDE, 0x00, 0x20,
    0x01, 0xDF, 0x01, 0xDF, 0x00, 0x56, 0x01, 0xE3, 0x01, 0xE3, 0x00, 0x3D, 0x00, 0x02, 0x00, 0x98,
    0x00, 0x01, 0x00, 0x0A, 0x00, 0x09, 0x00, 0x0B, 0x00, 0x0B, 0x00, 0x05, 0x00, 0x0C, 0x00, 0x0C,
    0x00, 0x1D, 0x00, 0x0D, 0x00, 0x12, 0x00, 0x0E, 0x00, 0x13, 0x00, 0x16, 0x00, 0x02, 0x00, 0x17,
    0x00, 0x20, 0x00, 0x05, 0x00, 0x21, 0x00, 0x21, 0x00, 0x02, 0x00, 0x22, 0x00, 0x22, 0x00, 0x23,
    0x00, 0x23, 0x00, 0x29, 0x00, 0x0B, 0x00, 0x2A, 0x00, 0x2A, 0x00, 0x04, 0x00, 0x2B, 0x00, 0x2B,
    0x00, 0x33, 0x00, 0x2C, 0x00, 0x2D, 0x00, 0x04, 0x00, 0x2E, 0x00, 0x2E, 0x00, 0x1E, 0x00, 0x2F,
    0x00, 0x2F, 0x00, 0x04, 0x00, 0x31, 0x00, 0x31, 0x00, 0x04, 0x00, 0x33, 0x00, 0x36, 0x00, 0x04,
    0x00, 0x38, 0x00, 0x39, 0x00, 0x1E, 0x00, 0x3B, 0x00, 0x3C, 0x00, 0x24, 0x00, 0x3D, 0x00, 0x3E,
    0x00, 0x19, 0x00, 0x3F, 0x00, 0x3F, 0x00, 0x25, 0x00, 0x40, 0x00, 0x40, 0x00, 0x19, 0x00, 0x41,
    0x00, 0x41, 0x00, 0x25, 0x00, 0x42, 0x00, 0x47, 0x00, 0x04, 0x00, 0x48, 0x00, 0x51, 0x00, 0x02,
    0x00, 0x52, 0x00, 0x52, 0x00, 0x05, 0x00, 0x53, 0x00, 0x53, 0x00, 0x26, 0x00, 0x54, 0x00, 0x54,
    0x00, 0x35, 0x00, 0x55, 0x00, 0x55, 0x00, 0x02, 0x00, 0x56, 0x00, 0x59, 0x00, 0x14, 0x00, 0x5A,
    0x00, 0x5F, 0x00, 0x0F, 0x00, 0x60, 0x00, 0x60, 0x00, 0x1D, 0x00, 0x61, 0x00, 0x62, 0x00, 0x1F,
    0x00, 0x63, 0x00, 0x63, 0x00, 0x34, 0x00, 0x64, 0x00, 0x64, 0x00, 0x1F, 0x00, 0x65, 0x00, 0x6F,
    0x00, 0x07, 0x00, 0x70, 0x00, 0x70, 0x00, 0x36, 0x00, 0x71, 0x00, 0x75, 0x00, 0x15, 0x00, 0x76,
    0x00, 0x76, 0x00, 0x37, 0x00, 0x77, 0x00, 0x7C, 0x00, 0x10, 0x00, 0x7D, 0x00, 0x80, 0x00, 0x1A,
    0x00, 0x82, 0x00, 0x82, 0x00, 0x19, 0x00, 0x83, 0x00, 0x83, 0x00, 0x04, 0x00, 0x84, 0x00, 0x84,
    0x00, 0x1D, 0x00, 0x85, 0x00, 0x85, 0x00, 0x02, 0x00, 0x86, 0x00, 0x86, 0x00, 0x05, 0x00, 0x87,
    0x00, 0x87, 0x00, 0x23, 0x00, 0x88, 0x00, 0x88, 0x00, 0x26, 0x00, 0x89, 0x00, 0x89, 0x00, 0x02,
    0x00, 0x8A, 0x00, 0x8A, 0x00, 0x14, 0x00, 0x8B, 0x00, 0x94, 0x00, 0x01, 0x00, 0x96, 0x00, 0x96,
    0x00, 0x20, 0x00, 0x97, 0x00, 0x9C, 0x00, 0x11, 0x00, 0x9D, 0x00, 0x9D, 0x00, 0x0C, 0x00, 0x9E,
    0x00, 0x9E, 0x00, 0x28, 0x00, 0x9F, 0x00, 0x9F, 0x00, 0x43, 0x00, 0xA0, 0x00, 0xA0, 0x00, 0x46,
    0x00, 0xAB, 0x00, 0xAB, 0x00, 0x08, 0x00, 0xAC, 0x00, 0xAC, 0x00, 0x2B, 0x00, 0xAD, 0x00, 0xB3,
    0x00, 0x03, 0x00, 0xB4, 0x00, 0xB6, 0x00, 0x0A, 0x00, 0xB7, 0x00, 0xB7, 0x00, 0x17, 0x00, 0xB8,
    0x00, 0xB8, 0x00, 0x21, 0x00, 0xB9, 0x00, 0xBC, 0x00, 0x12, 0x00, 0xBD, 0x00, 0xBE, 0x00, 0x0C,
    0x00, 0xC0, 0x00, 0xC0, 0x00, 0x0C, 0x00, 0xC2, 0x00, 0xC3, 0x00, 0x17, 0x00, 0xC5, 0x00, 0xC6,
    0x00, 0x12, 0x00, 0xC7, 0x00, 0xC8, 0x00, 0x2E, 0x00, 0xC9, 0x00, 0xC9, 0x00, 0x0C, 0x00, 0xCA,
    0x00, 0xCA, 0x00, 0x21, 0x00, 0xCB, 0x00, 0xCB, 0x00, 0x28, 0x00, 0xCC, 0x00, 0xCC, 0x00, 0x0C,
    0x00, 0xCD, 0x00, 0xCD, 0x00, 0x4B, 0x00, 0xCE, 0x00, 0xD3, 0x00, 0x0A, 0x00, 0xD4, 0x00, 0xDD,
    0x00, 0x08, 0x00, 0xDF, 0x00, 0xE0, 0x00, 0x20, 0x00, 0xE1, 0x00, 0xE1, 0x00, 0x21, 0x00, 0xE2,
    0x00, 0xE2, 0x00, 0x58, 0x00, 0xE3, 0x00, 0xE5, 0x00, 0x22, 0x00, 0xE6, 0x00, 0xEB, 0x00, 0x13,
    0x00, 0xED, 0x00, 0xED, 0x00, 0x0D, 0x00, 0xEF, 0x00, 0xF0, 0x00, 0x0D, 0x00, 0xF1, 0x00, 0xFB,
    0x00, 0x03, 0x00, 0xFC, 0x00, 0xFC, 0x00, 0x06, 0x00, 0xFD, 0x01, 0x01, 0x00, 0x18, 0x01, 0x02,
    0x01, 0x02, 0x00, 0x5F, 0x01, 0x03, 0x01, 0x08, 0x00, 0x06, 0x01, 0x09, 0x01, 0x0C, 0x00, 0x1C,
    0x01, 0x0E, 0x01, 0x0E, 0x00, 0x0C, 0x01, 0x0F, 0x01, 0x0F, 0x00, 0x0A, 0x01, 0x10, 0x01, 0x19,
    0x00, 0x01, 0x01, 0x24, 0x01, 0x24, 0x00, 0x2B, 0x01, 0x25, 0x01, 0x26, 0x00, 0x17, 0x01, 0x27,
    0x01, 0x2A, 0x00, 0x0D, 0x01, 0x2B, 0x01, 0x30, 0x00, 0x06, 0x01, 0x31, 0x01, 0x31, 0x00, 0x5A,
    0x01, 0x3E, 0x01, 0x3E, 0x00, 0x4F, 0x01, 0x3F, 0x01, 0x3F, 0x00, 0x5D, 0x01, 0x40, 0x01, 0x40,
    0x00, 0x5B, 0x01, 0x7F, 0x01, 0x7F, 0x00, 0x48, 0x01, 0x80, 0x01, 0x81, 0x00, 0x2A, 0x01, 0x82,
    0x01, 0x82, 0x00, 0x5E, 0x01, 0x83, 0x01, 0x83, 0x00, 0x50, 0x01, 0x84, 0x01, 0x84, 0x00, 0x2F,
    0x01, 0x85, 0x01, 0x85, 0x00, 0x3E, 0x01, 0x87, 0x01, 0x87, 0x00, 0x40, 0x01, 0x88, 0x01, 0x88,
    0x00, 0x1B, 0x01, 0x89, 0x01, 0x89, 0x00, 0x51, 0x01, 0x8A, 0x01, 0x8A, 0x00, 0x2F, 0x01, 0x8B,
    0x01, 0x8B, 0x00, 0x3F, 0x01, 0x8D, 0x01, 0x8D, 0x00, 0x41, 0x01, 0x8E, 0x01, 0x8E, 0x00, 0x1B,
    0x01, 0x8F, 0x01, 0x90, 0x00, 0x16, 0x01, 0x91, 0x01, 0x91, 0x00, 0x56, 0x01, 0x92, 0x01, 0x92,
    0x00, 0x31, 0x01, 0x93, 0x01, 0x93, 0x00, 0x57, 0x01, 0x94, 0x01, 0x94, 0x00, 0x32, 0x01, 0x95,
    0x01, 0x95, 0x00, 0x2C, 0x01, 0x96, 0x01, 0x96, 0x00, 0x2D, 0x01, 0x97, 0x01, 0x97, 0x00, 0x2C,
    0x01, 0x98, 0x01, 0x98, 0x00, 0x2D, 0x01, 0x99, 0x01, 0x99, 0x00, 0x31, 0x01, 0x9A, 0x01, 0x9A,
    0x00, 0x32, 0x01, 0x9B, 0x01, 0x9C, 0x00, 0x16, 0x01, 0x9D, 0x01, 0x9E, 0x00, 0x27, 0x01, 0x9F,
    0x01, 0x9F, 0x00, 0x16, 0x01, 0xA0, 0x01, 0xA1, 0x00, 0x1B, 0x01, 0xA2, 0x01, 0xA2, 0x00, 0x54,
    0x01, 0xA3, 0x01, 0xA3, 0x00, 0x55, 0x01, 0xA4, 0x01, 0xA4, 0x00, 0x30, 0x01, 0xA5, 0x01, 0xA5,
    0x00, 0x42, 0x01, 0xA6, 0x01, 0xA6, 0x00, 0x3B, 0x01, 0xA7, 0x01, 0xA7, 0x00, 0x4E, 0x01, 0xA8,
    0x01, 0xA8, 0x00, 0x5C, 0x01, 0xA9, 0x01, 0xA9, 0x00, 0x3D, 0x01, 0xAA, 0x01, 0xAA, 0x00, 0x30,
    0x01, 0xAB, 0x01, 0xAB, 0x00, 0x52, 0x01, 0xB8, 0x01, 0xB8, 0x00, 0x29, 0x01, 0xB9, 0x01, 0xB9,
    0x00, 0x4C, 0x01, 0xBA, 0x01, 0xBA, 0x00, 0x4D, 0x01, 0xBB, 0x01, 0xBB, 0x00, 0x29, 0x01, 0xBC,
    0x01, 0xBC, 0x00, 0x45, 0x01, 0xBE, 0x01, 0xBE, 0x00, 0x47, 0x01, 0xBF, 0x01, 0xBF, 0x00, 0x49,
    0x01, 0xC2, 0x01, 0xC2, 0x00, 0x53, 0x01, 0xC4, 0x01, 0xC4, 0x00, 0x3A, 0x01, 0xC5, 0x01, 0xC5,
    0x00, 0x4A, 0x01, 0xC6, 0x01, 0xC6, 0x00, 0x39, 0x01, 0xCB, 0x01, 0xCB, 0x00, 0x59, 0x01, 0xD9,
    0x01, 0xD9, 0x00, 0x3C, 0x01, 0xDA, 0x01, 0xDA, 0x00, 0x38, 0x01, 0xE0, 0x01, 0xE0, 0x00, 0x44,
    0x00, 0x01, 0x00, 0x02, 0x00, 0x00, 0x00, 0x08, 0x00, 0x01, 0x01, 0xCE, 0x00, 0x04, 0x00, 0x00,
    0x00, 0xE2, 0x1A, 0x22, 0x1A, 0x1C, 0x1A, 0x16, 0x1A, 0x10, 0x1A, 0x16, 0x1A, 0x0A, 0x1A, 0x04,
    0x19, 0xFA, 0x19, 0xEC, 0x19, 0xDE, 0x19, 0xD8, 0x19, 0xBA, 0x19, 0xAC, 0x19, 0xA2, 0x19, 0x80,
    0x19, 0x62, 0x19, 0x5C, 0x19, 0x42, 0x19, 0x3C, 0x19, 0x32, 0x19, 0x20, 0x19, 0x1A, 0x18, 0xF8,
    0x18, 0xCA, 0x18, 0xC0, 0x18, 0x86, 0x18, 0x70, 0x18, 0x3A, 0x18, 0x24, 0x17, 0xFA, 0x17, 0xD0,
    0x17, 0xA2, 0x17, 0x78, 0x17, 0x6A, 0x17, 0x60, 0x17, 0x42, 0x17, 0x24, 0x17, 0x16, 0x17, 0x04,
    0x16, 0xFE, 0x16, 0xE8, 0x16, 0xCE, 0x16, 0xBC, 0x16, 0xAE, 0x16, 0xA8, 0x16, 0xA2, 0x16, 0x8C,
    0x15, 0xC2, 0x15, 0xBC, 0x15, 0xA6, 0x15, 0x98, 0x15, 0x7A, 0x15, 0x70, 0x15, 0x6A, 0x15, 0x64,
    0x15, 0x2A, 0x15, 0x0C, 0x14, 0xDE, 0x14, 0x9C, 0x14, 0x92, 0x14, 0x64, 0x14, 0x1E, 0x14, 0x10,
    0x14, 0x0A, 0x13, 0xE8, 0x13, 0xC6, 0x13, 0xBC, 0x13, 0xAE, 0x13, 0xA4, 0x13, 0x7A, 0x13, 0x70,
    0x13, 0x62, 0x13, 0x48, 0x13, 0x3E, 0x13, 0x30, 0x13, 0x1E, 0x13, 0x18, 0x13, 0x12, 0x13, 0x18,
    0x12, 0xF4, 0x12, 0xEA, 0x12, 0xA0, 0x12, 0x96, 0x12, 0x90, 0x12, 0x8A, 0x12, 0x80, 0x12, 0x72,
    0x12, 0x68, 0x12, 0x62, 0x12, 0x54, 0x12, 0x3A, 0x12, 0x14, 0x12, 0x06, 0x11, 0xFC, 0x12, 0x06,
    0x12, 0x06, 0x11, 0xE6, 0x11, 0xDC, 0x11, 0xAE, 0x11, 0xA0, 0x11, 0x8A, 0x11, 0x84, 0x11, 0x7A,
    0x11, 0x48, 0x11, 0x1E, 0x11, 0x08, 0x10, 0x4E, 0x10, 0x2C, 0x0F, 0xB2, 0x0F, 0xAC, 0x0F, 0xA2,
    0x0F, 0x80, 0x0F, 0x76, 0x0F, 0x58, 0x0F, 0x36, 0x0F, 0x30, 0x0F, 0x1E, 0x0F, 0x18, 0x0E, 0xEE,
    0x0E, 0xD8, 0x0E, 0xCA, 0x0E, 0xAC, 0x0E, 0xA6, 0x0E, 0x9C, 0x0E, 0x96, 0x0E, 0x74, 0x0E, 0x62,
    0x0E, 0x50, 0x0E, 0x2A, 0x0E, 0x24, 0x0E, 0x02, 0x0D, 0xF8, 0x0D, 0xE6, 0x0D, 0xDC, 0x0D, 0x4E,
    0x0D, 0x40, 0x0C, 0x7A, 0x0C, 0x6C, 0x0C, 0x5A, 0x0C, 0x54, 0x0C, 0x46, 0x0C, 0x34, 0x0C, 0x1E,
    0x0C, 0x14, 0x0C, 0x06, 0x0C, 0x00, 0x0B, 0xFA, 0x0B, 0xC4, 0x0B, 0xB6, 0x0B, 0x6C, 0x0B, 0x5A,
    0x0B, 0x28, 0x0B, 0x22, 0x0B, 0x14, 0x0B, 0x0E, 0x0A, 0xE0, 0x0A, 0xDA, 0x0A, 0xD4, 0x12, 0x62,
    0x0A, 0xBA, 0x0A, 0xA8, 0x0A, 0x9E, 0x0A, 0x80, 0x0A, 0x7A, 0x0A, 0x6C, 0x0C, 0x00, 0x0A, 0x5A,
    0x0A, 0x38, 0x0A, 0x2A, 0x0A, 0x20, 0x0A, 0x1A, 0x09, 0xF8, 0x09, 0xDE, 0x09, 0xD8, 0x09, 0x7E,
    0x09, 0x74, 0x09, 0x6E, 0x09, 0x28, 0x08, 0xF2, 0x08, 0xB8, 0x08, 0x92, 0x08, 0x70, 0x08, 0x52,
    0x08, 0x34, 0x08, 0x06, 0x07, 0xCC, 0x07, 0xAA, 0x07, 0x98, 0x07, 0x6E, 0x07, 0x58, 0x07, 0x52,
    0x07, 0x44, 0x07, 0x52, 0x06, 0xEE, 0x06, 0xB8, 0x06, 0xA2, 0x06, 0x9C, 0x06, 0x96, 0x06, 0x7C,
    0x06, 0x5A, 0x06, 0x54, 0x06, 0x1E, 0x05, 0xF0, 0x05, 0xCE, 0x05, 0xB4, 0x05, 0xAA, 0x05, 0x88,
    0x05, 0x6E, 0x05, 0x50, 0x05, 0x46, 0x05, 0x3C, 0x05, 0x2A, 0x05, 0x18, 0x05, 0x0A, 0x04, 0xDC,
    0x04, 0xCA, 0x04, 0xAC, 0x04, 0x72, 0x04, 0x64, 0x04, 0x4E, 0x04, 0x3C, 0x04, 0x2A, 0x04, 0x08,
    0x03, 0xEA, 0x03, 0xD8, 0x03, 0x96, 0x00, 0x01, 0x00, 0xE2, 0x00, 0x01, 0x00, 0x02, 0x00, 0x06,
    0x00, 0x08, 0x00, 0x09, 0x00, 0x0A, 0x00, 0x0B, 0x00, 0x0C, 0x00, 0x0D, 0x00, 0x13, 0x00, 0x15,
    0x00, 0x17, 0x00, 0x18, 0x00, 0x1D, 0x00, 0x22, 0x00, 0x23, 0x00, 0x24, 0x00, 0x2A, 0x00, 0x2B,
    0x00, 0x2D, 0x00, 0x2F, 0x00, 0x30, 0x00, 0x31, 0x00, 0x32, 0x00, 0x33, 0x00, 0x35, 0x00, 0x36,
    0x00, 0x37, 0x00, 0x38, 0x00, 0x39, 0x00, 0x3A, 0x00, 0x3B, 0x00, 0x3D, 0x00, 0x3F, 0x00, 0x41,
    0x00, 0x42, 0x00, 0x43, 0x00, 0x48, 0x00, 0x50, 0x00, 0x52, 0x00, 0x53, 0x00, 0x55, 0x00, 0x56,
    0x00, 0x5A, 0x00, 0x5C, 0x00, 0x5D, 0x00, 0x60, 0x00, 0x61, 0x00, 0x62, 0x00, 0x63, 0x00, 0x64,
    0x00, 0x65, 0x00, 0x66, 0x00, 0x6A, 0x00, 0x6C, 0x00, 0x70, 0x00, 0x71, 0x00, 0x76, 0x00, 0x77,
    0x00, 0x78, 0x00, 0x7D, 0x00, 0x81, 0x00, 0x84, 0x00, 0x85, 0x00, 0x86, 0x00, 0x87, 0x00, 0x88,
    0x00, 0x89, 0x00, 0x8A, 0x00, 0x8B, 0x00, 0x90, 0x00, 0x91, 0x00, 0x92, 0x00, 0x94, 0x00, 0x95,
    0x00, 0x96, 0x00, 0x97, 0x00, 0x9A, 0x00, 0x9C, 0x00, 0x9D, 0x00, 0x9F, 0x00, 0xA1, 0x00, 0xA2,
    0x00, 0xA3, 0x00, 0xA4, 0x00, 0xA5, 0x00, 0xA8, 0x00, 0xA9, 0x00, 0xAA, 0x00, 0xAB, 0x00, 0xAC,
    0x00, 0xAD, 0x00, 0xAE, 0x00, 0xAF, 0x00, 0xB0, 0x00, 0xB1, 0x00, 0xB2, 0x00, 0xB4, 0x00, 0xB7,
    0x00, 0xB8, 0x00, 0xB9, 0x00, 0xBA, 0x00, 0xBB, 0x00, 0xBC, 0x00, 0xBD, 0x00, 0xBE, 0x00, 0xBF,
    0x00, 0xC0, 0x00, 0xC1, 0x00, 0xC2, 0x00, 0xC3, 0x00, 0xC5, 0x00, 0xC6, 0x00, 0xC7, 0x00, 0xC9,
    0x00, 0xCA, 0x00, 0xCC, 0x00, 0xCD, 0x00, 0xCE, 0x00, 0xCF, 0x00, 0xD3, 0x00, 0xD4, 0x00, 0xD5,
    0x00, 0xD8, 0x00, 0xDB, 0x00, 0xDC, 0x00, 0xDF, 0x00, 0xE1, 0x00, 0xE2, 0x00, 0xE5, 0x00, 0xE6,
    0x00, 0xE7, 0x00, 0xE8, 0x00, 0xE9, 0x00, 0xEC, 0x00, 0xED, 0x00, 0xEE, 0x00, 0xEF, 0x00, 0xF1,
    0x00, 0xF4, 0x00, 0xF5, 0x00, 0xF9, 0x00, 0xFC, 0x01, 0x02, 0x01, 0x03, 0x01, 0x04, 0x01, 0x08,
    0x01, 0x09, 0x01, 0x0B, 0x01, 0x0D, 0x01, 0x0E, 0x01, 0x10, 0x01, 0x15, 0x01, 0x17, 0x01, 0x19,
    0x01, 0x1A, 0x01, 0x1B, 0x01, 0x1E, 0x01, 0x23, 0x01, 0x25, 0x01, 0x26, 0x01, 0x27, 0x01, 0x28,
    0x01, 0x29, 0x01, 0x2B, 0x01, 0x2C, 0x01, 0x32, 0x01, 0x33, 0x01, 0x3E, 0x01, 0x3F, 0x01, 0x40,
    0x01, 0x7F, 0x01, 0x80, 0x01, 0x82, 0x01, 0x83, 0x01, 0x84, 0x01, 0x85, 0x01, 0x86, 0x01, 0x87,
    0x01, 0x89, 0x01, 0x8A, 0x01, 0x8C, 0x01, 0x8D, 0x01, 0x8F, 0x01, 0x90, 0x01, 0x91, 0x01, 0x92,
    0x01, 0x93, 0x01, 0x94, 0x01, 0x95, 0x01, 0x96, 0x01, 0x97, 0x01, 0x98, 0x01, 0x99, 0x01, 0x9A,
    0x01, 0x9B, 0x01, 0x9F, 0x01, 0xA0, 0x01, 0xA1, 0x01, 0xA4, 0x01, 0xA7, 0x01, 0xA8, 0x01, 0xB8,
    0x01, 0xB9, 0x01, 0xBA, 0x01, 0xBB, 0x01, 0xBC, 0x01, 0xBD, 0x01, 0xBE, 0x01, 0xBF, 0x01, 0xC0,
    0x01, 0xC1, 0x01, 0xC2, 0x01, 0xC3, 0x01, 0xC4, 0x01, 0xC5, 0x01, 0xC6, 0x01, 0xC8, 0x01, 0xCA,
    0x01, 0xCB, 0x01, 0xD9, 0x01, 0xDA, 0x01, 0xDD, 0x01, 0xE0, 0x01, 0xE4, 0x01, 0xE5, 0x00, 0x10,
    0x00, 0x01, 0xFF, 0xD8, 0x00, 0x02, 0xFF, 0xD8, 0x00, 0x38, 0xFF, 0xCA, 0x00, 0x5A, 0xFF, 0xF2,
    0x00, 0x61, 0xFF, 0x9D, 0x00, 0x70, 0xFF, 0xCB, 0x00, 0x71, 0xFF, 0xD1, 0x00, 0x76, 0xFF, 0xC4,
    0x00, 0x77, 0xFF, 0xB4, 0x00, 0x7D, 0xFF, 0xC8, 0x00, 0xFC, 0xFF, 0xE9, 0x01, 0x02, 0xFF, 0xD5,
    0x01, 0x09, 0xFF, 0xF2, 0x01, 0x25, 0xFF, 0xE1, 0x01, 0x27, 0x00, 0x00, 0x01, 0x2B, 0xFF, 0xE9,
    0x00, 0x04, 0x00, 0x01, 0xFF, 0xDA, 0x00, 0x09, 0xFF, 0xDA, 0x00, 0x0D, 0x00, 0x0F, 0x00, 0x48,
    0x00, 0x0F, 0x00, 0x07, 0x00, 0xB7, 0xFF, 0xF0, 0x00, 0xC3, 0xFF, 0xF0, 0x00, 0xDF, 0xFF, 0xE8,
    0x01, 0x25, 0xFF, 0xDD, 0x01, 0x26, 0xFF, 0xF2, 0x01, 0x31, 0xFF, 0xE7, 0x01, 0xA4, 0xFF, 0x96,
    0x00, 0x08, 0x00, 0x01, 0xFF, 0xD8, 0x00, 0x38, 0xFF, 0xD3, 0x00, 0x61, 0xFF, 0xCF, 0x00, 0x70,
    0xFF, 0xDC, 0x00, 0x71, 0xFF, 0xE3, 0x00, 0x76, 0xFF, 0xC3, 0x00, 0x77, 0xFF, 0xC3, 0x00, 0x7D,
    0xFF, 0xD6, 0x00, 0x04, 0x00, 0xC3, 0x00, 0x04, 0x00, 0xFD, 0xFF, 0xF3, 0x01, 0x02, 0xFF, 0xDA,
    0x01, 0x31, 0x00, 0x16, 0x00, 0x04, 0x00, 0xC3, 0xFF, 0xFE, 0x00, 0xFD, 0xFF, 0xF8, 0x01, 0x02,
    0xFF, 0xE5, 0x01, 0x25, 0xFF, 0xE4, 0x00, 0x05, 0x00, 0xDF, 0xFF, 0xC5, 0x01, 0x02, 0xFF, 0xCE,
    0x01, 0x25, 0xFF, 0xE9, 0x01, 0x27, 0xFF, 0xFE, 0x01, 0x31, 0xFF, 0xDE, 0x00, 0x03, 0x00, 0x43,
    0xFF, 0xF7, 0x00, 0xAC, 0xFF, 0xF3, 0x00, 0xCF, 0xFF, 0xF1, 0x00, 0x0E, 0x00, 0x01, 0xFF, 0xC1,
    0x00, 0x5A, 0xFF, 0xEA, 0x00, 0x8B, 0xFF, 0xC6, 0x00, 0x9D, 0xFF, 0xCF, 0x00, 0xA1, 0xFF, 0xCD,
    0x00, 0xAC, 0xFF, 0xEF, 0x00, 0xE6, 0xFF, 0xCE, 0x00, 0xED, 0xFF, 0xF0, 0x00, 0xFD, 0xFF, 0xDB,
    0x01, 0x10, 0xFF, 0xC6, 0x01, 0x1A, 0xFF, 0xCC, 0x01, 0x25, 0xFF, 0xEF, 0x01, 0x27, 0xFF, 0xF0,
    0x01, 0x31, 0xFF, 0xE3, 0x00, 0x07, 0x00, 0xC3, 0xFF, 0xEA, 0x00, 0xDF, 0xFF, 0xEC, 0x00, 0xFD,
    0xFF, 0xED, 0x01, 0x02, 0xFF, 0xD6, 0x01, 0x25, 0xFF, 0xD1, 0x01, 0x26, 0xFF, 0xEB, 0x01, 0x27,
    0xFF, 0xF1, 0x00, 0x04, 0x00, 0xFD, 0xFF, 0xEC, 0x01, 0x02, 0xFF, 0xC9, 0x01, 0x25, 0xFF, 0xE0,
    0x01, 0x27, 0xFF, 0xF4, 0x00, 0x0B, 0x00, 0xA5, 0xFF, 0xF1, 0x00, 0xB7, 0xFF, 0xE6, 0x00, 0xC3,
    0xFF, 0xE7, 0x00, 0xDF, 0xFF, 0xEA, 0x00, 0xFD, 0xFF, 0xE0, 0x01, 0x02, 0xFF, 0xB9, 0x01, 0x25,
    0xFF, 0xCA, 0x01, 0x26, 0xFF, 0xE7, 0x01, 0x27, 0xFF, 0xEB, 0x01, 0x28, 0xFF, 0xEB, 0x01, 0x31,
    0xFF, 0xF3, 0x00, 0x03, 0x00, 0x5A, 0xFF, 0xF0, 0x00, 0x70, 0xFF, 0xE1, 0x01, 0x25, 0xFF, 0xDB,
    0x00, 0x04, 0x00, 0xB7, 0xFF, 0xF6, 0x00, 0xC3, 0xFF, 0xF6, 0x01, 0x02, 0xFF, 0xE1, 0x01, 0x26,
    0xFF, 0xF6, 0x00, 0x04, 0x00, 0x01, 0xFF, 0xEE, 0x00, 0x76, 0xFF, 0xE7, 0x00, 0x77, 0xFF, 0xE7,
    0x00, 0x8B, 0xFF, 0xF5, 0x00, 0x02, 0x00, 0x01, 0xFF, 0xEE, 0x00, 0x61, 0xFF, 0x8F, 0x00, 0x02,
    0x00, 0xC3, 0x00, 0x00, 0x01, 0x25, 0xFF, 0xE8, 0x00, 0x07, 0x00, 0xB7, 0xFF, 0xF3, 0x00, 0xC3,
    0xFF, 0xF4, 0x00, 0xFD, 0xFF, 0xF4, 0x01, 0x02, 0xFF, 0xD5, 0x01, 0x25, 0xFF, 0xDE, 0x01, 0x26,
    0xFF, 0xF4, 0x01, 0x27, 0xFF, 0xFE, 0x00, 0x06, 0x00, 0x01, 0xFF, 0xCD, 0x00, 0x77, 0xFF, 0xC5,
    0x00, 0x8B, 0xFF, 0xF0, 0x00, 0x96, 0xFF, 0xF8, 0x01, 0x03, 0xFF, 0xF5, 0x01, 0x10, 0xFF, 0xF0,
    0x00, 0x08, 0x00, 0xB7, 0xFF, 0xF6, 0x00, 0xC3, 0xFF, 0xF6, 0x00, 0xDF, 0xFF, 0xF8, 0x00, 0xFD,
    0xFF, 0xF7, 0x01, 0x02, 0xFF, 0xEB, 0x01, 0x25, 0xFF, 0xE0, 0x01, 0x26, 0xFF, 0xF6, 0x01, 0x31,
    0xFF, 0xF8, 0x00, 0x02, 0x00, 0xB7, 0xFF, 0xE4, 0x01, 0x25, 0xFF, 0xCB, 0x00, 0x06, 0x00, 0xB7,
    0xFF, 0xF4, 0x00, 0xDF, 0xFF, 0xF6, 0x00, 0xFD, 0xFF, 0xF7, 0x01, 0x25, 0xFF, 0xD8, 0x01, 0x27,
    0x00, 0x00, 0x01, 0x31, 0xFF, 0xF8, 0x00, 0x08, 0x00, 0xB7, 0xFF, 0xE1, 0x00, 0xC3, 0xFF, 0xE2,
    0x00, 0xDF, 0xFF, 0xE3, 0x00, 0xFD, 0xFF, 0xE1, 0x01, 0x02, 0xFF, 0xC0, 0x01, 0x25, 0xFF, 0xCA,
    0x01, 0x26, 0xFF, 0xE2, 0x01, 0x27, 0xFF, 0xEF, 0x00, 0x0B, 0x00, 0xB7, 0xFF, 0xE4, 0x00, 0xBB,
    0xFF, 0xE6, 0x00, 0xBF, 0xFF, 0xE7, 0x00, 0xC3, 0xFF, 0xE4, 0x00, 0xDF, 0xFF, 0xE6, 0x00, 0xFD,
    0xFF, 0xE3, 0x01, 0x02, 0xFF, 0xC0, 0x01, 0x25, 0xFF, 0xCB, 0x01, 0x26, 0xFF, 0xE4, 0x01, 0x27,
    0xFF, 0xEF, 0x01, 0x31, 0xFF, 0xEE, 0x00, 0x0D, 0x00, 0x21, 0xFF, 0xE8, 0x00, 0x2B, 0xFF, 0xE8,
    0x00, 0x41, 0xFF, 0xD1, 0x00, 0xBA, 0x00, 0x1C, 0x00, 0xBB, 0x00, 0x10, 0x00, 0xBC, 0x00, 0x23,
    0x00, 0xBE, 0x00, 0x1B, 0x00, 0xBF, 0x00, 0x23, 0x00, 0xC1, 0x00, 0x1D, 0x00, 0xC6, 0x00, 0x11,
    0x00, 0xCD, 0xFF, 0xCE, 0x00, 0xE4, 0xFF, 0xF5, 0x00, 0xEC, 0xFF, 0xE3, 0x00, 0x01, 0x00, 0x41,
    0xFF, 0xEA, 0x00, 0x08, 0x01, 0x55, 0xFF, 0xC7, 0x01, 0x58, 0xFF, 0xD9, 0x01, 0x59, 0xFF, 0xA2,
    0x01, 0x5A, 0xFF, 0xDA, 0x01, 0x5B, 0xFF, 0xCE, 0x01, 0x5C, 0xFF, 0xBB, 0x01, 0x5D, 0xFF, 0xD7,
    0x01, 0x5E, 0xFF, 0xCE, 0x00, 0x06, 0x00, 0x5A, 0xFF, 0xFC, 0x00, 0x61, 0xFF, 0xC6, 0x00, 0x70,
    0xFF, 0xDE, 0x00, 0x71, 0xFF, 0xE4, 0x00, 0x76, 0xFF, 0xF2, 0x00, 0x77, 0xFF, 0xC9, 0x00, 0x01,
    0x00, 0xC3, 0x00, 0x00, 0x00, 0x01, 0x00, 0x21, 0xFF, 0xDF, 0x00, 0x05, 0x00, 0x61, 0xFF, 0x96,
    0x00, 0x70, 0xFF, 0x96, 0x00, 0xAD, 0xFF, 0xEA, 0x01, 0x32, 0xFF, 0x96, 0x01, 0x33, 0xFF, 0x96,
    0x00, 0x0D, 0x00, 0x21, 0xFF, 0xE8, 0x00, 0x2B, 0xFF, 0xF1, 0x00, 0x41, 0xFF, 0xC0, 0x00, 0x50,
    0xFF, 0xD6, 0x00, 0xB5, 0xFF, 0xEF, 0x00, 0xB9, 0xFF, 0xEE, 0x00, 0xBB, 0x00, 0x08, 0x00, 0xBE,
    0x00, 0x1F, 0x00, 0xBF, 0x00, 0x26, 0x00, 0xC1, 0x00, 0x18, 0x00, 0xCD, 0xFF, 0xBF, 0x00, 0xE4,
    0xFF, 0xF3, 0x01, 0xA4, 0xFF, 0x96, 0x00, 0x15, 0x00, 0x21, 0xFF, 0xE8, 0x00, 0x2B, 0xFF, 0xF1,
    0x00, 0x36, 0xFF, 0xF4, 0x00, 0x41, 0xFF, 0xC0, 0x00, 0x50, 0xFF, 0xD6, 0x00, 0x54, 0xFF, 0xFA,
    0x00, 0x8B, 0xFF, 0xBF, 0x00, 0x97, 0xFF, 0xB4, 0x00, 0xA1, 0xFF, 0xB4, 0x00, 0xAD, 0xFF, 0xBC,
    0x00, 0xB5, 0xFF, 0xEF, 0x00, 0xBE, 0x00, 0x1F, 0x00, 0xBF, 0x00, 0x26, 0x00, 0xCD, 0xFF, 0xBF,
    0x00, 0xD4, 0xFF, 0xB4, 0x00, 0xE4, 0xFF, 0xF3, 0x00, 0xE8, 0xFF, 0xCC, 0x00, 0xEA, 0xFF, 0xCC,
    0x01, 0x10, 0xFF, 0xBC, 0x01, 0x1A, 0xFF, 0xB4, 0x01, 0xA4, 0xFF, 0x96, 0x00, 0x03, 0x00, 0x21,
    0xFF, 0xF3, 0x00, 0x41, 0xFF, 0xCB, 0x01, 0xA4, 0xFF, 0xBE, 0x00, 0x01, 0x00, 0xCD, 0xFF, 0xF0,
    0x00, 0x05, 0x00, 0x21, 0xFF, 0xF3, 0x00, 0x41, 0xFF, 0xCB, 0x00, 0x50, 0xFF, 0xEE, 0x00, 0xBB,
    0xFF, 0xF3, 0x01, 0xA4, 0xFF, 0xBE, 0x00, 0x0A, 0x00, 0x21, 0xFF, 0xE8, 0x00, 0x2B, 0xFF, 0xF1,
    0x00, 0x41, 0xFF, 0xC0, 0x00, 0x50, 0xFF, 0xD6, 0x00, 0xB5, 0xFF, 0xEF, 0x00, 0xBB, 0x00, 0x08,
    0x00, 0xBE, 0x00, 0x1F, 0x00, 0xBF, 0x00, 0x26, 0x00, 0xC1, 0x00, 0x18, 0x00, 0xCD, 0xFF, 0xBF,
    0x00, 0x04, 0x00, 0x2B, 0xFF, 0xF1, 0x00, 0x50, 0xFF, 0xEB, 0x00, 0xB5, 0xFF, 0xEC, 0x00, 0xBF,
    0x00, 0x22, 0x00, 0x08, 0x00, 0x21, 0xFF, 0xE8, 0x00, 0x50, 0xFF, 0xD6, 0x00, 0x8B, 0xFF, 0xBF,
    0x00, 0xA1, 0xFF, 0xB4, 0x00, 0xAD, 0xFF, 0xBC, 0x00, 0xD4, 0xFF, 0xB4, 0x00, 0xE8, 0xFF, 0xCC,
    0x01, 0x1A, 0xFF, 0xB4, 0x00, 0x0E, 0x00, 0x21, 0xFF, 0xF4, 0x00, 0x2B, 0xFF, 0xF1, 0x00, 0x31,
    0xFF, 0xFA, 0x00, 0x41, 0xFF, 0xC2, 0x00, 0x50, 0xFF, 0xEB, 0x00, 0x8B, 0xFF, 0xD1, 0x00, 0xB5,
    0xFF, 0xEC, 0x00, 0xBF, 0x00, 0x22, 0x00, 0xCD, 0xFF, 0xBE, 0x00, 0xE8, 0xFF, 0xDC, 0x00, 0xEA,
    0xFF, 0xDC, 0x01, 0x10, 0xFF, 0xCC, 0x01, 0x1A, 0xFF, 0xC5, 0x01, 0xA4, 0xFF, 0x96, 0x00, 0x0B,
    0x00, 0x21, 0xFF, 0xDF, 0x00, 0x36, 0xFF, 0xF5, 0x00, 0x50, 0xFF, 0xE2, 0x00, 0x54, 0xFF, 0xF9,
    0x00, 0xBB, 0xFF, 0xF5, 0x00, 0xBF, 0xFF, 0xF5, 0x00, 0xC0, 0xFF, 0xF6, 0x00, 0xC3, 0x00, 0x12,
    0x00, 0xC6, 0x00, 0x12, 0x00, 0xCD, 0xFF, 0xBF, 0x01, 0x26, 0x00, 0x12, 0x00, 0x07, 0x00, 0x36,
    0xFF, 0xF5, 0x00, 0x50, 0xFF, 0xE2, 0x00, 0x54, 0xFF, 0xF9, 0x00, 0xC0, 0xFF, 0xF6, 0x00, 0xC3,
    0x00, 0x12, 0x00, 0xCD, 0xFF, 0xBF, 0x01, 0x26, 0x00, 0x12, 0x00, 0x07, 0x00, 0x21, 0xFF, 0xC0,
    0x00, 0x2B, 0xFF, 0xBC, 0x00, 0x31, 0x00, 0x06, 0x00, 0x35, 0x00, 0x17, 0x00, 0x41, 0xFF, 0xBB,
    0x00, 0x50, 0xFF, 0xC3, 0x01, 0xA4, 0xFF, 0xA6, 0x00, 0x08, 0x00, 0x01, 0xFF, 0xE2, 0x00, 0x38,
    0xFF, 0xD8, 0x00, 0x61, 0xFF, 0xD1, 0x00, 0x70, 0xFF, 0xE2, 0x00, 0x71, 0xFF, 0xE9, 0x00, 0x76,
    0xFF, 0xD5, 0x00, 0x77, 0xFF, 0xD2, 0x00, 0x7D, 0xFF, 0xE0, 0x00, 0x09, 0x00, 0x21, 0x00, 0x12,
    0x00, 0x38, 0xFF, 0xEB, 0x00, 0x50, 0x00, 0x11, 0x00, 0x61, 0xFF, 0xEF, 0x00, 0x63, 0xFF, 0xEF,
    0x00, 0x64, 0xFF, 0xEF, 0x00, 0x70, 0xFF, 0xED, 0x00, 0x77, 0xFF, 0xE0, 0x00, 0x78, 0xFF, 0xE0,
    0x00, 0x0E, 0x00, 0x21, 0xFF, 0xE1, 0x00, 0x2B, 0xFF, 0xD5, 0x00, 0x30, 0x00, 0x07, 0x00, 0x31,
    0x00, 0x11, 0x00, 0x32, 0x00, 0x1F, 0x00, 0x34, 0x00, 0x02, 0x00, 0x35, 0x00, 0x19, 0x00, 0x36,
    0x00, 0x00, 0x00, 0x37, 0x00, 0x19, 0x00, 0x41, 0xFF, 0xCE, 0x00, 0x50, 0xFF, 0xE0, 0x00, 0x54,
    0xFF, 0xFA, 0x00, 0x81, 0xFF, 0xE3, 0x01, 0xA4, 0xFF, 0xD1, 0x00, 0x0D, 0x00, 0x21, 0xFF, 0xD2,
    0x00, 0x2B, 0xFF, 0xEB, 0x00, 0x41, 0xFF, 0xBF, 0x00, 0x50, 0xFF, 0xCB, 0x00, 0xB8, 0xFF, 0xCB,
    0x00, 0xBF, 0x00, 0x22, 0x00, 0xC6, 0x00, 0x49, 0x00, 0xCD, 0xFF, 0xBB, 0x00, 0xE0, 0x00, 0x08,
    0x00, 0xE6, 0xFF, 0xB3, 0x00, 0xEC, 0xFF, 0xE0, 0x00, 0xFC, 0xFF, 0xBB, 0x01, 0xA4, 0xFF, 0xA6,
    0x00, 0x11, 0x00, 0x01, 0xFF, 0xEB, 0x00, 0x38, 0xFF, 0xDE, 0x00, 0x61, 0xFF, 0xCB, 0x00, 0x70,
    0xFF, 0xD5, 0x00, 0x71, 0xFF, 0xDB, 0x00, 0x76, 0xFF, 0xD5, 0x00, 0x77, 0xFF, 0xC2, 0x00, 0x7D,
    0xFF, 0xE3, 0x00, 0xAD, 0x00, 0x0C, 0x00, 0xC3, 0x00, 0x14, 0x00, 0xED, 0xFF, 0xF3, 0x00, 0xFD,
    0xFF, 0xF3, 0x01, 0x02, 0xFF, 0xDB, 0x01, 0x09, 0xFF, 0xEA, 0x01, 0x25, 0xFF, 0xE6, 0x01, 0x26,
    0x00, 0x14, 0x01, 0x27, 0xFF, 0xF4, 0x00, 0x01, 0x00, 0xFC, 0xFF, 0xC8, 0x00, 0x02, 0x00, 0x21,
    0x00, 0x0F, 0x00, 0x50, 0x00, 0x0F, 0x00, 0x16, 0x00, 0x21, 0xFF, 0xEA, 0x00, 0x2B, 0xFF, 0xDD,
    0x00, 0x36, 0x00, 0x00, 0x00, 0x41, 0xFF, 0xD2, 0x00, 0x50, 0xFF, 0xE4, 0x00, 0xB5, 0xFF, 0xF3,
    0x00, 0xB8, 0xFF, 0xE5, 0x00, 0xB9, 0xFF, 0xEF, 0x00, 0xBB, 0x00, 0x0E, 0x00, 0xBC, 0x00, 0x31,
    0x00, 0xBE, 0x00, 0x20, 0x00, 0xBF, 0x00, 0x32, 0x00, 0xC0, 0x00, 0x03, 0x00, 0xC1, 0x00, 0x26,
    0x00, 0xC6, 0x00, 0x4B, 0x00, 0xCD, 0xFF, 0xD0, 0x00, 0xE4, 0xFF, 0xFE, 0x00, 0xE5, 0x00, 0x00,
    0x00, 0xEC, 0xFF, 0xE5, 0x00, 0xFC, 0xFF, 0xE4, 0x01, 0x0D, 0xFF, 0xEE, 0x01, 0xA4, 0xFF, 0xCF,
    0x00, 0x01, 0x00, 0xFC, 0xFF, 0x70, 0x00, 0x06, 0x00, 0x21, 0xFF, 0xF0, 0x00, 0x41, 0xFF, 0xE4,
    0x00, 0x50, 0xFF, 0xF0, 0x00, 0x54, 0xFF, 0xE8, 0x00, 0xBB, 0xFF, 0xE3, 0x00, 0xBE, 0xFF, 0xE3,
    0x00, 0x08, 0x00, 0x2B, 0xFF, 0xE4, 0x00, 0x36, 0x00, 0x00, 0x00, 0x41, 0xFF, 0xFB, 0x00, 0x54,
    0x00, 0x0A, 0x00, 0xAB, 0x00, 0x18, 0x00, 0xB5, 0xFF, 0xD1, 0x00, 0xC6, 0x00, 0x00, 0x00, 0xCD,
    0xFF, 0xFC, 0x00, 0x01, 0x01, 0xA4, 0xFF, 0xA1, 0x00, 0x02, 0x00, 0xBB, 0x00, 0x17, 0x01, 0xA4,
    0xFF, 0xE4, 0x00, 0x03, 0x01, 0x32, 0xFF, 0xA1, 0x01, 0x33, 0xFF, 0x9C, 0x01, 0xA4, 0xFF, 0xB3,
    0x00, 0x08, 0x01, 0x7F, 0xFF, 0xE1, 0x01, 0x84, 0xFF, 0xEB, 0x01, 0x8A, 0xFF, 0xDB, 0x01, 0x92,
    0xFF, 0xF4, 0x01, 0x99, 0xFF, 0xF4, 0x01, 0x9B, 0xFF, 0x96, 0x01, 0x9C, 0xFF, 0x96, 0x01, 0xA8,
    0xFF, 0xA8, 0x00, 0x04, 0x01, 0x84, 0xFF, 0xF3, 0x01, 0x8A, 0xFF, 0xEA, 0x01, 0x9B, 0xFF, 0x96,
    0x01, 0x9C, 0xFF, 0x96, 0x00, 0x03, 0x01, 0x10, 0xFF, 0xE7, 0x01, 0xC1, 0xFF, 0xE9, 0x01, 0xE5,
    0xFF, 0xE5, 0x00, 0x01, 0x01, 0x84, 0x00, 0x0D, 0x00, 0x07, 0x01, 0x84, 0x00, 0x15, 0x01, 0x88,
    0x00, 0x0C, 0x01, 0x91, 0x00, 0x0B, 0x01, 0x92, 0x00, 0x0D, 0x01, 0x93, 0x00, 0x0B, 0x01, 0x99,
    0x00, 0x0D, 0x01, 0x9A, 0x00, 0x0D, 0x00, 0x02, 0x01, 0x32, 0xFF, 0xE8, 0x01, 0xC2, 0xFF, 0xF1,
    0x00, 0x04, 0x00, 0x35, 0x00, 0x0C, 0x00, 0xC0, 0x00, 0x00, 0x00, 0xC6, 0x00, 0x13, 0x01, 0x26,
    0x00, 0x12, 0x00, 0x06, 0x00, 0xAD, 0xFF, 0xFD, 0x00, 0xE1, 0xFF, 0xFD, 0x01, 0x0D, 0xFF, 0xD6,
    0x01, 0x33, 0xFF, 0xEF, 0x01, 0x82, 0xFF, 0xAB, 0x01, 0x88, 0xFF, 0xF2, 0x00, 0x01, 0x00, 0x61,
    0xFF, 0xBE, 0x00, 0x01, 0x00, 0x61, 0xFF, 0xB8, 0x00, 0x0B, 0x00, 0x81, 0xFF, 0xD4, 0x00, 0x96,
    0x00, 0x02, 0x00, 0xB4, 0x00, 0x02, 0x00, 0xC7, 0x00, 0x02, 0x00, 0xC9, 0x00, 0x02, 0x01, 0x0D,
    0xFF, 0xC8, 0x01, 0x3F, 0xFF, 0xEE, 0x01, 0x88, 0xFF, 0xAE, 0x01, 0x91, 0xFF, 0xCA, 0x01, 0x92,
    0xFF, 0xBD, 0x01, 0x99, 0xFF, 0xBD, 0x00, 0x01, 0x00, 0xD4, 0xFF, 0xFD, 0x00, 0x03, 0x01, 0x26,
    0x00, 0x05, 0x01, 0x84, 0x00, 0x00, 0x01, 0x91, 0xFF, 0xC9, 0x00, 0x01, 0x00, 0x61, 0xFF, 0xA0,
    0x00, 0x0C, 0x00, 0x61, 0xFF, 0x9F, 0x00, 0x81, 0xFF, 0xCC, 0x00, 0x97, 0xFF, 0xFD, 0x01, 0x0D,
    0xFF, 0xC3, 0x01, 0x32, 0xFF, 0xD7, 0x01, 0x33, 0xFF, 0xDA, 0x01, 0x3E, 0x00, 0x00, 0x01, 0x3F,
    0xFF, 0xF2, 0x01, 0x88, 0xFF, 0xAC, 0x01, 0x91, 0xFF, 0xC9, 0x01, 0x92, 0xFF, 0xBA, 0x01, 0x99,
    0xFF, 0xBA, 0x00, 0x04, 0x00, 0xBD, 0x00, 0x00, 0x00, 0xC3, 0x00, 0x17, 0x01, 0x0E, 0x00, 0x0A,
    0x01, 0x26, 0x00, 0x17, 0x00, 0x12, 0x00, 0x81, 0xFF, 0xED, 0x00, 0x8B, 0xFF, 0xCC, 0x00, 0xA1,
    0xFF, 0xC4, 0x00, 0xB7, 0xFF, 0xDD, 0x00, 0xBD, 0xFF, 0xDA, 0x00, 0xC9, 0xFF, 0xE5, 0x00, 0xD4,
    0xFF, 0xC4, 0x00, 0xF1, 0xFF, 0xDA, 0x00, 0xFD, 0xFF, 0xE7, 0x01, 0x03, 0xFF, 0xE7, 0x01, 0x10,
    0xFF, 0xCA, 0x01, 0x1A, 0xFF, 0xC4, 0x01, 0x25, 0xFF, 0xCC, 0x01, 0x2B, 0xFF, 0xE7, 0x01, 0x7F,
    0xFF, 0xDB, 0x01, 0x84, 0xFF, 0xEE, 0x01, 0x9B, 0xFF, 0x96, 0x01, 0x9C, 0xFF, 0x96, 0x00, 0x03,
    0x00, 0x61, 0xFF, 0xF8, 0x00, 0xB9, 0x00, 0x05, 0x00, 0xC0, 0x00, 0x05, 0x00, 0x0D, 0x00, 0x96,
    0x00, 0x05, 0x00, 0xB4, 0x00, 0x05, 0x00, 0xB9, 0x00, 0x05, 0x00, 0xBD, 0x00, 0x05, 0x00, 0xBF,
    0x00, 0x05, 0x00, 0xC0, 0x00, 0x05, 0x00, 0xC1, 0x00, 0x06, 0x00, 0xC7, 0x00, 0x05, 0x00, 0xC9,
    0x00, 0x05, 0x01, 0x87, 0x00, 0x01, 0x01, 0xA0, 0x00, 0x00, 0x01, 0xC1, 0xFF, 0xF7, 0x01, 0xC2,
    0xFF, 0xF6, 0x00, 0x01, 0x01, 0x88, 0xFF, 0xDB, 0x00, 0x01, 0x00, 0xA0, 0xFF, 0xE4, 0x00, 0x03,
    0x00, 0xA0, 0xFF, 0xE4, 0x00, 0xC9, 0xFF, 0xFA, 0x01, 0xC1, 0xFF, 0xE9, 0x00, 0x02, 0x01, 0xC1,
    0xFF, 0xE0, 0x01, 0xE5, 0xFF, 0xE3, 0x00, 0x05, 0x00, 0x95, 0xFF, 0xE7, 0x00, 0xA0, 0xFF, 0xE4,
    0x01, 0x10, 0xFF, 0xE7, 0x01, 0xC1, 0xFF, 0xE9, 0x01, 0xE5, 0xFF, 0xE5, 0x00, 0x04, 0x00, 0xC3,
    0x00, 0x18, 0x01, 0x26, 0x00, 0x18, 0x01, 0x84, 0x00, 0x00, 0x01, 0x88, 0xFF, 0xFA, 0x00, 0x03,
    0x00, 0x61, 0xFF, 0xE9, 0x00, 0xAE, 0x00, 0x07, 0x00, 0xED, 0x00, 0x04, 0x00, 0x01, 0x00, 0xED,
    0x00, 0x04, 0x00, 0x04, 0x00, 0x81, 0xFF, 0xE6, 0x00, 0xF1, 0x00, 0x02, 0x01, 0x0D, 0xFF, 0xD8,
    0x01, 0x82, 0xFF, 0xAD, 0x00, 0x03, 0x01, 0x84, 0x00, 0x2C, 0x01, 0x88, 0x00, 0x15, 0x01, 0x9C,
    0x00, 0x00, 0x00, 0x31, 0x00, 0x8B, 0xFF, 0xF4, 0x00, 0x8C, 0xFF, 0xF5, 0x00, 0x96, 0x00, 0x37,
    0x00, 0x97, 0xFF, 0xF3, 0x00, 0x99, 0xFF, 0xF5, 0x00, 0x9D, 0xFF, 0xF8, 0x00, 0x9E, 0xFF, 0xF8,
    0x00, 0xA1, 0xFF, 0xF3, 0x00, 0xA2, 0xFF, 0xF3, 0x00, 0xA3, 0xFF, 0xF5, 0x00, 0xA6, 0xFF, 0xF3,
    0x00, 0xAC, 0x00, 0x22, 0x00, 0xB4, 0x00, 0x37, 0x00, 0xB7, 0x00, 0x2A, 0x00, 0xB9, 0x00, 0x23,
    0x00, 0xBD, 0x00, 0x29, 0x00, 0xC3, 0x00, 0x2F, 0x00, 0xC7, 0x00, 0x37, 0x00, 0xC9, 0x00, 0x37,
    0x00, 0xCE, 0x00, 0x13, 0x00, 0xCF, 0x00, 0x13, 0x00, 0xD4, 0xFF, 0xF3, 0x00, 0xDF, 0x00, 0x12,
    0x00, 0xE2, 0x00, 0x13, 0x00, 0xE6, 0x00, 0x00, 0x00, 0xE8, 0x00, 0x04, 0x00, 0xED, 0x00, 0x20,
    0x00, 0xF1, 0x00, 0x11, 0x00, 0xF5, 0x00, 0x18, 0x00, 0xFA, 0x00, 0x11, 0x01, 0x09, 0x00, 0x1A,
    0x01, 0x31, 0x00, 0x12, 0x01, 0x7F, 0xFF, 0xF1, 0x01, 0x80, 0xFF, 0xC7, 0x01, 0x83, 0x00, 0x22,
    0x01, 0x84, 0x00, 0x4E, 0x01, 0x88, 0x00, 0x43, 0x01, 0x91, 0x00, 0x51, 0x01, 0x92, 0x00, 0x51,
    0x01, 0x93, 0x00, 0x51, 0x01, 0x95, 0xFF, 0xCD, 0x01, 0x97, 0xFF, 0xCD, 0x01, 0x99, 0x00, 0x51,
    0x01, 0x9A, 0x00, 0x51, 0x01, 0x9B, 0xFF, 0xF6, 0x01, 0x9C, 0xFF, 0xF6, 0x01, 0xA0, 0x00, 0x43,
    0x01, 0xA2, 0x00, 0x2B, 0x01, 0xE3, 0x00, 0x46, 0x00, 0x03, 0x01, 0x32, 0xFF, 0xE9, 0x01, 0x33,
    0xFF, 0xED, 0x01, 0xC2, 0xFF, 0xF2, 0x00, 0x23, 0x00, 0x01, 0xFF, 0xE7, 0x00, 0x38, 0xFF, 0xEA,
    0x00, 0x8B, 0xFF, 0xF0, 0x00, 0xA1, 0xFF, 0xFB, 0x00, 0xAC, 0xFF, 0xF8, 0x00, 0xAD, 0xFF, 0xFC,
    0x00, 0xB7, 0xFF, 0xFA, 0x00, 0xC3, 0xFF, 0xFB, 0x00, 0xE6, 0x00, 0x00, 0x00, 0xED, 0xFF, 0xF7,
    0x00, 0xFC, 0xFF, 0xE6, 0x00, 0xFD, 0xFF, 0xEF, 0x01, 0x03, 0xFF, 0xE6, 0x01, 0x09, 0xFF, 0xF5,
    0x01, 0x10, 0xFF, 0xF0, 0x01, 0x1A, 0xFF, 0xFA, 0x01, 0x25, 0xFF, 0xDD, 0x01, 0x26, 0xFF, 0xFB,
    0x01, 0x27, 0xFF, 0xF7, 0x01, 0x2B, 0xFF, 0xE6, 0x01, 0x31, 0x00, 0x00, 0x01, 0x80, 0xFF, 0xE6,
    0x01, 0x84, 0xFF, 0xDA, 0x01, 0x88, 0xFF, 0xD1, 0x01, 0x91, 0xFF, 0xDB, 0x01, 0x92, 0xFF, 0xD3,
    0x01, 0x93, 0xFF, 0xDB, 0x01, 0x94, 0xFF, 0xD4, 0x01, 0x96, 0xFF, 0xDE, 0x01, 0x98, 0xFF, 0xDE,
    0x01, 0x99, 0xFF, 0xD3, 0x01, 0x9A, 0xFF, 0xD4, 0x01, 0x9D, 0xFF, 0xF0, 0x01, 0xA2, 0xFF, 0xDD,
    0x01, 0xA8, 0xFF, 0xE8, 0x00, 0x02, 0x00, 0xAB, 0x00, 0x0B, 0x00, 0xC3, 0x00, 0x10, 0x00, 0x04,
    0x00, 0x61, 0xFF, 0xBF, 0x00, 0xC0, 0x00, 0x09, 0x01, 0x92, 0xFF, 0xCA, 0x01, 0x99, 0xFF, 0xCA,
    0x00, 0x02, 0x01, 0x92, 0xFF, 0xC9, 0x01, 0x99, 0xFF, 0xC9, 0x00, 0x08, 0x00, 0xAB, 0x00, 0x0B,
    0x00, 0xBA, 0x00, 0x09, 0x00, 0xBF, 0x00, 0x09, 0x00, 0xC0, 0x00, 0x09, 0x00, 0xC1, 0x00, 0x09,
    0x00, 0xF1, 0x00, 0x00, 0x01, 0x88, 0xFF, 0xB4, 0x01, 0x91, 0xFF, 0xD7, 0x00, 0x01, 0x00, 0xE5,
    0x00, 0x00, 0x00, 0x09, 0x00, 0xA0, 0xFF, 0xE0, 0x00, 0xAB, 0xFF, 0xF0, 0x00, 0xB8, 0xFF, 0xFC,
    0x00, 0xB9, 0x00, 0x00, 0x00, 0xC1, 0x00, 0x05, 0x00, 0xF1, 0x00, 0x00, 0x01, 0x87, 0x00, 0x02,
    0x01, 0x9C, 0xFF, 0x96, 0x01, 0xE5, 0xFF, 0xE4, 0x00, 0x04, 0x00, 0xAD, 0x00, 0x05, 0x00, 0xC3,
    0x00, 0x17, 0x00, 0xE1, 0x00, 0x05, 0x01, 0x26, 0x00, 0x17, 0x00, 0x04, 0x00, 0xB7, 0xFF, 0xFD,
    0x00, 0xC0, 0x00, 0x05, 0x00, 0xDF, 0x00, 0x05, 0x01, 0x3F, 0xFF, 0xEE, 0x00, 0x08, 0x00, 0xAC,
    0x00, 0x00, 0x00, 0xED, 0x00, 0x00, 0x00, 0xFC, 0xFF, 0xEE, 0x00, 0xFD, 0xFF, 0xF3, 0x01, 0x03,
    0xFF, 0xEE, 0x01, 0x27, 0x00, 0x00, 0x01, 0x2B, 0xFF, 0xEE, 0x01, 0xE3, 0xFF, 0xEB, 0x00, 0x01,
    0x00, 0x61, 0xFF, 0xB5, 0x00, 0x02, 0x00, 0x61, 0xFF, 0xB9, 0x01, 0x3F, 0xFF, 0xEA, 0x00, 0x01,
    0x01, 0x3F, 0xFF, 0xEA, 0x00, 0x07, 0x00, 0x81, 0xFF, 0xD1, 0x01, 0x0D, 0xFF, 0xC4, 0x01, 0x33,
    0xFF, 0xD8, 0x01, 0x3F, 0xFF, 0xE7, 0x01, 0x91, 0xFF, 0xC5, 0x01, 0x92, 0xFF, 0xB9, 0x01, 0x99,
    0xFF, 0xB9, 0x00, 0x03, 0x01, 0x88, 0xFF, 0xC9, 0x01, 0x92, 0xFF, 0xCE, 0x01, 0x99, 0xFF, 0xCE,
    0x00, 0x05, 0x00, 0xC0, 0x00, 0x00, 0x00, 0xDC, 0x00, 0x02, 0x01, 0x32, 0xFF, 0xE3, 0x01, 0x33,
    0xFF, 0xE4, 0x01, 0xE0, 0xFF, 0xCB, 0x00, 0x0A, 0x00, 0x9D, 0x00, 0x02, 0x00, 0xC0, 0x00, 0x00,
    0x00, 0xDC, 0x00, 0x02, 0x00, 0xFC, 0xFF, 0xEC, 0x01, 0x03, 0xFF, 0xEC, 0x01, 0x04, 0xFF, 0xEC,
    0x01, 0x08, 0xFF, 0xEC, 0x01, 0x2B, 0xFF, 0xEC, 0x01, 0x32, 0xFF, 0xE4, 0x01, 0x3F, 0xFF, 0xF5,
    0x00, 0x01, 0x00, 0xC0, 0xFF, 0xF5, 0x00, 0x04, 0x00, 0xC3, 0x00, 0x17, 0x00, 0xCC, 0x00, 0x0A,
    0x00, 0xDF, 0x00, 0x05, 0x01, 0x26, 0x00, 0x17, 0x00, 0x01, 0x00, 0xED, 0x00, 0x09, 0x00, 0x08,
    0x00, 0xAB, 0x00, 0x02, 0x00, 0xBA, 0x00, 0x09, 0x00, 0xBD, 0x00, 0x00, 0x00, 0xC0, 0x00, 0x00,
    0x00, 0xC1, 0x00, 0x08, 0x00, 0xC6, 0x00, 0x05, 0x00, 0xF1, 0x00, 0x00, 0x01, 0x33, 0xFF, 0xF3,
    0x00, 0x07, 0x00, 0x21, 0xFF, 0xEB, 0x00, 0x50, 0xFF, 0xE5, 0x00, 0xDC, 0xFF, 0xDB, 0x01, 0xAF,
    0xFF, 0xEE, 0x01, 0xC0, 0xFF, 0xF0, 0x01, 0xC1, 0xFF, 0xDF, 0x01, 0xE5, 0xFF, 0xDD, 0x00, 0x02,
    0x00, 0xC3, 0x00, 0x16, 0x00, 0xC6, 0x00, 0x17, 0x00, 0x08, 0x00, 0x31, 0x00, 0x21, 0x00, 0xB9,
    0x00, 0x00, 0x00, 0xBA, 0x00, 0x1A, 0x00, 0xC0, 0x00, 0x0B, 0x00, 0xC1, 0x00, 0x14, 0x00, 0xC3,
    0x00, 0x16, 0x00, 0xC6, 0x00, 0x16, 0x01, 0x84, 0x00, 0x16, 0x00, 0x02, 0x00, 0xC0, 0x00, 0x00,
    0x00, 0xC6, 0x00, 0x12, 0x00, 0x01, 0x01, 0x26, 0x00, 0x11, 0x00, 0x1E, 0x00, 0x43, 0x00, 0x3B,
    0x00, 0x8B, 0x00, 0x05, 0x00, 0x96, 0x00, 0x1A, 0x00, 0xAC, 0x00, 0x0D, 0x00, 0xB4, 0x00, 0x1A,
    0x00, 0xB7, 0x00, 0x15, 0x00, 0xB9, 0x00, 0x08, 0x00, 0xBB, 0x00, 0x1A, 0x00, 0xBC, 0x00, 0x1B,
    0x00, 0xBD, 0x00, 0x1A, 0x00, 0xBE, 0x00, 0x1A, 0x00, 0xC1, 0x00, 0x1B, 0x00, 0xC3, 0x00, 0x17,
    0x00, 0xC7, 0x00, 0x1A, 0x00, 0xC9, 0x00, 0x1A, 0x00, 0xE6, 0x00, 0x09, 0x00, 0xED, 0x00, 0x0C,
    0x01, 0x26, 0x00, 0x17, 0x01, 0x27, 0x00, 0x0C, 0x01, 0x81, 0xFF, 0xE3, 0x01, 0x84, 0x00, 0x3A,
    0x01, 0x88, 0x00, 0x32, 0x01, 0x92, 0x00, 0x3F, 0x01, 0x94, 0x00, 0x3F, 0x01, 0x99, 0x00, 0x3F,
    0x01, 0x9A, 0x00, 0x3F, 0x01, 0x9B, 0xFF, 0xF5, 0x01, 0x9C, 0xFF, 0xF5, 0x01, 0xA0, 0x00, 0x39,
    0x01, 0xE3, 0x00, 0x22, 0x00, 0x08, 0x00, 0x96, 0x00, 0x00, 0x00, 0xB4, 0x00, 0x00, 0x00, 0xC0,
    0x00, 0x04, 0x00, 0xC3, 0x00, 0x16, 0x00, 0xC7, 0x00, 0x00, 0x00, 0xC9, 0x00, 0x00, 0x01, 0x26,
    0x00, 0x16, 0x01, 0x88, 0xFF, 0xFD, 0x00, 0x2E, 0x00, 0x2D, 0x00, 0x26, 0x00, 0x43, 0x00, 0x26,
    0x00, 0x53, 0x00, 0x26, 0x00, 0x5A, 0x00, 0x14, 0x00, 0x61, 0x00, 0x2E, 0x00, 0x70, 0x00, 0x2E,
    0x00, 0x88, 0x00, 0x14, 0x00, 0x96, 0x00, 0x0F, 0x00, 0x9D, 0x00, 0x05, 0x00, 0xAC, 0x00, 0x0A,
    0x00, 0xB4, 0x00, 0x0F, 0x00, 0xB7, 0x00, 0x0F, 0x00, 0xB9, 0x00, 0x08, 0x00, 0xBA, 0x00, 0x1A,
    0x00, 0xBD, 0x00, 0x0C, 0x00, 0xBF, 0x00, 0x1B, 0x00, 0xC3, 0x00, 0x10, 0x00, 0xC7, 0x00, 0x0F,
    0x00, 0xC8, 0x00, 0x0F, 0x00, 0xC9, 0x00, 0x0F, 0x00, 0xCA, 0x00, 0x0F, 0x00, 0xCB, 0x00, 0x0F,
    0x00, 0xCC, 0x00, 0x0F, 0x00, 0xE0, 0x00, 0x0F, 0x00, 0xE6, 0x00, 0x09, 0x00, 0xE8, 0x00, 0x0E,
    0x00, 0xED, 0x00, 0x0A, 0x01, 0x09, 0x00, 0x00, 0x01, 0x0E, 0x00, 0x0F, 0x01, 0x26, 0x00, 0x16,
    0x01, 0x27, 0x00, 0x0B, 0x01, 0x80, 0xFF, 0xE3, 0x01, 0x81, 0xFF, 0xE3, 0x01, 0x83, 0x00, 0x10,
    0x01, 0x84, 0x00, 0x33, 0x01, 0x88, 0x00, 0x23, 0x01, 0x91, 0x00, 0x24, 0x01, 0x92, 0x00, 0x26,
    0x01, 0x93, 0x00, 0x24, 0x01, 0x94, 0x00, 0x26, 0x01, 0x99, 0x00, 0x26, 0x01, 0x9A, 0x00, 0x26,
    0x01, 0x9B, 0xFF, 0xF5, 0x01, 0x9C, 0xFF, 0xF5, 0x01, 0xA0, 0x00, 0x26, 0x01, 0xE3, 0x00, 0x1A,
    0x00, 0x05, 0x01, 0x84, 0xFF, 0xE7, 0x01, 0x88, 0xFF, 0xD8, 0x01, 0x92, 0xFF, 0xE5, 0x01, 0x99,
    0xFF, 0xE5, 0x01, 0x9A, 0xFF, 0xE5, 0x00, 0x0A, 0x00, 0x96, 0x00, 0x00, 0x00, 0xB4, 0x00, 0x00,
    0x00, 0xB6, 0x00, 0x00, 0x00, 0xBD, 0x00, 0x00, 0x00, 0xC7, 0x00, 0x00, 0x00, 0xC8, 0x00, 0x00,
    0x00, 0xC9, 0x00, 0x00, 0x00, 0xED, 0x00, 0x09, 0x01, 0x0D, 0xFF, 0xDB, 0x01, 0x0E, 0x00, 0x00,
    0x00, 0x0C, 0x00, 0x32, 0x00, 0x42, 0x00, 0xB7, 0x00, 0x09, 0x00, 0xBB, 0x00, 0x1A, 0x01, 0x84,
    0x00, 0x31, 0x01, 0x91, 0x00, 0x21, 0x01, 0x92, 0x00, 0x22, 0x01, 0x93, 0x00, 0x21, 0x01, 0x94,
    0x00, 0x22, 0x01, 0x99, 0x00, 0x22, 0x01, 0x9A, 0x00, 0x22, 0x01, 0xA0, 0x00, 0x27, 0x01, 0xE3,
    0x00, 0x1E, 0x00, 0x02, 0x00, 0xBB, 0x00, 0x09, 0x01, 0x26, 0x00, 0x05, 0x00, 0x01, 0x00, 0x61,
    0x00, 0x16, 0x00, 0x05, 0x00, 0xC1, 0x00, 0x11, 0x00, 0xC5, 0x00, 0x00, 0x00, 0xE4, 0x00, 0x04,
    0x01, 0x26, 0x00, 0x05, 0x01, 0x88, 0xFF, 0xFE, 0x00, 0x03, 0x01, 0x82, 0xFF, 0xAC, 0x01, 0x84,
    0xFF, 0xE5, 0x01, 0x88, 0xFF, 0xCB, 0x00, 0x0B, 0x00, 0x81, 0xFF, 0xF4, 0x00, 0x8B, 0x00, 0x00,
    0x00, 0xAD, 0xFF, 0xFD, 0x00, 0xC3, 0x00, 0x00, 0x00, 0xE1, 0xFF, 0xFD, 0x00, 0xEC, 0xFF, 0xFE,
    0x00, 0xED, 0x00, 0x04, 0x01, 0x0D, 0xFF, 0xDD, 0x01, 0x33, 0xFF, 0xF0, 0x01, 0x82, 0xFF, 0xAB,
    0x01, 0x88, 0xFF, 0xF8, 0x00, 0x02, 0x00, 0xC0, 0x00, 0x00, 0x00, 0xDC, 0x00, 0x02, 0x00, 0x05,
    0x00, 0xAD, 0x00, 0x07, 0x00, 0xB2, 0x00, 0x07, 0x00, 0xC3, 0x00, 0x17, 0x01, 0x26, 0x00, 0x17,
    0x01, 0x88, 0xFF, 0xE7, 0x00, 0x02, 0x00, 0xAF, 0x00, 0x07, 0x01, 0x88, 0xFF, 0xE7, 0x00, 0x03,
    0x00, 0xC3, 0x00, 0x17, 0x01, 0x26, 0x00, 0x17, 0x01, 0x88, 0xFF, 0xE7, 0x00, 0x09, 0x00, 0xAD,
    0x00, 0x07, 0x00, 0xC0, 0x00, 0x00, 0x00, 0xC3, 0x00, 0x17, 0x00, 0xC6, 0x00, 0x17, 0x00, 0xE1,
    0x00, 0x07, 0x01, 0x26, 0x00, 0x17, 0x01, 0x84, 0xFF, 0xED, 0x01, 0x86, 0xFF, 0xE7, 0x01, 0x88,
    0xFF, 0xE7, 0x00, 0x06, 0x00, 0xA0, 0xFF, 0xE1, 0x00, 0xB7, 0x00, 0x00, 0x00, 0xB9, 0xFF, 0xFD,
    0x01, 0x32, 0xFF, 0xF3, 0x01, 0x33, 0xFF, 0xF6, 0x01, 0x9C, 0xFF, 0xB8, 0x00, 0x03, 0x01, 0x91,
    0xFF, 0xC6, 0x01, 0x92, 0xFF, 0xB9, 0x01, 0x99, 0xFF, 0xB9, 0x00, 0x01, 0x00, 0x61, 0xFF, 0xC6,
    0x00, 0x02, 0x00, 0xDF, 0x00, 0x06, 0x01, 0x92, 0xFF, 0xBD, 0x00, 0x03, 0x01, 0x91, 0xFF, 0xCD,
    0x01, 0x92, 0xFF, 0xC4, 0x01, 0x99, 0xFF, 0xC4, 0x00, 0x02, 0x00, 0x61, 0xFF, 0xBE, 0x01, 0x91,
    0xFF, 0xCE, 0x00, 0x01, 0x00, 0x61, 0xFF, 0xB7, 0x00, 0x01, 0x00, 0xE4, 0x00, 0x08, 0x00, 0x02,
    0x00, 0x61, 0xFF, 0xB8, 0x00, 0xE4, 0x00, 0x08, 0x00, 0x12, 0x00, 0x65, 0xFF, 0xFC, 0x00, 0x81,
    0xFF, 0xD4, 0x00, 0x96, 0x00, 0x02, 0x00, 0xB4, 0x00, 0x02, 0x00, 0xB6, 0x00, 0x02, 0x00, 0xB7,
    0xFF, 0xFE, 0x00, 0xB9, 0x00, 0x02, 0x00, 0xBD, 0x00, 0x02, 0x00, 0xC0, 0x00, 0x04, 0x00, 0xC7,
    0x00, 0x02, 0x00, 0xC9, 0x00, 0x02, 0x00, 0xCB, 0x00, 0x02, 0x01, 0x0D, 0xFF, 0xC8, 0x01, 0x7F,
    0x00, 0x02, 0x01, 0x88, 0xFF, 0xAE, 0x01, 0x91, 0xFF, 0xCA, 0x01, 0x92, 0xFF, 0xBD, 0x01, 0x99,
    0xFF, 0xBD, 0x00, 0x02, 0x00, 0xB9, 0xFF, 0xD4, 0x00, 0xC1, 0xFF, 0xFC, 0x00, 0x07, 0x00, 0xAB,
    0x00, 0x02, 0x00, 0xBA, 0x00, 0x09, 0x00, 0xBD, 0x00, 0x00, 0x00, 0xC0, 0x00, 0x00, 0x00, 0xC1,
    0x00, 0x08, 0x00, 0xC6, 0x00, 0x05, 0x00, 0xF1, 0x00, 0x00, 0x00, 0x01, 0x01, 0x88, 0xFF, 0xC4,
    0x00, 0x01, 0x01, 0x3F, 0xFF, 0xEF, 0x00, 0x04, 0x00, 0xBB, 0x00, 0x05, 0x00, 0xC0, 0x00, 0x05,
    0x00, 0xE4, 0x00, 0x07, 0x01, 0x3F, 0xFF, 0xEE, 0x00, 0x03, 0x00, 0x96, 0x00, 0x02, 0x00, 0xC7,
    0x00, 0x02, 0x00, 0xC9, 0x00, 0x02, 0x00, 0x02, 0x01, 0x94, 0xFF, 0xCE, 0x01, 0x9A, 0xFF, 0xCE,
    0x00, 0x06, 0x00, 0xAD, 0x00, 0x02, 0x00, 0xC3, 0x00, 0x06, 0x01, 0x84, 0x00, 0x00, 0x01, 0x91,
    0xFF, 0xC9, 0x01, 0x92, 0xFF, 0xBA, 0x01, 0x99, 0xFF, 0xBA, 0x00, 0x03, 0x01, 0x93, 0xFF, 0xCB,
    0x01, 0x94, 0xFF, 0xC4, 0x01, 0x9A, 0xFF, 0xC4, 0x00, 0x02, 0x00, 0x61, 0xFF, 0xA6, 0x01, 0x99,
    0xFF, 0xBA, 0x00, 0x0A, 0x00, 0x61, 0xFF, 0x9F, 0x00, 0x81, 0xFF, 0xCC, 0x00, 0xC6, 0x00, 0x00,
    0x01, 0x0D, 0xFF, 0xC3, 0x01, 0x32, 0xFF, 0xD8, 0x01, 0x33, 0xFF, 0xDA, 0x01, 0x88, 0xFF, 0xAF,
    0x01, 0x91, 0xFF, 0xC9, 0x01, 0x92, 0xFF, 0xBA, 0x01, 0x99, 0xFF, 0xBA, 0x00, 0x02, 0x01, 0x8C,
    0xFF, 0xDF, 0x01, 0xE5, 0xFF, 0xEC, 0x00, 0x03, 0x00, 0xAD, 0x00, 0x0D, 0x00, 0xAE, 0x00, 0x0D,
    0x01, 0x8C, 0xFF, 0xC8, 0x00, 0x02, 0x01, 0x8C, 0xFF, 0xBE, 0x01, 0xE5, 0xFF, 0xE4, 0x00, 0x08,
    0x00, 0x21, 0xFF, 0xE9, 0x00, 0x36, 0xFF, 0xF2, 0x00, 0x50, 0xFF, 0xE5, 0x01, 0x33, 0xFF, 0xF0,
    0x01, 0x3F, 0xFF, 0xEB, 0x01, 0x8C, 0xFF, 0xE7, 0x01, 0xAF, 0xFF, 0xE9, 0x01, 0xE5, 0xFF, 0xD2,
    0x00, 0x08, 0x00, 0x50, 0xFF, 0xEA, 0x00, 0x81, 0xFF, 0xEA, 0x00, 0xBD, 0xFF, 0xFD, 0x01, 0x33,
    0xFF, 0xED, 0x01, 0x3F, 0xFF, 0xF8, 0x01, 0x8C, 0xFF, 0xF1, 0x01, 0xAF, 0xFF, 0xEB, 0x01, 0xE5,
    0xFF, 0xEA, 0x00, 0x01, 0x01, 0x8C, 0xFF, 0xC7, 0x00, 0x03, 0x01, 0x33, 0xFF, 0xE4, 0x01, 0x8C,
    0xFF, 0xCC, 0x01, 0xE5, 0x00, 0x00, 0x00, 0x11, 0x00, 0x01, 0xFF, 0xA3, 0x00, 0x71, 0xFF, 0xF8,
    0x00, 0x8B, 0xFF, 0xD4, 0x00, 0xA1, 0xFF, 0xD1, 0x00, 0xB7, 0xFF, 0xF4, 0x00, 0xD4, 0xFF, 0xD1,
    0x00, 0xF1, 0xFF, 0xE7, 0x00, 0xFD, 0xFF, 0xF0, 0x01, 0x03, 0xFF, 0xEE, 0x01, 0x0D, 0xFF, 0xED,
    0x01, 0x10, 0xFF, 0xD3, 0x01, 0x1A, 0xFF, 0xD1, 0x01, 0x25, 0xFF, 0xDE, 0x01, 0x7F, 0xFF, 0xE6,
    0x01, 0x8A, 0xFF, 0xE3, 0x01, 0x9B, 0xFF, 0x96, 0x01, 0x9C, 0xFF, 0x96, 0x00, 0x0B, 0x00, 0x21,
    0xFF, 0xED, 0x00, 0x50, 0xFF, 0xE9, 0x00, 0xAB, 0xFF, 0xEE, 0x00, 0xBA, 0x00, 0x1B, 0x00, 0xC1,
    0x00, 0x25, 0x00, 0xF5, 0xFF, 0xF7, 0x01, 0x9B, 0xFF, 0xFA, 0x01, 0xAF, 0xFF, 0xF5, 0x01, 0xC0,
    0xFF, 0xF7, 0x01, 0xC1, 0xFF, 0xF3, 0x01, 0xC2, 0xFF, 0xF2, 0x00, 0x02, 0x00, 0x50, 0xFF, 0xCD,
    0x01, 0x3F, 0xFF, 0xE1, 0x00, 0x10, 0x00, 0x21, 0xFF, 0xD1, 0x00, 0x50, 0xFF, 0xCD, 0x00, 0x8D,
    0xFF, 0xC8, 0x00, 0x90, 0xFF, 0xBC, 0x00, 0x91, 0xFF, 0xC5, 0x00, 0xA1, 0xFF, 0xAC, 0x00, 0xB9,
    0xFF, 0xE5, 0x00, 0xC1, 0x00, 0x16, 0x00, 0xD4, 0xFF, 0xAC, 0x00, 0xF5, 0xFF, 0xD7, 0x01, 0x12,
    0xFF, 0xC8, 0x01, 0x1A, 0xFF, 0xA8, 0x01, 0x3F, 0xFF, 0xE1, 0x01, 0xAF, 0xFF, 0xD7, 0x01, 0xC1,
    0xFF, 0xB4, 0x01, 0xE5, 0xFF, 0xBE, 0x00, 0x0B, 0x00, 0x21, 0xFF, 0xD3, 0x00, 0x50, 0xFF, 0xDA,
    0x00, 0xBA, 0x00, 0x25, 0x00, 0xBD, 0x00, 0x00, 0x00, 0xC1, 0x00, 0x25, 0x01, 0x32, 0xFF, 0xE3,
    0x01, 0x33, 0xFF, 0xDE, 0x01, 0x3F, 0xFF, 0xEF, 0x01, 0xAF, 0xFF, 0xDB, 0x01, 0xC1, 0xFF, 0xDB,
    0x01, 0xE5, 0xFF, 0xD7, 0x00, 0x07, 0x00, 0x50, 0xFF, 0xE7, 0x00, 0xB9, 0xFF, 0xF3, 0x00, 0xBD,
    0x00, 0x00, 0x00, 0xC1, 0x00, 0x2A, 0x01, 0xAF, 0xFF, 0xEE, 0x01, 0xC2, 0xFF, 0xD0, 0x01, 0xE5,
    0xFF, 0xD7, 0x00, 0x0E, 0x00, 0x50, 0xFF, 0xE0, 0x00, 0x8B, 0xFF, 0xC7, 0x00, 0xBD, 0x00, 0x00,
    0x00, 0xC1, 0x00, 0x1F, 0x00, 0xE4, 0xFF, 0xFA, 0x00, 0xE8, 0xFF, 0xDA, 0x01, 0x10, 0xFF, 0xC5,
    0x01, 0x1A, 0xFF, 0xC4, 0x01, 0x33, 0xFF, 0xF1, 0x01, 0x3F, 0xFF, 0xF0, 0x01, 0x9C, 0xFF, 0x96,
    0x01, 0xAF, 0xFF, 0xE9, 0x01, 0xC1, 0xFF, 0xCB, 0x01, 0xE5, 0xFF, 0xD2, 0x00, 0x01, 0x01, 0x0B,
    0x00, 0x00, 0x00, 0x01, 0x01, 0x0C, 0x00, 0x00, 0x00, 0x02, 0x00, 0x99, 0x00, 0x00, 0x01, 0x0B,
    0x00, 0x00, 0x00, 0x07, 0x00, 0x99, 0x00, 0x00, 0x00, 0x9B, 0x00, 0x00, 0x00, 0xA7, 0x00, 0x00,
    0x00, 0xAE, 0x00, 0x00, 0x00, 0xD7, 0x00, 0x00, 0x01, 0x0B, 0x00, 0x00, 0x01, 0x0C, 0x00, 0x00,
    0x00, 0x03, 0x00, 0x8D, 0xFF, 0xBB, 0x00, 0x8E, 0xFF, 0xBB, 0x00, 0xF8, 0xFF, 0xE5, 0x00, 0x05,
    0x00, 0x8D, 0xFF, 0xC1, 0x00, 0x8E, 0xFF, 0xC1, 0x00, 0xF8, 0xFF, 0xEF, 0x01, 0x12, 0xFF, 0xC1,
    0x01, 0x13, 0xFF, 0xC1, 0x00, 0x01, 0x00, 0xF5, 0xFF, 0xEA, 0x00, 0x32, 0x00, 0x21, 0xFF, 0xE8,
    0x00, 0x50, 0xFF, 0xDD, 0x00, 0x8D, 0xFF, 0xBB, 0x00, 0x8E, 0xFF, 0xBB, 0x00, 0x90, 0xFF, 0xB9,
    0x00, 0x91, 0xFF, 0xBC, 0x00, 0x93, 0xFF, 0xB5, 0x00, 0x99, 0xFF, 0xB5, 0x00, 0x9B, 0xFF, 0xB6,
    0x00, 0xA3, 0xFF, 0xB5, 0x00, 0xA4, 0xFF, 0xB6, 0x00, 0xA6, 0xFF, 0xA7, 0x00, 0xA7, 0xFF, 0xB5,
    0x00, 0xAE, 0xFF, 0xBA, 0x00, 0xB9, 0xFF, 0xF3, 0x00, 0xBA, 0x00, 0x15, 0x00, 0xBD, 0xFF, 0xF9,
    0x00, 0xC1, 0x00, 0x21, 0x00, 0xD7, 0xFF, 0xB4, 0x00, 0xD9, 0xFF, 0xB3, 0x00, 0xDB, 0xFF, 0xB5,
    0x00, 0xE3, 0xFF, 0xDA, 0x00, 0xE8, 0xFF, 0xC0, 0x00, 0xEA, 0xFF, 0xC8, 0x00, 0xF3, 0xFF, 0xE2,
    0x00, 0xF4, 0xFF, 0xE2, 0x00, 0xF5, 0xFF, 0xEA, 0x00, 0xF6, 0xFF, 0xD1, 0x00, 0xF7, 0xFF, 0xEA,
    0x00, 0xF8, 0xFF, 0xE5, 0x00, 0xFB, 0xFF, 0xEE, 0x01, 0x05, 0xFF, 0xEF, 0x01, 0x07, 0xFF, 0xDE,
    0x01, 0x0B, 0xFF, 0xF0, 0x01, 0x13, 0xFF, 0xBB, 0x01, 0x15, 0xFF, 0xB7, 0x01, 0x16, 0xFF, 0xBC,
    0x01, 0x18, 0xFF, 0xB5, 0x01, 0x1C, 0xFF, 0xB4, 0x01, 0x1D, 0xFF, 0xB6, 0x01, 0x1E, 0xFF, 0xBE,
    0x01, 0x20, 0xFF, 0xB3, 0x01, 0x21, 0xFF, 0xB7, 0x01, 0x23, 0xFF, 0xC8, 0x01, 0x2D, 0xFF, 0xEF,
    0x01, 0x3F, 0xFF, 0xF6, 0x01, 0x9C, 0xFF, 0x96, 0x01, 0xAF, 0xFF, 0xF0, 0x01, 0xC2, 0xFF, 0x8C,
    0x01, 0xE5, 0xFF, 0xD6, 0x00, 0x05, 0x00, 0x61, 0xFF, 0xD4, 0x00, 0x70, 0xFF, 0xDA, 0x01, 0x8E,
    0xFF, 0xC7, 0x01, 0xA2, 0xFF, 0xC5, 0x01, 0xE3, 0xFF, 0xDB, 0x00, 0x01, 0x00, 0xAD, 0x00, 0x04,
    0x00, 0x01, 0x00, 0xC0, 0x00, 0x05, 0x00, 0x03, 0x00, 0xC1, 0x00, 0x0D, 0x01, 0x32, 0xFF, 0xE9,
    0x01, 0x8C, 0xFF, 0xCE, 0x00, 0x04, 0x00, 0xAB, 0xFF, 0xF9, 0x01, 0x09, 0x00, 0x00, 0x01, 0x8C,
    0xFF, 0xDF, 0x01, 0xAF, 0xFF, 0xF7, 0x00, 0x06, 0x00, 0x55, 0x00, 0x06, 0x00, 0xAD, 0x00, 0x0D,
    0x00, 0xAE, 0x00, 0x0D, 0x00, 0xBB, 0x00, 0x0B, 0x00, 0xC3, 0x00, 0x08, 0x01, 0x8C, 0xFF, 0xC8,
    0x00, 0x05, 0x00, 0x36, 0xFF, 0xF4, 0x00, 0x50, 0xFF, 0xFA, 0x01, 0x8C, 0xFF, 0xBE, 0x01, 0x9C,
    0xFF, 0x96, 0x01, 0xAF, 0xFF, 0xF5, 0x00, 0x01, 0x00, 0xBD, 0x00, 0x00, 0x00, 0x04, 0x00, 0x50,
    0x00, 0x0C, 0x00, 0x61, 0xFF, 0xE5, 0x00, 0x62, 0xFF, 0xE5, 0x00, 0x77, 0xFF, 0xD3, 0x00, 0x03,
    0x00, 0xC1, 0x00, 0x0D, 0x01, 0x0B, 0x00, 0x00, 0x01, 0x8C, 0xFF, 0xC7, 0x00, 0x07, 0x00, 0x21,
    0x00, 0x08, 0x00, 0x36, 0x00, 0x00, 0x00, 0xBD, 0x00, 0x00, 0x00, 0xC1, 0x00, 0x21, 0x01, 0x33,
    0xFF, 0xF3, 0x01, 0x8C, 0xFF, 0xEF, 0x01, 0xE0, 0xFF, 0xF2, 0x00, 0x07, 0x00, 0x21, 0x00, 0x08,
    0x00, 0xBA, 0x00, 0x16, 0x00, 0xBD, 0x00, 0x00, 0x00, 0xC1, 0x00, 0x21, 0x01, 0x32, 0xFF, 0xF6,
    0x01, 0x33, 0xFF, 0xF3, 0x01, 0x8C, 0xFF, 0xEF, 0x00, 0x02, 0x01, 0x7F, 0xFF, 0xB2, 0x01, 0x91,
    0xFF, 0x86, 0x00, 0x03, 0x00, 0x48, 0xFF, 0xE1, 0x00, 0x61, 0xFF, 0xC0, 0x01, 0x99, 0xFF, 0xAE,
    0x00, 0x0A, 0x00, 0x21, 0xFF, 0xE4, 0x00, 0x36, 0xFF, 0xF6, 0x00, 0x50, 0xFF, 0xE7, 0x01, 0x32,
    0xFF, 0x4B, 0x01, 0x33, 0xFF, 0x4A, 0x01, 0x9B, 0xFF, 0xFC, 0x01, 0xAF, 0xFF, 0xEE, 0x01, 0xB8,
    0xFF, 0x78, 0x01, 0xBD, 0xFF, 0x9D, 0x01, 0xE5, 0xFF, 0xF1, 0x00, 0x0B, 0x00, 0x21, 0xFF, 0xC5,
    0x00, 0x50, 0xFF, 0xD3, 0x00, 0x77, 0xFF, 0xE1, 0x00, 0xDC, 0xFF, 0xD0, 0x00, 0xF1, 0xFF, 0xD1,
    0x01, 0x3F, 0xFF, 0xE4, 0x01, 0x8C, 0xFF, 0xF5, 0x01, 0xAF, 0xFF, 0xCE, 0x01, 0xC0, 0xFF, 0xDE,
    0x01, 0xC1, 0xFF, 0xD7, 0x01, 0xE5, 0xFF, 0xD0, 0x00, 0x0A, 0x00, 0x01, 0xFF, 0xE9, 0x00, 0x07,
    0xFF, 0xE9, 0x00, 0x38, 0xFF, 0xF1, 0x00, 0x3A, 0xFF, 0xF1, 0x00, 0x8B, 0xFF, 0xFB, 0x00, 0xC6,
    0x00, 0x14, 0x01, 0x7F, 0x00, 0x00, 0x01, 0x9B, 0xFF, 0xEA, 0x01, 0x9C, 0xFF, 0xEA, 0x01, 0xA8,
    0xFF, 0xE9, 0x00, 0x0A, 0x00, 0x30, 0x00, 0x0B, 0x00, 0x31, 0x00, 0x02, 0x00, 0x32, 0x00, 0x12,
    0x00, 0x34, 0x00, 0x07, 0x00, 0x35, 0x00, 0x12, 0x00, 0xBA, 0x00, 0x16, 0x00, 0xBD, 0x00, 0x00,
    0x00, 0xC0, 0x00, 0x00, 0x00, 0xC1, 0x00, 0x21, 0x01, 0x8A, 0xFF, 0xF8, 0x00, 0x05, 0x00, 0xBA,
    0x00, 0x16, 0x00, 0xBD, 0x00, 0x00, 0x00, 0xC0, 0x00, 0x00, 0x00, 0xC1, 0x00, 0x21, 0x01, 0x8C,
    0xFF, 0xED, 0x00, 0x0D, 0x00, 0x31, 0x00, 0x13, 0x00, 0x32, 0x00, 0x14, 0x00, 0x34, 0x00, 0x13,
    0x00, 0x37, 0x00, 0x14, 0x00, 0xB4, 0x00, 0x0F, 0x00, 0xB7, 0x00, 0x0D, 0x00, 0xBE, 0x00, 0x37,
    0x00, 0xC1, 0x00, 0x34, 0x00, 0xC7, 0x00, 0x0F, 0x01, 0x81, 0xFF, 0xE3, 0x01, 0x8A, 0x00, 0x27,
    0x01, 0x9B, 0xFF, 0xF5, 0x01, 0x9C, 0xFF, 0xF5, 0x00, 0x05, 0x00, 0x36, 0x00, 0x00, 0x00, 0xAD,
    0x00, 0x08, 0x00, 0xC0, 0x00, 0x06, 0x00, 0xC3, 0x00, 0x4B, 0x01, 0x26, 0x00, 0x4B, 0x00, 0x0E,
    0x00, 0x2F, 0x00, 0x00, 0x00, 0x30, 0x00, 0x13, 0x00, 0x35, 0x00, 0x13, 0x00, 0x3E, 0x00, 0x02,
    0x00, 0x96, 0x00, 0x0A, 0x00, 0xB4, 0x00, 0x0A, 0x00, 0xBF, 0x00, 0x40, 0x00, 0xC3, 0x00, 0x1E,
    0x00, 0xC7, 0x00, 0x0A, 0x00, 0xC9, 0x00, 0x0A, 0x01, 0x25, 0x00, 0x00, 0x01, 0x26, 0x00, 0x36,
    0x01, 0x8A, 0x00, 0x19, 0x01, 0x8E, 0x00, 0x19, 0x00, 0x02, 0x00, 0x21, 0x00, 0x08, 0x00, 0x33,
    0x00, 0x00, 0x00, 0x0B, 0x00, 0x31, 0x00, 0x12, 0x00, 0x32, 0x00, 0x14, 0x00, 0x34, 0x00, 0x12,
    0x00, 0x96, 0x00, 0x0B, 0x00, 0xBC, 0x00, 0x42, 0x00, 0xC7, 0x00, 0x0B, 0x00, 0xC9, 0x00, 0x0B,
    0x01, 0x7F, 0x00, 0x00, 0x01, 0x8A, 0x00, 0x1F, 0x01, 0x9B, 0xFF, 0xF5, 0x01, 0x9C, 0xFF, 0xF5,
    0x00, 0x08, 0x00, 0x31, 0x00, 0x05, 0x00, 0x96, 0x00, 0x07, 0x00, 0xB4, 0x00, 0x07, 0x00, 0xC7,
    0x00, 0x07, 0x00, 0xC9, 0x00, 0x07, 0x01, 0x26, 0x00, 0x31, 0x01, 0x8A, 0x00, 0x11, 0x01, 0x8E,
    0x00, 0x06, 0x00, 0x01, 0x00, 0x35, 0x00, 0x13, 0x00, 0x04, 0x00, 0x34, 0x00, 0x12, 0x00, 0x35,
    0x00, 0x12, 0x00, 0x96, 0x00, 0x00, 0x01, 0x8A, 0x00, 0x04, 0x00, 0x02, 0x01, 0x33, 0xFF, 0xF3,
    0x01, 0x8C, 0xFF, 0xEF, 0x00, 0x01, 0x00, 0xBD, 0xFF, 0xE5, 0x00, 0x06, 0x00, 0x21, 0x00, 0x08,
    0x00, 0xBA, 0x00, 0x16, 0x00, 0xBD, 0x00, 0x00, 0x00, 0xC1, 0x00, 0x21, 0x01, 0x8C, 0xFF, 0xEF,
    0x01, 0xE5, 0xFF, 0xFB, 0x00, 0x01, 0x00, 0x21, 0x00, 0x0E, 0x00, 0x07, 0x00, 0x21, 0x00, 0x0E,
    0x00, 0x36, 0x00, 0x09, 0x00, 0x50, 0x00, 0x0E, 0x00, 0xC1, 0x00, 0x13, 0x00, 0xC6, 0x00, 0x0D,
    0x01, 0x8C, 0xFF, 0xCA, 0x01, 0xC0, 0x00, 0x11, 0x00, 0x08, 0x00, 0x21, 0xFF, 0xE9, 0x00, 0x36,
    0xFF, 0xF2, 0x00, 0x50, 0xFF, 0xE5, 0x00, 0xBD, 0xFF, 0xED, 0x01, 0x32, 0xFF, 0xF3, 0x01, 0x33,
    0xFF, 0xF0, 0x01, 0x8C, 0xFF, 0xE7, 0x01, 0xAF, 0xFF, 0xE9, 0x00, 0x02, 0x00, 0x50, 0xFF, 0xEA,
    0x00, 0xBD, 0x00, 0x00, 0x00, 0x03, 0x00, 0x50, 0xFF, 0xEA, 0x00, 0xBD, 0x00, 0x00, 0x01, 0xE5,
    0xFF, 0xEA, 0x00, 0x07, 0x00, 0x50, 0xFF, 0xEA, 0x00, 0x65, 0x00, 0x00, 0x00, 0x81, 0xFF, 0xEA,
    0x00, 0xBD, 0xFF, 0xFD, 0x01, 0x33, 0xFF, 0xED, 0x01, 0x8C, 0xFF, 0xF1, 0x01, 0xAF, 0xFF, 0xEB,
    0x00, 0x01, 0x00, 0xC1, 0x00, 0x0C, 0x00, 0x03, 0x00, 0xC1, 0x00, 0x0C, 0x01, 0x32, 0xFF, 0xF1,
    0x01, 0x8C, 0xFF, 0xC7, 0x00, 0x03, 0x00, 0x48, 0x00, 0x00, 0x00, 0xC1, 0x00, 0x0A, 0x01, 0x8C,
    0xFF, 0xCA, 0x00, 0x02, 0x01, 0x33, 0xFF, 0xE4, 0x01, 0x8C, 0xFF, 0xCC, 0x00, 0x01, 0x00, 0x50,
    0xFF, 0xEA, 0x00, 0x01, 0x01, 0x32, 0xFF, 0xA5, 0x00, 0x01, 0x01, 0x84, 0x00, 0x03, 0x00, 0x01,
    0x00, 0x50, 0xFF, 0xE5, 0x00, 0x01, 0x00, 0xA0, 0xFF, 0xEC, 0x00, 0x0C, 0x00, 0x21, 0xFF, 0xE3,
    0x00, 0x50, 0xFF, 0xE5, 0x00, 0x81, 0xFF, 0xA3, 0x00, 0xA0, 0xFF, 0xE9, 0x01, 0x03, 0xFF, 0xC1,
    0x01, 0x32, 0xFF, 0xA5, 0x01, 0x33, 0xFF, 0xA3, 0x01, 0x3F, 0xFF, 0xF2, 0x01, 0xC1, 0xFF, 0xEE,
    0x01, 0xC2, 0xFF, 0xEC, 0x01, 0xE4, 0xFF, 0xDA, 0x01, 0xE5, 0xFF, 0xEA, 0x00, 0x01, 0x00, 0x02,
    0x00, 0x00, 0x00, 0x08, 0x00, 0x01, 0x00, 0xA8, 0x00, 0x04, 0x00, 0x00, 0x00, 0x4F, 0x04, 0x00,
    0x03, 0xFA, 0x03, 0xE8, 0x03, 0xE2, 0x03, 0xD8, 0x03, 0xD2, 0x03, 0xCC, 0x03, 0xB2, 0x03, 0xAC,
    0x03, 0xA6, 0x03, 0x98, 0x03, 0xAC, 0x03, 0x8E, 0x03, 0xD2, 0x03, 0x88, 0x03, 0xD2, 0x03, 0x76,
    0x03, 0x70, 0x03, 0x5E, 0x03, 0x58, 0x03, 0x4A, 0x03, 0x38, 0x03, 0x32, 0x03, 0x2C, 0x03, 0x26,
    0x03, 0x20, 0x03, 0x16, 0x02, 0xF8, 0x02, 0xF2, 0x02, 0xEC, 0x02, 0xE2, 0x02, 0xD8, 0x02, 0xD2,
    0x02, 0xC8, 0x02, 0xC8, 0x02, 0xC8, 0x02, 0xC8, 0x02, 0xC2, 0x02, 0xB8, 0x02, 0xB2, 0x02, 0xAC,
    0x02, 0x9E, 0x02, 0x90, 0x02, 0x7A, 0x02, 0x64, 0x02, 0x3A, 0x02, 0x2C, 0x02, 0x26, 0x02, 0x20,
    0x02, 0x0E, 0x02, 0x08, 0x02, 0x02, 0x01, 0xFC, 0x02, 0xAC, 0x01, 0xF2, 0x01, 0xE0, 0x02, 0xF2,
    0x01, 0xDA, 0x03, 0xFA, 0x01, 0xD4, 0x01, 0xCE, 0x01, 0xC8, 0x01, 0xC2, 0x01, 0xBC, 0x01, 0xB6,
    0x01, 0xB6, 0x01, 0xB0, 0x01, 0xAA, 0x01, 0x9C, 0x01, 0x92, 0x01, 0x8C, 0x01, 0x86, 0x01, 0x8C,
    0x01, 0x74, 0x01, 0x66, 0x01, 0x5C, 0x01, 0x56, 0x01, 0x50, 0x01, 0x4A, 0x00, 0x01, 0x00, 0x4F,
    0x00, 0x01, 0x00, 0x08, 0x00, 0x0D, 0x00, 0x17, 0x00, 0x2A, 0x00, 0x2D, 0x00, 0x2F, 0x00, 0x31,
    0x00, 0x32, 0x00, 0x33, 0x00, 0x35, 0x00, 0x37, 0x00, 0x38, 0x00, 0x39, 0x00, 0x3B, 0x00, 0x43,
    0x00, 0x48, 0x00, 0x60, 0x00, 0x61, 0x00, 0x64, 0x00, 0x65, 0x00, 0x70, 0x00, 0x76, 0x00, 0x77,
    0x00, 0x7D, 0x00, 0x7F, 0x00, 0x81, 0x00, 0x8B, 0x00, 0x92, 0x00, 0xAC, 0x00, 0xAD, 0x00, 0xB4,
    0x00, 0xB7, 0x00, 0xB9, 0x00, 0xBB, 0x00, 0xBC, 0x00, 0xBD, 0x00, 0xBE, 0x00, 0xBF, 0x00, 0xC0,
    0x00, 0xC7, 0x00, 0xC9, 0x00, 0xCE, 0x00, 0xCF, 0x00, 0xD4, 0x00, 0xDF, 0x00, 0xE2, 0x00, 0xE6,
    0x00, 0xE8, 0x00, 0xEC, 0x00, 0xED, 0x00, 0xF1, 0x01, 0x02, 0x01, 0x03, 0x01, 0x09, 0x01, 0x10,
    0x01, 0x17, 0x01, 0x25, 0x01, 0x29, 0x01, 0x2A, 0x01, 0x83, 0x01, 0x87, 0x01, 0x89, 0x01, 0x8D,
    0x01, 0x8F, 0x01, 0x90, 0x01, 0x91, 0x01, 0x92, 0x01, 0x94, 0x01, 0x95, 0x01, 0x96, 0x01, 0x97,
    0x01, 0x98, 0x01, 0x99, 0x01, 0x9A, 0x01, 0xA8, 0x01, 0xC2, 0x01, 0xC3, 0x01, 0xC6, 0x00, 0x01,
    0x00, 0xB7, 0xFF, 0xEA, 0x00, 0x01, 0x00, 0x01, 0xFF, 0xC2, 0x00, 0x01, 0x01, 0x25, 0xFF, 0xE0,
    0x00, 0x02, 0x00, 0x50, 0xFF, 0xE2, 0x00, 0xB9, 0xFF, 0xEE, 0x00, 0x03, 0x00, 0x31, 0x00, 0x00,
    0x00, 0x37, 0x00, 0x00, 0x00, 0xBC, 0x00, 0x23, 0x00, 0x04, 0x00, 0x31, 0x00, 0x00, 0x00, 0x32,
    0x00, 0x00, 0x00, 0x35, 0x00, 0x00, 0x00, 0xBC, 0x00, 0x23, 0x00, 0x01, 0x00, 0xCD, 0xFF, 0xC9,
    0x00, 0x01, 0x00, 0x41, 0xFF, 0xF1, 0x00, 0x02, 0x00, 0xC6, 0xFF, 0xF2, 0x00, 0xCD, 0xFF, 0xC9,
    0x00, 0x03, 0x00, 0x31, 0x00, 0x00, 0x00, 0x32, 0x00, 0x00, 0x00, 0xBC, 0x00, 0x23, 0x00, 0x01,
    0x00, 0x31, 0x00, 0x00, 0x00, 0x01, 0x00, 0x35, 0x00, 0x00, 0x00, 0x01, 0x00, 0x41, 0xFF, 0xC1,
    0x00, 0x01, 0x00, 0x30, 0x00, 0x00, 0x00, 0x01, 0x00, 0x33, 0x00, 0x00, 0x00, 0x01, 0x00, 0xE4,
    0xFF, 0xEB, 0x00, 0x01, 0x00, 0x31, 0x00, 0x03, 0x00, 0x01, 0x01, 0x88, 0xFF, 0xDF, 0x00, 0x01,
    0x01, 0x84, 0xFF, 0xF6, 0x00, 0x04, 0x00, 0x96, 0xFF, 0xFE, 0x00, 0xC7, 0xFF, 0xFE, 0x00, 0xC9,
    0xFF, 0xFE, 0x01, 0x7F, 0x00, 0x00, 0x00, 0x02, 0x00, 0xFD, 0x00, 0x00, 0x01, 0x09, 0x00, 0x00,
    0x00, 0x01, 0x00, 0xED, 0x00, 0x00, 0x00, 0x01, 0x01, 0x32, 0xFF, 0xEF, 0x00, 0x01, 0x01, 0x02,
    0x00, 0x00, 0x00, 0x04, 0x01, 0x7F, 0xFF, 0xFA, 0x01, 0x9B, 0xFF, 0xEB, 0x01, 0x9C, 0xFF, 0xEB,
    0x01, 0x9E, 0xFF, 0xF0, 0x00, 0x01, 0x00, 0x36, 0x00, 0x06, 0x00, 0x01, 0x00, 0xE6, 0x00, 0x00,
    0x00, 0x03, 0x00, 0xAC, 0x00, 0x00, 0x00, 0xBD, 0x00, 0x00, 0x00, 0xFC, 0x00, 0x00, 0x00, 0x0A,
    0x00, 0xB4, 0x00, 0x00, 0x00, 0xB9, 0x00, 0x00, 0x00, 0xBD, 0x00, 0x00, 0x00, 0xBE, 0x00, 0x00,
    0x00, 0xBF, 0x00, 0x00, 0x00, 0xC7, 0x00, 0x00, 0x00, 0xC9, 0x00, 0x00, 0x00, 0xCA, 0x00, 0x00,
    0x00, 0xCB, 0x00, 0x00, 0x00, 0xD4, 0x00, 0x00, 0x00, 0x05, 0x00, 0x8B, 0x00, 0x00, 0x00, 0xCF,
    0x00, 0x00, 0x00, 0xD4, 0x00, 0x00, 0x00, 0xDF, 0x00, 0x00, 0x01, 0x7F, 0x00, 0x00, 0x00, 0x05,
    0x00, 0xB4, 0x00, 0x00, 0x00, 0xB9, 0xFF, 0xFE, 0x00, 0xBD, 0xFF, 0xFE, 0x00, 0xCF, 0x00, 0x00,
    0x00, 0xD4, 0x00, 0x00, 0x00, 0x03, 0x00, 0xB9, 0xFF, 0xFE, 0x00, 0xBD, 0xFF, 0xFE, 0x01, 0x33,
    0xFF, 0xE5, 0x00, 0x03, 0x00, 0xAD, 0x00, 0x00, 0x00, 0xC9, 0x00, 0x00, 0x00, 0xE1, 0x00, 0x00,
    0x00, 0x01, 0x00, 0xFD, 0x00, 0x00, 0x00, 0x01, 0x00, 0xDF, 0x00, 0x03, 0x00, 0x02, 0x00, 0x0D,
    0x00, 0x0F, 0x00, 0x23, 0x00, 0x0F, 0x00, 0x01, 0x00, 0xAD, 0x00, 0x00, 0x00, 0x02, 0x00, 0xAD,
    0x00, 0x00, 0x00, 0xE1, 0x00, 0x00, 0x00, 0x01, 0x00, 0xB7, 0x00, 0x00, 0x00, 0x02, 0x00, 0x2A,
    0x00, 0x00, 0x00, 0xB4, 0x00, 0x00, 0x00, 0x02, 0x00, 0xDF, 0x00, 0x02, 0x00, 0xED, 0x00, 0x00,
    0x00, 0x01, 0x00, 0xAC, 0x00, 0x00, 0x00, 0x01, 0x01, 0x88, 0xFF, 0xFA, 0x00, 0x07, 0x00, 0x96,
    0xFF, 0xFE, 0x00, 0xB4, 0xFF, 0xFE, 0x00, 0xB9, 0xFF, 0xFE, 0x00, 0xBD, 0xFF, 0xFE, 0x00, 0xC7,
    0xFF, 0xFE, 0x00, 0xC9, 0xFF, 0xFE, 0x01, 0x02, 0x00, 0x00, 0x00, 0x02, 0x00, 0x48, 0xFF, 0xE7,
    0x00, 0x77, 0xFF, 0xF4, 0x00, 0x01, 0x00, 0xD1, 0x00, 0x00, 0x00, 0x01, 0x00, 0xE4, 0x00, 0x00,
    0x00, 0x01, 0x00, 0x36, 0xFF, 0xF6, 0x00, 0x01, 0x00, 0x76, 0x00, 0x00, 0x00, 0x04, 0x00, 0x21,
    0xFF, 0xE4, 0x00, 0x70, 0x00, 0x00, 0x00, 0xB9, 0xFF, 0xF0, 0x00, 0xBA, 0x00, 0x1B, 0x00, 0x03,
    0x00, 0x61, 0x00, 0x00, 0x00, 0xC6, 0x00, 0x19, 0x01, 0x8C, 0xFF, 0xE6, 0x00, 0x01, 0x01, 0x12,
    0xFF, 0xBB, 0x00, 0x04, 0x00, 0x61, 0x00, 0x00, 0x00, 0xB4, 0x00, 0x00, 0x00, 0xE4, 0xFF, 0xED,
    0x01, 0x12, 0xFF, 0xBB, 0x00, 0x01, 0x00, 0xCF, 0xFF, 0xF9, 0x00, 0x04, 0x00, 0x2A, 0x00, 0x00,
    0x00, 0x48, 0x00, 0x00, 0x00, 0x81, 0xFF, 0xE7, 0x00, 0xD4, 0x00, 0x00, 0x00, 0x01, 0x00, 0xC1,
    0x00, 0x0B, 0x00, 0x02, 0x00, 0xC6, 0x00, 0x14, 0x00, 0xF1, 0x00, 0x00, 0x00, 0x03, 0x01, 0x92,
    0x00, 0x00, 0x01, 0x99, 0x00, 0x00, 0x01, 0x9A, 0x00, 0x00, 0x00, 0x01, 0x01, 0x8A, 0x00, 0x00,
    0x00, 0x01, 0x00, 0x77, 0xFF, 0xF6, 0x00, 0x06, 0x00, 0xB7, 0x00, 0x07, 0x01, 0x25, 0x00, 0x00,
    0x01, 0x92, 0x00, 0x00, 0x01, 0x94, 0x00, 0x00, 0x01, 0x99, 0x00, 0x00, 0x01, 0x9A, 0x00, 0x00,
    0x00, 0x01, 0x00, 0x37, 0x00, 0x12, 0x00, 0x01, 0x00, 0xC6, 0x00, 0x14, 0x00, 0x02, 0x00, 0x2A,
    0x00, 0x00, 0x00, 0xC6, 0x00, 0x14, 0x00, 0x01, 0x00, 0x71, 0x00, 0x00, 0x00, 0x04, 0x00, 0xBD,
    0x00, 0x00, 0x00, 0xD4, 0x00, 0x00, 0x01, 0x33, 0xFF, 0xF4, 0x01, 0x7F, 0x00, 0x00, 0x00, 0x01,
    0x01, 0x88, 0x00, 0x00, 0x00, 0x04, 0x00, 0x2A, 0x00, 0x00, 0x00, 0x38, 0x00, 0x00, 0x00, 0x7D,
    0x00, 0x00, 0x01, 0xAF, 0xFF, 0xE3, 0x00, 0x00,
};

extern const size_t stack_sans_font_size = sizeof(stack_sans_font) / sizeof(stack_sans_font[0]);
